draft	milestone	type	size	title	covers	justification	assigned
ABI-@bench-entry-overhead	V0	benchmark	S	Publish native entry/return cost per mechanism against Linux syscall and io_uring	GAP-0500	Synthesis freeze discipline requires every L1 decision to cite a benchmark report; V0 benchmark gates are publish-only, so the harness runs in CI and publishes numbers without a target.	ABI-001
ABI-@build-abi-definition-generators	V0.5	build	M	Generate the C header, snapshot, docs and fuzz descriptions from the ABI definition	INV-0945	BLD's syzkaller adaptation (GAP-0127/0548, V0.5) and DOC's IDL-to-docs (V1) both need a single machine-readable Layer 1 definition; ABI owns that source of truth.	ABI-023
ABI-@build-computedevice-reservation	V1	build	M	Reserve the ComputeDevice object type and Operation slots in the Layer 1 ABI	INV-0701	§65 rule 8 and INV-0701: the shape must exist before freeze candidates are named so V2 ComputeDevice dispatch (HET) needs no ABI break; depends on HET's V0 enumeration adr.	ABI-032
ABI-@build-conformance-run-1-0	1.0	build	S	Run reference, conformance and compatibility suites on the 1.0 candidate and publish		1.0 exit: ABI reference, conformance suite and compatibility suite pass; compatibility-proof demo of a V4-built native application running unmodified on 1.0.	ABI-052
ABI-@build-conformance-suite-v0	V0.5	build	M	Build the ABI conformance suite with one test per prototyped Layer 1 entry point	INV-0147,GAP-0501	BLD's INV-1282 runs an ABI conformance suite in CI; ABI owns its content. Needed before the first ABI revision so v0-to-v0.1 compatibility is proven, not assumed.	ABI-024
ABI-@build-conformance-suite-v1	V1	build	M	Extend the conformance suite to every entry point plus cross-version binary runs	GAP-0501,INV-0147	V1 SDK compatibility test suite gate needs Layer 1 coverage: binaries built against v0.x run on v1 and vice versa where promised.	ABI-033
ABI-@build-deprecated-use-detector	V2	build	M	Build tooling that detects use of deprecated ABI entry points and interfaces in Packages	GAP-0347	The deprecation process is unenforceable without detection at build and install; runs in SDK build and PKG install paths from V2.	ABI-043
ABI-@build-dual-execution-worlds	V0.5	build	L	Select Native ABI or Linux ABI execution world per Component or process at entry	INV-0142	Phase B dual personality is needed once the Wayland bridge runs Linux GUI apps beside native apps (V0.5 gate); the world tag lives in the entry layer.	ABI-025
ABI-@build-dual-implementation-conformance	V2	build	M	Run the conformance suite against wrapper and native implementations during Phase C	INV-0147	Phase C replaces Linux wrappers with native code under a stable ABI; the suite must pass on both implementations for every migrated primitive.	ABI-044
ABI-@build-entry-layer	V0	build	L	Implement the native ABI entry layer in the Linux-derived kernel	INV-1321	Every V0 primitive test reaches the kernel through this layer; implements the chosen entry mechanism and dispatch; Linux syscall path left untouched for the L0 corpus gate.	ABI-002
ABI-@build-firewall-lint	V0	build	S	Add build and lint rules forbidding native crates from linking Linux personality or libc	INV-0867,INV-0010,INV-0011,INV-1121,INV-1123,INV-0272,INV-1130	Enforces the §3 compatibility firewall and the §57 non-goals (no POSIX, no Linux syscalls, no Wasm as native ABI) as a lint that runs on every native crate from V0.	ABI-003
ABI-@build-freeze-candidate-review	V1	build	M	Review every Layer 1 entry point and mark freeze candidates in the surfaces register	INV-1278,INV-1268	Ladder: L1 freeze candidates at V1 with SDK v1; each candidate must cite its spike, adr and benchmark report per the synthesis freeze discipline.	ABI-034
ABI-@build-l1-compatibility-suite	V4	build	M	Build the golden binary compatibility suite proving RC1 binaries run on every beta build	GAP-0501	V4 exit: a compatibility suite proves binaries built against the freeze candidate run on every subsequent beta build; also the V4 compatibility demo.	ABI-047
ABI-@build-l1-evolution-test	V0.5	build	M	Exercise Layer 1 evolution: add an Operation, keep the v0 binary running, retain the test	INV-1274,INV-0147	Mirrors the V0.5 UI-protocol v0-to-v0.1 exit criterion at Layer 1 so negotiation is proven against a real change before freeze candidates are named at V1.	ABI-026
ABI-@build-negotiation-handshake	V0	build	M	Implement the Layer 1 version handshake and its forward/backward compatibility test	INV-1274,INV-0147	Critique #12: the V0 negotiation test must be a Layer 1 handshake test, not only an IDL message test; the test is retained permanently as the first ABI conformance case.	ABI-004
ABI-@build-object-registry	V0	build	L	Implement the Object<T> typed registry with type identifier checked on every Operation	INV-0049,INV-0158	V0 exit: forged handle and wrong-type operations fail with a typed error; depends on decide-handle-encoding and decide-object-residency.	ABI-005
ABI-@build-remove-deprecated-entry-points	V4	build	M	Remove deprecated Layer 1 entry points before the freeze candidate		V4 scope: 'Layer 1 ABI freeze candidate: final review, removal of deprecated entry points'; follows the V2 deprecation process and detector results.	ABI-048
ABI-@build-review-gate	V0	build	M	Institute the ABI review gate checklist enforcing the §65 rules on every L1 change	INV-0081,INV-0103,INV-0034,INV-0003,INV-1277,INV-1275,INV-0708,INV-0702,INV-0198,INV-1276,INV-1305,INV-1283,INV-1268	Critique: constraints become one review-gate task, not a task per rule; the checklist rejects POSIX/Linux/Windows-justified interfaces, flags x86-64 and page-table assumptions, blocks exposed kernel internals and requires a deprecation and shim plan per L1 change.	ABI-006
ABI-@build-snapshot-check	V0.5	build	M	Add CI golden ABI snapshot diff that fails unless the change links an accepted ADR	GAP-0099,INV-1268	Makes accidental Layer 1 changes mechanically impossible from the first prototype; snapshot is generated from a machine-readable ABI definition covering entry points, object types and message layouts.	ABI-027
ABI-@build-stability-layer-lint	V0.5	build	M	Classify public symbols into stability layers and enforce policy in CI	INV-1289	Classifying every public symbol into L1–L4 and enforcing the layer policy is ABI surfaces-register work. build-firewall-lint rejects POSIX names; decide-layer1-scope enumerates L1 versus L2; neither is the classifier. BLD only runs the resulting check. V0.5 with the first immutable packages, not V0.	ABI-028
ABI-@build-syscall-filter-native	V1	build	M	Enforce that native Components cannot invoke Linux syscalls, with a filter test	INV-0143	Phase B verification: once the personality is a product at V1, native components must be shown to run with the Linux syscall world closed; test retained in CI.	ABI-035
ABI-@classify-stability-layers	V1	build	M	Classify every public symbol into a stability layer	INV-1289,INV-1130	Surfaces register plus a lint that rejects POSIX-shaped names, Linux syscall numbers and Wayland objects on native surfaces unless an accepted Decision exempts them.	ABI-036
ABI-@decide-abi-stable-1x	1.0	adr	S	Decide the 1.x stability declaration superseding the freeze ADR with 'stable for 1.x'		1.0 exit: the ABI freeze ADR is amended to 'stable for 1.x' and a public policy states Layer 1 changes require a major version; decisions are immutable so this is a superseding adr.	ABI-053
ABI-@decide-binding-substrate	V0	adr	S	Decide the binding substrate: C-compatible ABI header plus IDL-generated language stubs	INV-0945,INV-0944	Language neutrality (§50) must be fixed before the Rust runtime and C header are built; options include header-only, IDL-only and Rust-native ABI.	ABI-007
ABI-@decide-deprecation-process	V2	adr	S	Decide the Layer 1 and platform deprecation process: announcement, overlap, detection	GAP-0347	Store client and third-party packages arrive at V2, so retiring an entry point needs an agreed process before the V4 removal of deprecated entry points.	ABI-045
ABI-@decide-entry-mechanism	V0	adr	S	Decide the native ABI entry mechanism and the maximum count of kernel entry points	GAP-0500,INV-1269,INV-1279	V0 exit requires accepted ADRs for every architectural choice; bounds the L1 surface per §65 rule 1. Depends on spike-entry-mechanism and bench-entry-overhead. Surface state prototyped, not frozen.	ABI-008
ABI-@decide-failure-encoding	V0	adr	S	Decide the Operation result error model: typed enum per kind or uniform error object	INV-0375,INV-1279	V0 exit requires typed errors for forged handles, denied derivation and Timeout; the error model is one of the five ABI-shape decisions split out of INV-1279 per the critique's hub-splitting advice.	ABI-009
ABI-@decide-handle-encoding	V0	adr	M	Decide Capability handle representation: dense index, sparse id or sealed value	INV-0186,INV-1271,INV-1276,INV-1279	V0 exit names handle representation as a required ADR; options must record CHERI/tagged-memory implications per §8. Takes CAP's GAP-0483 prototype as its spike input. Surface prototyped in V0.	ABI-010
ABI-@decide-header-license-exception	V0.5	adr	S	Decide whether ABI headers carry a syscall-note-style exception for native programs	GAP-0003	Must be accepted alongside SDK's V0.5 licence adr (GAP-0006) before the first third-party native application is built against the header; GOV's licence firewall (GAP-0004) is the input.	ABI-029
ABI-@decide-layer1-freeze	V4	adr	M	Decide the Layer 1 freeze: accept the freeze ADR over the reviewed candidate set	INV-1278,INV-1268	V4 exit: 'the freeze ADR is accepted'; critique forbids any L1 freeze before V4; options include freezing the full candidate set, a reduced core, or deferring to 1.0.	ABI-049
ABI-@decide-layer1-scope	V0	adr	M	Decide Layer 1 scope: enumerate L1 primitives and place every concept in L1 or L2	INV-1284,INV-1290	V0 scope requires a stability-layer declaration; answers the L1-vs-L2 question (compositor protocol, package format, ResourceDomain policy) so downstream workstreams know which surfaces are L1.	ABI-011
ABI-@decide-layer2-stability-timing	V1	adr	S	Decide whether Layer 2 interface stability applies at V1 or only at 1.0	GAP-0545	SDK v1 and IPC's frozen L2 evolution rules at V1 need this answered so developers know which interfaces may still break before 1.0.	ABI-037
ABI-@decide-object-dispatch	V0	adr	M	Decide object-operation dispatch with async-only submission and move semantics	INV-1279,INV-1272,INV-1273	Fixes how Operations are invoked on typed handles, that no blocking entry exists other than wait-for-completion (rule 4) and how Capability and MemoryObject arguments move (rule 5); depends on the entry, handle and error adrs.	ABI-012
ABI-@decide-object-residency	V0	adr	M	Decide which Object<T> types live in the kernel and the kernel-residency criteria	INV-0172,INV-1270	Fixes §65 rule 2 (high-level semantics in user services) as a written criterion so V0 object types are placed deliberately; depends on spike-zircon-object-model.	ABI-013
ABI-@decide-operation-kind-set	V0	adr	S	Decide whether the Operation kind set is a closed kernel enum or extensible registry	INV-0357	Operation submission is a V0 exit criterion; the kind set's extensibility rule is an ABI stability property that must precede the entry layer build.	ABI-014
ABI-@decide-operation-reference	V0	adr	S	Decide how user space identifies an Operation: Capability, ring index or opaque handle	INV-0373	V0 cancellation and deadline exit criteria need a stable way to reference in-flight Operations; coordinated with TSK's completion-delivery adr.	ABI-015
ABI-@decide-version-negotiation	V0	adr	S	Decide the Layer 1 version identification and feature-negotiation scheme	INV-1274,INV-1279	§65 rule 6 requires versioning from V0 and critique contradiction #12 requires a Layer 1 handshake test at V0; this adr defines what the handshake negotiates.	ABI-016
ABI-@docs-abi-specification-v0	V0	docs	L	Write the normative, versioned native ABI specification v0 defining every entry point	INV-1280,INV-1269	V0 scope 'Native ABI v0 ... stability-layer declaration'; the spec enumerates and bounds the surface and records every surface as prototyped.	ABI-017
ABI-@docs-abi-specification-v1	V1	docs	M	Revise the ABI specification to v1 with freeze-candidate marking and full semantics	INV-1280,INV-1269	SDK v1 and DOC's IDL-to-docs generation at V1 need a complete normative spec; the entry-point bound from decide-entry-mechanism is re-verified here.	ABI-038
ABI-@docs-abi-stability-statement-draft	V4	docs	S	Draft the ABI stability statement for RFC review		V4 exit: support policy documents including the ABI stability statement drafted, reviewed via RFC, and accepted.	ABI-050
ABI-@docs-change-control-process	V0.5	docs	M	Publish Layer 1 change control: mandatory RFC, compatibility review, per-milestone policy	GAP-0058,INV-1278,INV-1283	Heightened change control is needed once the ABI has consumers beyond the V0 demo (four V0.5 apps); complements the mechanical snapshot check with the formal evolution process of §65 rule 10.	ABI-030
ABI-@docs-deprecation-policy-per-layer	V1	docs	S	Publish the deprecation policy per stability layer with notice periods and overlap	GAP-0059	V1 exit requires an accepted SDK stability policy; the per-layer policy is its Layer 1 and Layer 2 half and refines GOV's INV-1288 with concrete windows.	ABI-039
ABI-@docs-fossilization-review	1.0	docs	M	Review ABI, MemoryObject, ComputeDevice and Capability shapes against future hardware	INV-1338,INV-1305,INV-1276	§70 defining constraint: the 1.0 gate includes a fossilization review against CXL, CHERI, NPU and disaggregated-memory scenarios; findings feed the 2.0 RFC.	ABI-054
ABI-@docs-freeze-gate-definition	V1	docs	M	Define the Layer 1 freeze gate: compat suite, fuzz corpus, semantics, add-vs-change policy	GAP-0501,INV-1278	Freeze candidates are named at V1; without a written gate the V4 freeze and the V1 'stable SDK' claim have no verifiable meaning.	ABI-040
ABI-@docs-l1-reference-complete	V3	docs	L	Complete the Layer 1 reference: documented semantics for 100% of entry points	GAP-0501,INV-1280	V3 exit: 100% of Layer 1 entry points have reference pages; ABI authors the normative semantics, DOC generates and publishes.	ABI-046
ABI-@docs-personality-object-mapping	V1	docs	M	Map every Linux and Windows personality object onto its native Object<T> terminus	INV-0107	Tracks the §4 invariant that all three application paths end in native kernel objects as Phase C translation begins; reviewed with LNX and WIN at each milestone.	ABI-041
ABI-@reject-posix-shaped-native	V0	build	S	Lint native surfaces against POSIX-shaped names and Linux syscall numbers	INV-1130	§57/§65: native ABI entries must not exist because POSIX or Linux has an equivalent. ABI lint; BLD would only execute it.	ABI-018
ABI-@spike-entry-mechanism	V0	spike	M	Prototype syscall-per-Operation, shared submission page and vDSO trampoline entry	GAP-0500	Critique freeze-before-spike rule: the entry-mechanism decision needs a prototype of each option before the adr; produces the three prototypes measured by bench-entry-overhead.	ABI-019
ABI-@spike-memory-safe-architectures	V1	spike	M	Catalogue ABI assumptions that break on CHERI, tagged memory and future architectures	INV-0195	Must precede freeze-candidate review so each candidate carries its escape-hatch analysis; complements CAP's CHERI emulator validation (GAP-0487).	ABI-042
ABI-@spike-nt-object-manager	V0.5	spike	M	Study NT object manager, handles, access masks and I/O request packets	INV-1137	Critique moves non-V0-gating research studies to V0.5; informs the DeviceOperation shape and the WIN personality bring-up planned non-gated at V1.	ABI-031
ABI-@spike-zircon-object-model	V0	spike	M	Study Zircon handles, rights, VMOs, channels, FIDL and component framework	INV-1133	Critique keeps the Zircon/Fuchsia study among the six V0 research spikes that inform L1 surfaces; report feeds decide-handle-encoding, decide-object-residency and decide-object-dispatch.	ABI-022
ACC-@action-dispatch	V1	build	M	Route accessibility actions from AT clients to widgets through the tree	INV-0766,INV-0802	Implements activate, focus, set-value, scroll, expand/collapse and custom actions on tree nodes per the one-tree adr, with round-trip tests; needed before any AT client (V2 screen reader) can act.	ACC-006
ACC-@at-capability-broker	V2	build	M	Implement the Capability<AccessibilityTree> broker with secure-field redaction	GAP-0262	Implements the V1 adr: grant issuance via consent, per-app scoping, revocation through SEC's Permissions UI v1, and tree filtering that redacts secure nodes for AT without an elevated grant; tests prove a non-elevated AT cannot read a password field.	ACC-016
ACC-@at-task-script-50	V4	build	M	Extend the assistive-technology script to 50 tasks across shell and every native app	GAP-0266,GAP-0263	Verifies the V4 gate: 50-task script completes 100% with the screen reader across shell, settings and every shipped native application; also runs under magnifier and high contrast.	ACC-031
ACC-@at-task-script-v1	V2	build	S	Write the assistive-technology task script for the four apps and shell settings	GAP-0263	Verifies the V2 gate 'task completion script passes 100%' using the tree test driver plus speech capture; seeds the V4 50-task script.	ACC-017
ACC-@at-user-study	V4	docs	S	Run and report an assistive-technology user study on daily tasks		V4 demo 'an assistive-technology user completes daily tasks across the shell and native apps'; a moderated study with blind and low-vision participants produces a report feeding the RC fix list and the 1.0 evidence dossier.	ACC-032
ACC-@atspi2-bridge	V3	build	L	Bridge AT-SPI2 trees of Linux-personality applications into the native tree	GAP-0265,INV-0929	Screen reader reads and activates L2/L3 corpus GUI apps through an AT-SPI2 consumer contained in the Linux personality (D-Bus stays inside LNX's bridge); includes AT-SPI2 export of the native tree if decide-at-protocol chose 'both'. §49 requires compat apps to integrate with accessibility.	ACC-026
ACC-@bench-at-event-latency	V2	benchmark	S	Benchmark focus-change to speech-onset and tree update latency		BEN's anti-fake-claim policy requires any responsiveness statement about the screen reader to live in the register with a method; harness measures focus change to AT notification and to first audio, published beside Orca on Linux on the same hardware, no target claimed.	ACC-018
ACC-@braille-output	V3	build	M	Add braille display output with BRLTTY-equivalent drivers to the screen reader	GAP-0263	Braille mode of the screen reader over USB/Bluetooth braille displays; V2 gate needs speech only, so braille lands at V3 to derisk the V4 gate and allow LAB to procure a braille display.	ACC-027
ACC-@compat-a11y-scoring	V4	build	S	Add accessibility scoring to L5 and W3 corpus integration checks	INV-0929,GAP-0265	The 1.0 compatibility gate requires 'accessibility where the toolkit exposes it' for every passing Linux and Windows entry; adds a screen-reader read-and-activate check to LNX/WIN scenario scoring using the bridges.	ACC-033
ACC-@conformance-audit	V4	build	M	Audit shell, installer, greeter, lock screen and every native app against the checklist	GAP-0266,GAP-0264	Runs the V3 checklist over every first-party surface, tracks fixes to closure, and verifies keyboard-only operation of the entire shell and high-contrast rendering across shell and apps as the V4 exit requires.	ACC-034
ACC-@conformance-checklist-eaa	V3	docs	S	Author the EN 301 549 / WCAG 2.2 AA checklist and assess EU Accessibility Act duties	GAP-0266,GAP-0077	Defines the checklist every first-party surface is audited against and, with GOV, maps the EU Accessibility Act obligations for operating systems to the conformity evidence 1.0 must publish. V3 scopes out conformance claims, so this is the internal instrument, not a claim.	ACC-028
ACC-@conformity-evidence	1.0	docs	S	Publish the accessibility conformity evidence and hold V4 gates on the release build	GAP-0077,GAP-0266	1.0 exit requires the V4 accessibility gates to hold on the release build and GAP-0077 requires conformity evidence at 1.0: re-run the 50-task script and keyboard-only verification, then publish the EN 301 549 conformance report and EU Accessibility Act evidence with GOV.	ACC-036
ACC-@decide-at-access-capability	V1	adr	S	Decide assistive-technology access as Capability<AccessibilityTree> with redaction	GAP-0262	Decides one thing: AT reach the tree only through a consent-scoped Capability, with password/secure fields redacted unless an elevated grant is held. Options: per-app grants; session-wide grant with secure-field redaction; ambient bus (rejected per §9). Includes the AT keylogging/screen-scraping threat analysis as an addendum to SEC's threat model. Must precede the V2 broker and screen reader.	ACC-007
ACC-@decide-at-protocol	V0.5	adr	S	Decide the assistive-technology protocol: AT-SPI compatible, native, or both	GAP-0554,EXTRA-065	Decides one thing: how AT clients reach the tree (native typed Channel only, AT-SPI2 export, or both). Options enumerated per GAP-0554. Separate from the schema decision; must land before the V1 UI protocol freeze candidates and drives the V3 bridge design.	ACC-001
ACC-@decide-one-tree-or-two	V1	adr	S	Decide whether semantic actions and accessibility actions share one tree	INV-0802,INV-0766	Answers the §42 question with options: single tree with actions typed by the semantic registry; two trees with a consistency contract; a11y tree as a projection of the semantic tree. Must precede action-dispatch and the V1 L2 freeze candidates; needs SEM's V1 registry design as input.	ACC-008
ACC-@decide-tree-schema	V0.5	adr	S	Decide the accessibility tree model shared by the toolkit and semantic interfaces	GAP-0261,EXTRA-065	Decides one thing: the tree contract (roles, states, properties, actions, live regions, text ranges) and whether AccessKit is the schema. Options: adopt AccessKit; native schema with AccessKit export; native only. Critique ordering fix requires acceptance before the UI protocol L2 freeze; V0.5 emission gate depends on it.	ACC-002
ACC-@decide-tts-engine	V1	adr	S	Decide the text-to-speech engine for the native screen reader	GAP-0263	Decides one thing: the speech engine (options: espeak-ng, Piper, vendor voices, pluggable with a default). Scheduled at V1 so the V2 speech service can be built on it; GOV licence policy is an input.	ACC-009
ACC-@developer-guidelines	V1	docs	S	Publish accessibility guidelines for native application developers		SDK v1 ships at V1; developers need labelling, role, focus, contrast and reduced-motion guidance so third-party apps meet the V3 checklist. Content owned by ACC, published through DOC's pipeline.	ACC-010
ACC-@focus-navigation-contract	V1	build	M	Define and implement the focus order and keyboard traversal contract		Required by the V4 gate 'keyboard-only operation of the entire shell verified' and the V2 screen reader prototype, which tracks focus; focus order is derived from the tree, focus-visible indication is mandatory, and traversal rules are testable. ACC scope: keyboard-only.	ACC-011
ACC-@input-accommodations	V2	build	M	Add sticky, slow and bounce keys, mouse keys and dwell click to input routing	GAP-0264	Keyboard and pointer accommodations implemented in UIP's input routing layer under ACC's settings so they apply to native, Linux and Windows windows alike; required by the V3 checklist and V4 script.	ACC-019
ACC-@inspect-tree-dump	V0.5	build	S	Add os inspect accessibility tree dump and the four-app tree dump test	EXTRA-065,INV-0765	Verifies the V0.5 gate: role/name/state for every widget inspectable via os inspect, with a CI tree-dump test on Terminal, File Browser, Text Editor and Image Viewer.	ACC-003
ACC-@installer-screen-reader	V3	build	M	Make installer, greeter, lock screen and recovery operable by the screen reader	GAP-0266	GAP-0266 requires the screen reader from the first installer screen; the graphical installer, greeter and recovery environment arrive at V3, so the speech service and reader must be present in the live image and start on a keystroke, with INS and APP.	ACC-029
ACC-@screen-magnifier	V2	build	M	Build the screen magnifier with focus and caret tracking	GAP-0264	Compositor-level magnification (with GFX) driven by focus and caret positions from the tree; V4 gate lists the magnifier and the V3 checklist requires it.	ACC-020
ACC-@screen-reader-core	V2	build	L	Build the native screen reader: focus tracking, navigation modes, review cursor	GAP-0263	First AT client consuming the tree through the Capability broker: announces focus and state changes, live regions, text ranges in the editor, browse/focus modes and a review cursor. Verified by the V2 exit criterion that it reads and activates every widget in the four apps and shell settings.	ACC-021
ACC-@screen-reader-semantic-client	V2	build	M	Make the screen reader an accessibility client of semantic interfaces	INV-0792	Uses SEM's V1 registry so the screen reader can list and invoke semantic actions (e.g. Editor.open, Terminal.run) without simulating input, proving §42's accessibility consumer; depends on the V1 semantic interface v0.	ACC-022
ACC-@speech-service	V2	build	M	Build the speech Component with voice selection, queueing and interruption	GAP-0263	Text-to-speech service on the decided engine, exposed as a typed interface; utterance queue, priority interruption, rate/pitch/voice settings. Required by the V2 screen reader prototype gate.	ACC-023
ACC-@spike-accesskit-fit	V0.5	spike	S	Evaluate AccessKit as accessibility tree schema and bridge against a native schema	GAP-0261,GAP-0554	Prototype derives role/name/state for the V0.5 toolkit widgets through AccessKit and through a hand-rolled schema, measuring schema fit, licence, Rust maturity and bridge coverage; must precede decide-tree-schema and decide-at-protocol (critique: a11y adr before the UI protocol L2 freeze).	ACC-004
ACC-@spike-compat-at-bridges	V2	spike	M	Prototype consuming AT-SPI2 and Wine UIA/MSAA trees into the native tree	GAP-0265,INV-0929	Feasibility on one GTK app and one Wine app: node mapping fidelity, event latency, D-Bus containment inside the Linux personality, and the security boundary between compat trees and the Capability broker; precedes the V3 bridge builds.	ACC-024
ACC-@spike-tts-engines	V1	spike	S	Measure espeak-ng, Piper and vendor voices for latency, quality, footprint, licence	GAP-0263	Prototype each engine as a sandboxed Component and publish time-to-first-audio, CPU/memory, voice quality and licence findings; must precede decide-tts-engine.	ACC-012
ACC-@tree-incremental-updates	V1	build	M	Complete tree derivation: properties, text ranges, live regions, incremental diffs	INV-0782	Extends automatic derivation beyond role/name/state to the full schema and ships incremental update notifications so AT clients are not re-sent whole trees; prerequisite for the V2 screen reader reading the Text Editor.	ACC-013
ACC-@tree-schema-adapter	V0.5	build	M	Build the accessibility tree crate and derive it from the declarative UI tree	INV-0782,INV-0765,EXTRA-065	Implements the accepted schema as the crate the UIP toolkit emits through, deriving role/name/state automatically from the declarative widget tree so apps need no per-widget work; required for the V0.5 exit criterion that every widget emits metadata. Widget-side wiring stays in UIP.	ACC-005
ACC-@tree-test-driver	V1	build	M	Build a scripted test driver that operates applications through the tree		GAP-0261 rationale names testing as a tree consumer; the V2 'task completion script' and V4 50-task script need a driver that navigates and activates via the accessibility tree rather than synthetic input. Also lets APP acceptance scenarios exercise a11y for free.	ACC-014
ACC-@uia-msaa-bridge	V3	build	L	Bridge UI Automation and MSAA exposed by Wine into the native tree	GAP-0265,INV-0929	Screen reader reads W2 corpus applications via Wine's UIA/MSAA implementation mapped into the native schema; coordinated with WIN, gated on the V3 W2 integration checks.	ACC-030
ACC-@visual-preferences	V2	build	M	Enforce high contrast, large text, reduced motion, colour filters and cursor size	GAP-0264	Accessibility settings service stored via SVC settings storage, surfaced in the V2 Settings app and enforced by the toolkit theme tokens so every native app complies without per-app work; prerequisite for the V3 checklist and the V4 'high contrast across shell and native apps' gate.	ACC-025
ACC-@voice-switch-access	LATER	build	L	Prototype voice control and switch access over semantic actions		Parking rung for alternative input modalities not in the 1.0 definition; they build on semantic actions and the tree test driver rather than synthetic input, so they are cheap once SEM and ACC infrastructure exists.	ACC-037
ACC-@widget-labelling-lint	V1	build	S	Add CI lint failing on unlabelled or roleless interactive widgets	INV-0765	Turns the standing rule that every UI element carries accessibility metadata into an enforced gate at SDK v1: toolkit and first-party apps fail CI on missing role, name or state.	ACC-015
APP-@bench-app-startup	V0.5	benchmark	S	Publish warm and cold startup for the four native applications		V0.5 benchmark gate measures native application warm and cold startup (B-016, B-017) for each of the four apps and publishes; APP owns the per-app harness, BEN owns methodology.	APP-001
APP-@bench-shell-latency	V2	benchmark	S	Publish notification, lock and launcher latencies against desktop baselines		V2 benchmark gates: application warm startup for all shipped native apps (B-016) and unlock-to-interactive-desktop (B-033). BEN GAP-0319 names notification post-to-display and lock-to-unlock; APP instruments the shell.	APP-022
APP-@build-about-panel	V3	build	S	Build the Settings About panel with notices and license texts		GAP-0279 About panel. INS GAP-0014 requires an About/licenses view exposing license texts and the GPL written offer; APP hosts that panel in Settings.	APP-057
APP-@build-alpha-polish	V3	build	M	Polish the desktop shell and applications for external alpha users	INV-1247	V3 §63 polished desktop ready for external users (enthusiasts, developers, researchers). Closes remaining P0/P1 in shell and first-party apps on Tier 1.	APP-058
APP-@build-automation-ui	V3	build	M	Build the automation-rule editor over Semantic interfaces	INV-0846	§45 user-facing automation editor. Depends on done SEM registry and rules engine (V2); no AI broker. Users create and inspect rules without GUI scraping.	APP-059
APP-@build-backup-ui	V3	build	M	Build the backup and restore UI over snapshot-based user-data backup		Critique missing requirement 35: user-data backup to external or network targets as STO/APP at V3. APP owns schedule/progress/restore UI; STO owns encrypted snapshot backup.	APP-060
APP-@build-browser-integration	V2	build	M	Integrate the default browser with URL dispatch, downloads and chooser	GAP-0308	V2 browser integration: default-browser registration, URL dispatch, downloads into capability-scoped locations, WebRTC camera/microphone through native capabilities, file-chooser portal. Widevine CDM is MED/LNX.	APP-023
APP-@build-chooser-ui	V0.5	build	M	Build the OS-owned file chooser UI minting UserSelected capabilities	INV-0487	V0.5 gate: Image Viewer opens a user-chosen image via UserSelected and cannot enumerate the directory. APP owns the privileged chooser UI; STO owns UserSelected authority minting (§25).	APP-002
APP-@build-clipboard-history	V2	build	S	Build clipboard history with sensitive-item exclusion	GAP-0275	V2 clipboard history as a privileged shell feature; sources mark entries ephemeral and excluded from history and sync. UIP owns clipboard Capability policy.	APP-024
APP-@build-compat-launch	V1	build	S	Integrate Linux personality Git, browser and IDE into launcher and chooser		V1 scope: Git and a browser via the Linux personality integrated into launcher, clipboard and file chooser (APP, LNX). Availability is LNX; this is the APP integration half.	APP-010
APP-@build-consent-ui	V2	build	M	Build the trusted consent prompt UI for Capability requests	INV-0832	Workstreams.md Applications sub-scope: consent UI (policy in SEC). V2 gate and demo: permissions prompt for camera/microphone/files/network/screen capture, deny without crash. GFX GAP-0228 protects the trusted Surface.	APP-025
APP-@build-default-apps-ui	V2	build	S	Build the default-application picker over the system registry		GAP-0279 default-apps panel. SVC owns the headless default-application registry (GAP-0280 reassigned from PKG); APP owns the picker that grants a Capability to just the opened object.	APP-026
APP-@build-demo-editor	V0.5	build	M	Build the demo native Text Editor	INV-1189	V0.5 exit and §60 demo require a native Text Editor with declarative UI, a11y metadata, and scripted acceptance; kernel-scale editing is V1.	APP-003
APP-@build-demo-terminal	V0.5	build	M	Build the demo native Terminal on the system text stack	INV-1107,INV-1187	V0.5 exit requires a demo native Terminal that passes scripted scenarios. Daily-driving feature bar (tabs, splits, OSC 8, Sixel/Kitty) waits for V1.	APP-004
APP-@build-demo-viewer	V0.5	build	M	Build the demo Image Viewer with an isolated decoder Component	INV-1190	V0.5 gate: Image Viewer starts with UI and GPU capabilities only, opens a UserSelected image, and decodes in an isolated Component (§11, §60).	APP-005
APP-@build-desktop-search	V2	build	M	Build desktop search as a Background-intent Component	EXTRA-044	Critique: desktop search/indexing is APP with STO. Background-intent Component over storage capabilities powers launcher search without ambient home access. STO GAP-0315 is the store-side index service.	APP-027
APP-@build-editor-daily	V1	build	M	Extend Text Editor for kernel and platform development on the OS	INV-1197	V1 exit: editor/IDE usable for kernel and platform development on the OS. Native Text Editor must open the OS tree, search, and jump to diagnostics; Linux personality IDEs are LNX.	APP-011
APP-@build-emoji-picker	V2	build	S	Build the emoji picker as an input-method protocol client	GAP-0256	V2 emoji and special-character picker invoked by a global shortcut, committing text through the same input-method protocol. TXT owns IME protocol; this is the system picker client.	APP-028
APP-@build-feature-freeze	V4	build	S	Freeze remaining native application and shell features for 1.0		V4 feature freeze after RC1: every APP feature in the 1.0 definition is done; no new shell or first-party application features after freeze.	APP-065
APP-@build-files-app	V0.5	build	M	Build the privileged File Browser that hands out storage capabilities	INV-0494,INV-1188	V0.5 demo native File Browser using capability-based storage objects (§60). The browser is a privileged holder of user storage authority and can hand Capabilities to other apps; UIP owns drag/drop protocol.	APP-006
APP-@build-first-party-native	V3	build	L	Implement the native first-party applications selected by the set Decision		GAP-0318 ADR at V2 selects which of viewer/player/archive/calculator/camera/disk utility/system monitor are native. V3 public alpha needs that native subset shipped; compat-bundled remainder is LNX/WIN.	APP-061
APP-@build-grant-log	V1	build	S	Build a grant log viewer for Capability audit events		V1 scope out says permissions UI beyond a log viewer; the log viewer itself is in. Full revoke/expiry/timeline Settings surface is V2 GAP-0229.	APP-012
APP-@build-grant-settings	V2	build	M	Build the Settings grant surface with revocation, expiry and timeline	GAP-0229	V2 permissions UI v1: list every persistent Capability grant per application with revocation, expiry and usage timeline from the audit trail. Policy is SEC; this is the user-facing surface.	APP-029
APP-@build-greeter-ui	V2	build	M	Build the login greeter UI over the identity service	GAP-0215	Workstreams.md Shell sub-scope includes greeter. GAP-0283 session management; SEC GAP-0215 owns identity/password/FIDO2. APP owns the compositor-integrated greeter chrome.	APP-030
APP-@build-hold-1-0	1.0	build	S	Hold shell and native application quality through the 1.0 soak		1.0 exit: V4 a11y and localisation gates hold on the release build; 30-day soak with zero open P0/P1 on Tier 1 includes shell and first-party apps. Compatibility integration (launcher, taskbar, notifications, file chooser) still holds.	APP-067
APP-@build-in-use-indicators	V2	build	S	Build persistent in-use indicators for camera, microphone and screen share		V2 gate: screen sharing shows a persistent indicator; MED camera service requires a shell in-use indicator. APP owns the shell chrome; GFX/SEC own the screen-capture Capability.	APP-031
APP-@build-l10n-shell	V4	build	M	Localize the shell and shipped native applications to ten languages		V4 exit: 10 languages at ≥ 95% string coverage for shell and native apps. TXT owns the localisation pipeline; APP ships translations for every first-party surface.	APP-066
APP-@build-launcher-search	V2	build	M	Extend the launcher with search and Personality icons	INV-0922	V2 shell: launcher with search. Windows and Linux apps appear with extracted icons (PE resources, .desktop icons) and no separate desktop (§49).	APP-032
APP-@build-launcher-v1	V1	build	M	Build the native launcher importing Linux personality .desktop entries	INV-0890	V1 scope: Git and a browser integrated into the launcher. Import .desktop entries so Linux packages appear as launchable native-chrome apps. Search and Personality icon polish are V2.	APP-013
APP-@build-lock-screen	V2	build	M	Build the compositor-enforced lock screen UI	GAP-0284	V2 lock screen: idle-triggered, lock-before-suspend, notification privacy, authentication via SEC identity. GFX GAP-0216 owns compositor enforcement that no app Surface renders above the lock.	APP-033
APP-@build-media-session	V2	build	M	Build the media session shell controls bound to media keys	GAP-0304	V2 shell media session (play/pause/next, now-playing) bound to hardware media keys and Bluetooth AVRCP. MPRIS bridge is LNX; AVRCP is HW/AUD; APP owns the shell surface.	APP-034
APP-@build-migration-ui	V3	build	M	Build the migration assistant UI over the installer import engine		Workstreams.md Applications sub-scope and critique MIG split: APP owns migration assistant UI; INS GAP-0414/0415 own Windows-profile and Linux-home import engines.	APP-062
APP-@build-multiuser-ui	V3	build	S	Build multi-user session switching with separate Capability stores		V3 exit: two users with separate sessions, Capability stores and encrypted data; switching preserves state. SEC owns session objects; APP owns switcher/greeter chrome for the second session.	APP-063
APP-@build-notify-service	V1	build	M	Build the Notify service with Capability-gated posting and history	GAP-0272	V1 daily-driving and L2 integration need notifications. Typed Notify interface requires Capability<Notifications>, semantic actions, do-not-disturb, persistent history, and survival across compositor restart. LNX owns compat bridges.	APP-014
APP-@build-power-ux	V2	build	M	Build power and battery UX mapped to ResourceDomain energy policy	GAP-0312	V2 laptop gate judged through this UI: battery estimates, power profiles mapped to ResourceDomain energy policy, per-application energy attribution, low-battery actions, lid-close, charge limits. PWR owns the mechanisms.	APP-035
APP-@build-print-dialog	V3	build	M	Build the OS-owned print dialog minting per-job print capabilities		Critique PRT split: APP owns the print dialog that grants Capability<PrintJob> for a single job the way the file chooser grants file authority. HW GAP-0268 owns discovery (IPP/eSCL/USB).	APP-064
APP-@build-quick-settings	V2	build	M	Build quick settings and status indicators		GAP-0282 and workstreams.md Shell sub-scope: quick settings and status indicators (network, battery, volume, Bluetooth, input method) for the V2 polished shell.	APP-036
APP-@build-safe-mode-ui	V2	build	S	Build the safe-mode recovery shell with settings, logs and restore		Critique missing requirement 16 and workstreams.md: when shell or compositor exhausts its restart budget, SVC starts a minimal recovery shell. APP owns that recovery UI (settings, log export, os restore).	APP-037
APP-@build-screenshot-ui	V2	build	S	Build screenshot and screen-recording UI over screen-capture Capability		V2 screen sharing and recording as explicit capabilities with indicator. APP owns the user-facing capture UI; GFX/SEC own the Capability; MED owns encode.	APP-038
APP-@build-semantic-apps	V1	build	S	Expose Semantic interfaces for Terminal.run and Editor.open		V1 gate: an automation script invokes Terminal.run and Editor.open through typed interfaces without GUI input. SEM owns registry and IDL; APP implements the two proof interfaces.	APP-015
APP-@build-session-flows	V2	build	M	Build logout, shutdown, inhibitors, auto-login and session restore	GAP-0283	V2 session management: logout/shutdown/reboot with inhibitors, session restore, optional auto-login, fast user switching. Identity and FDE are SEC; generation restore UX is INS.	APP-039
APP-@build-session-host	V0.5	build	S	Build a minimal session host that launches the four demo applications		V0.5 demo boots to a native desktop showing Terminal, File Browser, Text Editor and Image Viewer. Critique warns against a full shell here; this is a session host, not panel/launcher/lock.	APP-007
APP-@build-settings-app	V2	build	M	Build the Settings application chassis as per-panel Components	GAP-0279	V2 Settings application composed of per-panel Components each holding only that panel's capabilities (§11). Chassis plus appearance, keyboard, region, date/time, about; device panels are a sibling task.	APP-040
APP-@build-settings-devices	V2	build	M	Build Settings panels for displays, network, Bluetooth, sound and printers		GAP-0279 remaining panels that consume GFX/NET/HW/AUD device services. Each panel is a Component with only its panel's capabilities; discovery stacks stay in those prefixes.	APP-041
APP-@build-shell-osd	V2	build	S	Build on-screen display overlays for volume, brightness and lock		V2 polished shell (workstreams.md Shell sub-scope, §62): hardware volume/brightness/lock keys must show OSD overlays without granting apps a global overlay Capability.	APP-042
APP-@build-shell-panel	V2	build	M	Build the desktop panel and taskbar with Personality integration	GAP-0282,INV-0921	V2 polished shell (§62): panel/taskbar. Windows and Linux applications must integrate with the native taskbar (§49). Sibling tasks cover launcher, workspaces, quick settings and tray.	APP-043
APP-@build-shortcut-ui	V2	build	S	Build the Settings UI for named global shortcut bindings		UIP GAP-0286: apps request named actions bound by the user in Settings and never receive raw global key grabs. APP owns the Settings binding UI for the V2 shell (media, screenshots, picker).	APP-044
APP-@build-store-client	V2	build	M	Build the store client with install-time Capability review	INV-1228	V2 gate: native repository/app store client; capability requests shown and deniable at install, app still launches degraded when optional. Workstreams.md Applications sub-scope. REL/PKG own repository and packages (INV-1228).	APP-045
APP-@build-terminal-daily	V1	build	M	Extend Terminal for daily development with tabs, splits and graphics	GAP-0310,INV-1196	V1 self-hosted terminal for daily development. Feature bar (GPU text, tabs/splits, OSC 8, Sixel/Kitty, true colour, PTY bridge) is the V1 daily-driving gate, not the V0.5 demo.	APP-016
APP-@build-thin-panel	V1	build	S	Build a thin panel with a running-application list for daily driving		V1 scope sentence requires a shell mature enough for daily work. This is a running-app list, not the V2 polished panel with status indicators.	APP-017
APP-@build-tray-host	V2	build	M	Build the status-tray host according to the tray Decision		Implements decide-status-tray. Linux and Windows tray clients must either appear in the native host or be explicitly denied; the Decision is accepted before this ships.	APP-046
APP-@build-update-prompt	V2	build	S	Build the running-application update prompt for generation switches		Critique missing requirement 17 and PKG EXTRA-017: when a Package is replaced by a new SystemGeneration, APP shows the restart/defer prompt so no running Component observes a mixed-version tree.	APP-047
APP-@build-ux-script	V2	build	M	Run the 40-scenario desktop UX script on the three target machines	INV-1213	V2 exit: desktop shell passes the 40-scenario UX script (launch, switch, notify, settings, lock, unlock, external display, scaling) on all three target machines with zero P0/P1. Verifies the polished shell (§62).	APP-048
APP-@build-webview	V2	build	M	Build the sandboxed native WebView Component		GAP-0307 native sandboxed WebView for apps, after the V1 browser ADR and spike-webview. Not a native browser; in-app web content as a Capability-scoped Component.	APP-049
APP-@build-window-switcher	V1	build	S	Build a window switcher usable for daily development		V1 scope: Terminal, editor and shell mature enough for daily work; L2 integration check includes the task switcher. Full workspaces and overview wait for V2.	APP-018
APP-@build-workspaces	V2	build	M	Build virtual workspaces, overview and window layout		GAP-0282 enumerates virtual workspaces, window switcher and overview as V2 shell parts; V2 40-scenario UX script includes launch and switch on three target machines.	APP-050
APP-@decide-browser-strategy	V1	adr	S	Decide browser strategy for 1.0 and the native WebView Component	GAP-0307,INV-1104	§56.5 makes a browser existential; V1 daily-driving needs one. Options: Chromium and/or Firefox through the Linux personality, a native port, or both, plus whether apps get a sandboxed WebView. 1.0 does not promise a native browser.	APP-019
APP-@decide-first-party-set	V2	adr	S	Decide the first-party application set native versus bundled at 1.0	GAP-0318	Must precede V3 native first-party builds. Options: native versus bundled compat for document/PDF viewer, media player, archive manager, calculator, camera, disk utility, system monitor. Native subset must stay splittable.	APP-051
APP-@decide-foreign-formats	V2	adr	S	Decide which foreign package formats map to Personality launches	INV-0930	V2 gate: double-click a Windows .exe from File Browser and it launches with native chrome. ADR maps .exe, .msi, .AppImage, .deb, .rpm, Flatpak to Personality launches with no compatibility wizard (§49).	APP-052
APP-@decide-ide-strategy	V1	adr	S	Decide IDE strategy for 1.0 and the criteria for a native port	INV-1106	Answers INV-1106: VS Code/JetBrains through the Linux personality versus a native editor/IDE, and switch criteria. V1 needs a usable IDE for self-hosting; 1.0 does not promise a native IDE.	APP-020
APP-@decide-pdf-renderer	V2	adr	S	Decide the shared PDF renderer for viewer, thumbnails and print preview	GAP-0270	pdfium, poppler or a Rust renderer used by document viewer, file-browser thumbnails and print preview. APP owns those surfaces; the library choice is one Decision.	APP-053
APP-@decide-status-tray	V2	adr	S	Decide status-tray policy: StatusNotifierItem compatibility versus none		GAP-0282 requires a status-tray policy ADR (StatusNotifierItem compat versus none) before the V2 shell ships; the Decision precedes tray-host and Linux/Windows tray integration.	APP-054
APP-@docs-app-graphs	V0.5	docs	S	Document first-party applications as Component graphs		Workstreams.md Applications sub-scope and §11 require first-party apps to be Component graphs (isolated decoder, chooser, PTY). Written so V0.5 apps dogfood the model instead of becoming monoliths.	APP-008
APP-@docs-nongoals-1-0	1.0	docs	S	Publish 1.0 non-goals for accounts, parental controls and dictation	GAP-0321	GAP-0321 nongoal: online-account integration, parental controls and speech dictation are out of 1.0 with only Semantic-interface hooks reserved. Collapses the nongoal into the published 1.0 non-promise list.	APP-068
APP-@docs-nongoals-later	LATER	docs	S	Publish post-1.0 non-goals for casting, NFC, WWAN and MIDI	EXTRA-038	Critique missing requirement 37 and ladder LATER parking: casting (Miracast/Chromecast/AirPlay), NFC, WWAN/eSIM and MIDI/pro-audio appear in the published non-goal list. AUD/HW own any later mechanism work.	APP-069
APP-@spike-pty-bridge	V0.5	spike	M	Prototype a PTY bridge that scopes Linux personality tools to Terminal		V0.5 Terminal must host Linux CLI tools inside a native window without giving the Terminal ambient filesystem or network authority; LNX GAP-0311 decides the V1 policy, this spike feeds the demo Terminal.	APP-009
APP-@spike-search-scope	V2	spike	M	Prototype capability-scoped desktop search without ambient home access		Critique assigns desktop search to APP with STO. An indexer with ambient home-directory access would violate §9; this spike bounds what EXTRA-044 may index before the search Component is built. STO GAP-0315 is the store-side index.	APP-055
APP-@spike-session-restore	V2	spike	S	Prototype session restore of application windows from system history		GAP-0283 session restore and PKG GAP-0544 (application-state restore vs 1.0 non-goal) need a measured prototype before session-flows commits to reopening windows from history.	APP-056
APP-@spike-webview	V1	spike	M	Prototype a sandboxed native WebView Component for in-app web content		GAP-0307 requires the browser ADR to choose a native sandboxed WebView versus personality-only web content; the spike must precede the ADR at the same V1 rung.	APP-021
AUD-@apply-audio-focus	V2	build	S	Apply ducking and exclusive-mode audio focus		V2 desktop preview and L3 conferencing need interruption policy on the mixer: duck, pause and exclusive LowLatency for games and calls. APP media-session UI consumes this; AUD enforces it on AudioStream.	AUD-015
AUD-@bridge-pipewire-server	V1	build	L	Ship PipeWire and PulseAudio compatibility on AudioStream	INV-0872,INV-0889	§47 and V1 scope require PulseAudio and PipeWire compatibility with a PipeWire server on native audio objects. Shape follows the object-model adr: either PipeWire is native and exports AudioStream, or a PipeWire/Pulse server is a personality client of the native service. LNX owns personality product wiring; this task is the AUD-side bridge.	AUD-001
AUD-@decide-audio-object-model	V1	adr	M	Decide native AudioStream service versus PipeWire-as-native	GAP-0539,INV-0166	V1 gates require an accepted audio object-model adr and Object<AudioStream> (§7). Options are at least (1) PipeWire as the native server wrapping AudioStream and (2) a native AudioStream service with PipeWire as a Linux personality client; the spike's B-028 comparison is an input. This is the baseline-gap scope adr for AUD (§22, §32, §47).	AUD-002
AUD-@decide-userspace-audio	V2	adr	S	Decide which audio device classes run in user space	INV-0616	INV-0616 is evaluate-then-implement. Record which classes (USB, HDMI, Bluetooth offload, onboard) stay on retained ALSA versus a user-space driver hosted by SVC, using the spike report. Options must include keep-in-kernel for 1.0 and user-space USB.	AUD-016
AUD-@document-audio-compat	V3	docs	S	Document native and personality audio mapping		V3 public documentation includes the compatibility guide. AUD writes how AudioStream, PipeWire/PulseAudio and WASAPI map, which grants are required, and how restart/rebind behaves. DOC/SDK own publishing and IDL pages.	AUD-023
AUD-@enforce-microphone-grant	V1	build	S	Deny microphone use without an explicit Capability	INV-0205	INV-0205 is the §9.1 no-ambient-authority invariant for microphone access. Collapse it into a grant test: a native component with no capture Capability receives Error::Rights, allocates no stream, and appears in the audit log. Prompt UI remains SEC/APP.	AUD-003
AUD-@freeze-audiostream-suite	V4	build	M	Ship AudioStream conformance tests for the freeze		V4 freezes Layer 1 and locks Layer 2 interface versions. AudioStream is a §7 kernel object explored by the V1 spike/adr; this task is the conformance suite for rights, rebind, mixer and personality bridges. ABI/IPC own the freeze adr; AUD owns the audio cases.	AUD-026
AUD-@harness-audio-roundtrip	V1	benchmark	M	Build audio round-trip latency and glitch harness		V1 benchmark gate for B-028 (bench:audio-roundtrip): loopback round trip and a ten-minute glitch run on the native path, published beside PipeWire on Linux on the same hardware. BEN owns the register; AUD owns this harness.	AUD-004
AUD-@harness-bluetooth-audio	V2	benchmark	S	Measure Bluetooth audio latency on the native path		V2 benchmark gate for B-029 audio latency (pairing cycles stay with HW). Loopback latency per negotiated codec on the Intel and AMD laptops; publish beside BlueZ plus PipeWire on Linux.	AUD-017
AUD-@host-restartable-server	V1	build	M	Implement restartable audio server with stream rebind	INV-0594	§32 names the audio server as a critical restartable service. AUD implements the server as a supervised component whose clients disconnect, rebind and restore streams without ending the session; SVC owns the supervisor. B-024 remains BEN's harness; this task supplies the audio rebind path the V1 daily-driving gate needs.	AUD-005
AUD-@host-userspace-usb-audio	V2	build	M	Host USB audio in user space within the latency budget	INV-0616	INV-0616 implement-where-acceptable clause. If the adr accepts user-space USB audio, ship it as a capability-scoped component on the V2 machines and keep B-028 inside the budget the adr records. If the adr rejects it, this task drops with that reason.	AUD-018
AUD-@implement-audiostream	V1	build	M	Implement Object<AudioStream> with play and capture rights	INV-0166	V1 scope is native audio objects. After the object-model adr, ship Object<AudioStream> and Capability rights for playback, capture and route so native components hold typed streams rather than ALSA or PipeWire handles. os inspect must show live streams, devices and holders.	AUD-006
AUD-@implement-low-latency-path	V1	build	M	Implement the LowLatency capture-to-playback audio path		V1 scope and the V1 functional gate require a native low-latency path distinct from the compatibility server. Bind AudioStream callbacks to LowLatency intent (§22); SCH owns the scheduler class. Needed before the B-028 harness can run.	AUD-007
AUD-@isolate-session-audio	V3	build	M	Isolate audio routing per login session		V3 multi-user gate: two sessions with separate capability stores must not share capture or playback. Route AudioStream and the mixer per login session; SEC owns identity, AUD owns the graph.	AUD-024
AUD-@measure-native-vs-pipewire	V1	spike	M	Measure native AudioStream versus PipeWire round-trip latency	GAP-0539	GAP-0539 requires a latency measurement before choosing PipeWire as the native audio server or as a personality client of a native AudioStream service. V0.5 scopes audio out and V0 is capped at zero AUD tasks, so this L1-object spike sits at V1 with the object-model adr. Report compares both topologies on the reference desktop using the B-028 method; cite the B-ID, never a number.	AUD-008
AUD-@measure-userspace-audio	V2	spike	M	Measure user-space audio-driver latency against ALSA	INV-0616	INV-0616 and §33 require a measured latency budget before moving audio devices out of the kernel. Compare user-space USB audio against in-kernel ALSA on B-028; HW's USB-driver spike is the sibling, not a substitute.	AUD-019
AUD-@mix-per-app-volume	V1	build	S	Implement per-application volume mixer	EXTRA-022	EXTRA-022 and the AUD workstream mixer sentence. Per-application gain on AudioStream, inspectable and overridable from settings UI (APP owns the widget). Include a mix-monitor stream so later screen-recording and echo-cancellation can take a far-end reference.	AUD-009
AUD-@park-midi-pro-audio	LATER	docs	S	Park MIDI and pro-audio until after 1.0		Critique missing requirement 37: MIDI and pro-audio are explicit 1.0 non-goals so they appear on the published non-goal list. APP EXTRA-038 covers the combined declaration; this parks the AUD-owned remainder (MIDI ports, Jack/pro-audio graphs) on LATER.	AUD-030
AUD-@pipeline-echo-cancel	V2	build	M	Provide echo-cancellation and noise-suppression pipeline	EXTRA-023	Critique missing requirement 23 and EXTRA-023: conferencing in the L3 corpus needs AEC and noise suppression shared with MED. AUD owns the capture/playback graph and mix-monitor reference; MED owns video encode and the camera service.	AUD-020
AUD-@play-and-capture-native	V1	build	M	Ship native playback and capture on reference hardware	INV-1204	INV-1204 and the V1 developer-preview gate require audio output and input for native applications on the AMD desktop and Intel laptop. Uses retained kernel ALSA devices (KRN inventory) behind AudioStream; does not expose ALSA as a native API.	AUD-010
AUD-@publish-audio-baselines	1.0	benchmark	S	Publish audio round-trip versus Linux, Windows and macOS		1.0 requires every §54 metric published on Tier 1 against Linux, Windows and macOS. Re-run B-028 (and B-029 audio latency) with the existing harnesses; no superiority claim without the report.	AUD-028
AUD-@resample-and-map-channels	V1	build	M	Convert sample rate, format and channel layout on mix		V1 native-plus-PipeWire simultaneous playback cannot hold a single hardware format without resampling and channel mapping in the mixer. Required plumbing for the V1 functional audio gate, not a new codec framework (MED).	AUD-011
AUD-@restore-audio-after-resume	V1	build	S	Restore playback and capture after suspend and resume		V1 exit requires audio functional after 200 laptop and 100 desktop suspend cycles. AUD reopens devices and rebinds streams; PWR owns the suspend cycle. No new device stack.	AUD-012
AUD-@route-bluetooth-audio	V2	build	M	Route Bluetooth audio with per-device codec selection	EXTRA-022	V2 scope is Bluetooth audio via the user-space stack (HW owns BlueZ/native placement and pairing). AUD routes A2DP and HFP onto AudioStream and exposes codec selection (SBC, AAC, aptX, LDAC, LC3) from EXTRA-022. Headset reconnect is a V2 Bluetooth gate.	AUD-021
AUD-@score-corpus-audio	1.0	build	S	Score audio integration on L5 and W3 corpus entries		1.0 compatibility gate requires audio in the integration score for every passing Linux and Windows entry. AUD supplies native-object probes used by LNX/WIN scenario scripts.	AUD-029
AUD-@serve-windows-audio	V2	build	M	Serve native AudioStream to the Windows personality	INV-0925	INV-0925 and §49: Windows applications integrate with native audio. AUD exposes AudioStream so WIN can map WASAPI/XAudio2 (INV-1075 stays in WIN). Needed for W1 integration scoring and the V2 gaming proof.	AUD-022
AUD-@switch-hotplug-defaults	V1	build	M	Switch default device on jack, display and USB hot-plug	EXTRA-022	Critique missing requirement 22 and EXTRA-022: headphone jack, HDMI/DP and USB hot-plug must retarget the default route without restarting clients. Bluetooth codec selection waits for V2 because V1 scopes Bluetooth out. Needed for Intel-laptop daily-driving with USB-C displays.	AUD-013
AUD-@verify-linux-gui-audio	V1	build	S	Verify Linux GUI applications play through native AudioStream	INV-0881,INV-1204	INV-0881 and the V1 gate that native and PipeWire streams play together without glitches. Script L2 GUI entries so audio is scored through native AudioStream, not a leftover Linux-only path from V0.5.	AUD-014
AUD-@verify-ten-machine-audio	V4	build	S	Verify audio on every V4 Tier 1 machine		V4 hardware gate: the full suite including audio on at least ten Tier 1 machines each RC. Extends the V3 matrix across two GPU generations and NVIDIA HDMI audio; no new architecture.	AUD-027
AUD-@verify-tier1-audio	V3	build	M	Verify playback and capture on every V3 Tier 1 machine		V3 hardware breadth and the public-alpha demo (Bluetooth headset, video call) require jack, HDMI/DP, USB and Bluetooth audio on all six Tier 1 machines, including the NVIDIA desktop. Probe output feeds REL's HCL.	AUD-025
BEN-@bench-1-0-publication	1.0	benchmark	M	Publish 1.0 cross-OS comparison on every Tier 1 machine		1.0 exit and definition: every §54 metric published for every Tier 1 machine against Linux, Windows where dual-boot exists, and macOS where a comparable class exists, including L5 and W3 overhead and energy.	BEN-060
BEN-@bench-1-0-regression	1.0	benchmark	S	Verify no V4 benchmark regression at 1.0		1.0 benchmark gate: no regression beyond the register band versus V4 final on any tracked benchmark on any Tier 1 machine; any exception is an accepted Decision referenced in the release notes. Harness B-051.	BEN-061
BEN-@bench-app-startup	V0.5	benchmark	M	Publish native application startup and input-to-photon	INV-0635,INV-0638,INV-1025,INV-0981,INV-1192	V0.5 gates for warm and cold launch of Terminal, Editor, Image Viewer and the SDK sample, plus input-to-photon on the four demo apps, using the visible-UI boundary. Publish-only; V1 sets the B-016 absolute. Harnesses B-016, B-017 and B-020 on the demo set.	BEN-009
BEN-@bench-boot-tier1	V3	benchmark	S	Publish boot time to login on every Tier 1 machine		V3 gate: boot time to login on each of the six Tier 1 machines beside a mainline Linux distribution and Windows where dual-boot exists. Extends B-032 from V0.5/V2 hardware.	BEN-048
BEN-@bench-boot-unlock	V2	benchmark	M	Publish boot-to-login and unlock-to-desktop latency	GAP-0238	Verity, measured boot and encryption add boot cost; §54 requires the claim be measured. Harnesses B-032 and B-033 on V2 target machines beside Linux and Windows where dual-boot exists. Numbers live only in the register.	BEN-035
BEN-@bench-build-time	V1	benchmark	S	Publish full-image build time on the OS versus Linux		V1 benchmark gate and self-hosting exit: clean and incremental full-image build time inside os env versus Linux on the same hardware. Harness B-039.	BEN-023
BEN-@bench-compositor	V0.5	benchmark	M	Publish compositor frame and input-to-photon latency	INV-0739,INV-1028,INV-1029	V0.5 gates for commit-to-scanout latency, deadline behaviour and photodiode input-to-photon beside a Linux Wayland desktop on the same machine. Consumes LAB's V0 rig. Harnesses B-018 and B-020.	BEN-010
BEN-@bench-compute	V2	benchmark	S	Publish ComputeDevice dispatch overhead		V2 ComputeDevice demo must not ship an unmeasured dispatch path. Harness B-048 versus direct Vulkan compute and a native thread pool.	BEN-036
BEN-@bench-crash-free	V3	benchmark	S	Publish crash-free session rate from opt-in telemetry		V3 gate: crash-free session rate from opt-in telemetry over the stated window and fleet size. Harness B-041; OBS/REL collect, BEN publishes against the register target.	BEN-049
BEN-@bench-deadline-misses	V2	benchmark	S	Publish compositor frame-deadline miss rate		V2 benchmark gate: deadline misses under a scripted mixed desktop workload at 60 Hz. Harness B-019; target lives only in the register.	BEN-037
BEN-@bench-desktop-latencies	V2	benchmark	M	Publish desktop-essentials latency suite	GAP-0319	V2 desktop preview: keystroke-to-glyph through the IME path, notification post-to-display, lock-to-unlock, Wi-Fi reconnect after resume, Bluetooth audio connect and camera cold start. Harness B-045.	BEN-038
BEN-@bench-energy	V1	benchmark	M	Publish energy use on the Intel laptop	INV-1033	V1 battery gate: idle, video, compile and browsing watt-hours on the Intel laptop beside a mainline Linux distribution on the same machine, using spike-energy-method and LAB meters. Harness B-031; no superiority claim.	BEN-024
BEN-@bench-energy-laptops	V2	benchmark	S	Publish energy use on both V2 laptops		V2 gates: idle desktop energy and mixed-workload battery runtime on both laptops beside mainline Linux and Windows where dual-boot exists. Extends B-031 from the V1 Intel laptop.	BEN-039
BEN-@bench-env-startup	V1	benchmark	M	Publish os env startup against Docker Compose	INV-0661,INV-1026	V1 gate and §35: cached os env enter versus docker compose up for the reference stack, with cold published separately. Harness B-025.	BEN-025
BEN-@bench-fde-overhead	V2	benchmark	S	Publish disk-encryption overhead on NVMe	GAP-0202	Encryption by default is only defensible if sequential and random NVMe cost is measured. Harness B-038 versus LUKS2 and BitLocker on the same drive; V2 publish, later rungs per Tier 1.	BEN-040
BEN-@bench-gaming	V2	benchmark	M	Publish the gaming benchmark suite on the AMD desktop	INV-1079	§56.2/V2 gaming proof: frame-time distribution, input latency, load time and stutter for W1 Gold titles on the AMD desktop versus Windows and Proton-on-Linux. Complements B-027 with the stutter/load suite.	BEN-041
BEN-@bench-generation	V0.5	benchmark	S	Publish SystemGeneration creation time and disk overhead	INV-0570	V0.5 generation-switch gate needs creation time and per-generation store growth as standing metrics. Harness B-022; PKG owns switch and rollback segments.	BEN-011
BEN-@bench-image-size	V0.5	benchmark	S	Track kernel image size and boot time to first frame	GAP-0159	Cheap isolation and fast startup degrade through bloat unless image size and boot-to-first-frame are watched with regression alerts. Harnesses B-044 and B-032; V0.5 publish, later rungs regress.	BEN-012
BEN-@bench-interop	V3	benchmark	M	Publish interoperability path throughput and import time	GAP-0476	V3 migration/interop: NTFS and exFAT throughput, SMB client throughput, VM-guest launch time and GPU fraction, and migration import time per 100 GB with verification, versus Linux and Windows on the same hardware. Harness B-049.	BEN-050
BEN-@bench-isolation-oci	V1	benchmark	S	Publish native isolation cost against OCI containers	INV-0673	§36/§53: native ResourceDomain plus Component plus capabilities must be published beside OCI creation latency and memory on the same hardware. Standing B-015 using the V0 spike's baseline images.	BEN-026
BEN-@bench-linux-overhead	V1	benchmark	M	Publish Linux personality overhead against upstream Linux	INV-0866,INV-1032	V1 gate: syscall latency and L2 corpus workload throughput versus upstream Linux on the same hardware. Personality productisation is V1; V0 measured only fork syscall overhead. Harness B-026.	BEN-027
BEN-@bench-mitigations	V4	benchmark	S	Publish security-mitigation overhead		V4 benchmark gate: relative cost of shipped kernel and runtime mitigations on versus off for B-001, B-004, B-016 and B-026. Harness B-040.	BEN-055
BEN-@bench-onboarding	V1	benchmark	S	Publish developer onboarding time		V1 daily-driving and SDK v1 make time-to-hello-Component a tracked claim. Harness B-050: SDK download to running hello, and fresh clone to booted QEMU CI image.	BEN-028
BEN-@bench-panic-rate	V3	benchmark	S	Publish kernel panic rate from opt-in telemetry		V3 gate: kernel panics per machine-day from opt-in telemetry, published monthly. Harness B-042; V4/1.0 add the absolute ceiling in the register.	BEN-051
BEN-@bench-runtime-baselines	V0.5	benchmark	M	Publish Task baselines against Tokio, Go and BEAM	INV-1038	§54 language-runtime comparison for Task creation, Operation cost and message passing against Tokio tasks, Go goroutines and Erlang/BEAM processes on the same hardware. Standing baseline for B-002, B-003, B-009 and B-014.	BEN-013
BEN-@bench-snapshots	V2	benchmark	S	Publish snapshot creation and restore time		V2 benchmark gate: snapshot creation and restore from the settings UI on a fixed user-data set. Harness B-036; STO/PKG own the mechanism.	BEN-042
BEN-@bench-storage-access	V0.5	benchmark	S	Publish storage-object access against Linux file I/O	INV-1027	§54 filesystem/object access through Capability-scoped storage objects versus direct Linux file I/O on NVMe. Harness B-037; STO owns the service under test.	BEN-014
BEN-@bench-update-success	V3	benchmark	S	Publish update success rate		V3 updater gate and later 1.0 update-success guarantee: fraction of update attempts that boot the new SystemGeneration without automatic rollback. Harness B-043.	BEN-052
BEN-@bench-v0-create	V0	benchmark	M	Publish V0 Component, Task and ResourceDomain cost benchmarks	INV-0228,INV-0232,INV-1019,INV-1020,INV-0378,INV-0384,INV-0359,INV-0423,INV-0445,INV-1043	V0 benchmark gates for Component creation, Task creation, idle memory, context-switch behaviour and related §10/§20/§22/§23 costs are publish-only. Wires CMP, TSK and SCH harnesses through the BEN runner for B-001, B-002, B-003, B-008, B-009, B-010, B-011 and B-014 including 500,000 concurrent Tasks.	BEN-001
BEN-@bench-v0-demo	V0	benchmark	M	Publish V0 demo pipeline latency, copies and memory	INV-0339,INV-1170,INV-1171,INV-1172,INV-1173,INV-1174	§59 measured list and the V0 demo: end-to-end latency, copies per stage, memory per Component and Channel, creation cost, native handoff versus Linux switch, and cross-core plus cross-NUMA placement of A to Channel to B to MemoryObject. Harness B-013.	BEN-002
BEN-@bench-v0-ipc	V0	benchmark	M	Publish V0 IPC, MemoryObject and syscall-overhead benchmarks	INV-0303,INV-0304,INV-1021,INV-1022,INV-1023,INV-1024,INV-1030,INV-0466	V0 gates for same-core and cross-core IPC, throughput, MemoryObject transfer versus memcpy, tracing overhead on the IPC path, and fork syscall microbenchmarks versus the pinned upstream kernel. Publish-only; V1 sets absolute IPC targets. Covers B-004, B-005, B-006, B-007, B-012 and B-026's syscall microbench.	BEN-003
BEN-@bench-v05-regression	V0.5	benchmark	S	Verify no V0 benchmark regression at V0.5		V0.5 benchmark gate: all V0 benchmarks re-run with no regression beyond the register band versus V0 without an accepted Decision. Harness B-051.	BEN-015
BEN-@bench-v1-regression	V1	benchmark	M	Verify V1 absolute targets and prior-rung regression		V1 gates: all V0 and V0.5 benchmarks re-run on V1 hardware with no regression beyond the register band, plus first absolute B-001, B-004 and B-005 targets on the reference desktop. Harness B-051 plus the cited B-IDs.	BEN-029
BEN-@bench-v2-regression	V2	benchmark	S	Verify no V1 benchmark regression at V2		V2 benchmark gate: all prior benchmarks re-run on all three target machines with no regression beyond the register band versus V1 without an accepted Decision. Harness B-051.	BEN-043
BEN-@bench-v3-regression	V3	benchmark	S	Verify no V2 benchmark regression at V3		V3 benchmark gate: all prior benchmarks re-run across Tier 1 with no regression beyond the register band versus V2, with dashboards public. Harness B-051.	BEN-053
BEN-@bench-v4-absolutes	V4	benchmark	M	Publish V4 absolute targets for creation, IPC and startup		V4 gates restated only by B-ID: Component creation, Task creation, same-core and cross-core IPC, Terminal/Editor warm startup, cached os env, input-to-photon and compositor deadline misses on the reference desktop and every Tier 1 machine.	BEN-056
BEN-@bench-v4-dashboard	V4	build	S	Update public dashboards on every V4 release candidate		V4 benchmark gate: public dashboards updated on every RC. Extends the V1 dashboard with RC snapshots and fleet-wide Tier 1 views.	BEN-057
BEN-@bench-v4-publication	V4	benchmark	L	Publish every tracked metric on every Tier 1 machine		V4 gate: every §54 metric published for every Tier 1 machine with comparison to Linux and, where dual-boot exists, Windows; macOS comparison where a comparable class exists. Extends the V3 completeness proof across the ten-machine fleet.	BEN-058
BEN-@bench-v4-regression	V4	benchmark	S	Verify no V3 benchmark regression at V4		V4 benchmark gate: all prior benchmarks re-run on all Tier 1 machines; regression beyond the tighter V4 band versus V3 blocks unless an accepted Decision explains it. Harness B-051.	BEN-059
BEN-@bench-warm-startup	V1	benchmark	S	Publish native warm startup against the V1 target	INV-0636	V1 benchmark gate: Terminal and Editor warm startup against B-016 on V1 hardware. First absolute application-startup target; V0.5 was publish-only.	BEN-030
BEN-@bench-windows-overhead	V2	benchmark	M	Publish Windows personality overhead against Proton and Windows	INV-0911,INV-1031	V2 W1 gate: frame time and CPU overhead of Gold titles versus Linux plus Proton and versus native Windows on the same hardware. Harness B-027; no superiority claim. Wine bring-up stays non-gated in WIN at V1.	BEN-044
BEN-@bench-zero-copy	V2	benchmark	M	Publish zero-copy NIC-to-GPU copies per stage	INV-0326	§17 path from NIC or storage through a decoder Component to GPU and scanout, with copies counted by physical-page identity where hardware permits. Harness B-046; V2 when the media path exists.	BEN-045
BEN-@build-claim-lint	V0	build	S	Enforce claim-to-benchmark lint and traceability matrix	INV-0062,INV-0987,INV-0989,INV-1018,INV-1126	§53/§54/§57 invariants collapse into one lint: no performance claim without a named B-ID and a report from its harness, no rewrite-Linux-faster framing, and priorities tied to user-perceivable outcomes. The matrix lists every architectural claim against a B-ID; CI fails a docs or task change that cites a number or an unbacked superiority claim.	BEN-004
BEN-@build-harness-runner	V0	build	L	Build the shared benchmark runner and CI publication	INV-1040	V0 scope requires a harness and CI on QEMU plus the reference desktop; the V0 gate publishes generated Markdown between markers on every merge. This is the shared runner, report skeleton, environment record and per-commit history; the public dashboard is V1.	BEN-005
BEN-@build-linux-baseline	V0	build	M	Pin Linux comparison baseline images on reference hardware	INV-1034	§54 requires every claim compared against Linux on identical hardware. Pins the upstream kernel version that was forked plus a mainstream distro userspace on the V0 desktop so V0 tables have a replayable baseline.	BEN-006
BEN-@build-macos-baseline	V2	build	M	Pin macOS comparison baseline on comparable hardware	INV-1036	§54 macOS comparison where a hardware-comparable class exists (input-to-photon, app startup, energy). Pins machine class, OS version and method so V4/1.0 cross-OS tables are replayable.	BEN-046
BEN-@build-public-dashboard	V1	build	M	Publish the public per-commit benchmark dashboard	GAP-0391	Performance claims must be continuously measured and publicly visible. Dashboard fed by CI with per-commit history and regression alerting for every register metric. V3/V4 gates require this dashboard to stay public.	BEN-031
BEN-@build-results-tsdb	V1	build	L	Store benchmark results with change-point detection	GAP-0136	§54 demands watched benchmarks. Time-series store with change-point detection, noise-calibrated thresholds from spike-noise-floor, and automatic bisection to the offending commit. Committed reports stay per-milestone; the TSDB holds the rest (critique structure weakness 8).	BEN-032
BEN-@build-windows-baseline	V2	build	M	Pin Windows comparison baseline on reference hardware	INV-1035	§54 Windows comparison for startup, input latency, gaming and energy needs a pinned Windows image on dual-boot reference hardware before W1 overhead is published.	BEN-047
BEN-@decide-merge-gate	V1	adr	S	Decide the blocking performance merge-gate policy	GAP-0137	V1 is the first rung with absolute targets. Options: block merge on a regression beyond the calibrated noise band on tier-one metrics (IPC round trip, Component creation, app startup, input-to-photon), nightly-only fail, or warn with a required Decision. BLD owns the CI job; this Decision is the policy.	BEN-033
BEN-@decide-methodology	V0	adr	M	Decide benchmark methodology and target-kind policy	INV-1042,EXTRA-061,GAP-0482	Critique contradiction 5 and structure weakness 2: V0 gates stay publish-only, numeric targets live only in the register with kinds publish, absolute, and regression-versus-prior-milestone, and the proposed sub-microsecond V0 IPC exit is deleted. Answers INV-1042 (hardware list, warm/cold, percentiles, iteration counts, frequency pinning, mitigations). Options include register target kinds, restating numbers in milestone files, or numeric V0 exits.	BEN-007
BEN-@decide-visible-ui	V0.5	adr	S	Decide the visible-UI measurement boundary	INV-0640	V0.5 startup gates are incomparable unless 'visible UI' is fixed. Options include first compositor presentation of a non-blank frame, first client commit, or first photodiode edge. B-016 cites this Decision as Q-029.	BEN-016
BEN-@docs-bench-guide	V1	docs	S	Write the contributor guide for adding a benchmark		Workstream scope: BEN owns the register, methodology and results. V1 self-hosting and SDK v1 mean other prefixes add B-IDs; the guide states how to register a metric, write a harness against the runner, and land a report.	BEN-034
BEN-@docs-claim-audit	1.0	docs	S	Audit 1.0 claims against published benchmark reports		1.0 exit: the release announcement contains no performance claim without a link to the measurement. Checklist against build-claim-lint and the public reports; I-061 enforcement at ship time.	BEN-062
BEN-@docs-metric-completeness	V3	docs	M	Prove every tracked metric has a public Tier 1 number		V3 benchmark gate: the full §54 list has a public number for every item on at least one Tier 1 machine; any missing item blocks the gate. Produces the completeness matrix against the register.	BEN-054
BEN-@docs-repro-pack	1.0	docs	M	Publish methodology, raw data and scripts for third parties		1.0 benchmark gate: methodology, raw data and scripts published so third parties can reproduce every number. Pairs with the reproducible-build story; BEN owns the measurement pack.	BEN-063
BEN-@spike-elf-startup	V0.5	spike	M	Measure native startup against traditional ELF load	INV-1016	§53 startup comparison: map immutable objects and reuse verified pages versus lookup, shared-library load, reloc and constructors. Informs B-016/B-017 and the Package mapping path.	BEN-017
BEN-@spike-energy-method	V0.5	spike	M	Define energy measurement methodology with external meters	GAP-0547	Critique ordering: energy methodology and LAB power meters precede the V1 battery gate. Protocol covers external meter versus battery gauge versus RAPL, drain workloads, and comparison OS images on the same laptop. B-031 stays unpublished until this report exists.	BEN-018
BEN-@spike-fs-candidates	V0.5	spike	M	Measure filesystem candidates for snapshot and clone cost	INV-0507	Informs the V0.5 STO filesystem Decision with snapshot creation, clone time, checksum overhead and dedup on a representative system image. Critique contradiction 4: ZFS is rejected on licence before measurement and is not a candidate.	BEN-019
BEN-@spike-ipc-vs-unix	V0	spike	M	Measure native IPC against Unix socket, pipe and D-Bus	INV-1008	§53 IPC study: typed message plus ownership transfer plus scheduler-aware handoff versus serialize-syscall-copy-deserialize on Unix sockets, pipes and D-Bus. Informs V1 absolute B-004/B-005 targets; standing numbers live in bench-v0-ipc.	BEN-008
BEN-@spike-isolation-oci	V0.5	spike	M	Measure native isolation against OCI container start	INV-1001,INV-0677,INV-1037	§53 isolation comparison of the five-step native path against runtime-daemon, namespaces, overlay, cgroups and process start. Establishes the Docker/Podman runc and crun baseline on the same hardware. Publish-only at V0; V1 publishes the cheaper-than-OCI claim as B-015.	BEN-020
BEN-@spike-launch-profile	V0.5	spike	M	Profile the native application launch path	INV-0643	Breaks launch into Component creation, capability attachment, mapping, runtime init and first frame so the B-016 budget is spent on a named stage rather than a single wall number. Precedes V1 absolute warm-startup checks.	BEN-021
BEN-@spike-noise-floor	V0.5	spike	S	Measure harness noise floor on QEMU versus hardware		Critique: microsecond IPC and Component-creation numbers cannot be taken from shared or virtualised runners. Records QEMU versus reference-desktop noise so V1 blocking gates have a calibrated band and V0 publish-only reports stay labelled by environment.	BEN-022
BLD-@a11y-tree-dump-ci	V0.5	build	S	Run accessibility-tree dump tests for the four V0.5 apps in CI		V0.5 exit: every UI widget emits accessibility metadata inspectable via os inspect, verified by a tree dump on each of the four apps. UIP/ACC own metadata; BLD runs the dump in the GUI harness.	BLD-014
BLD-@abi-conformance-ci	V0.5	build	S	Run the ABI conformance and cross-version suite in CI	INV-1282	Moved from V0: ABI owns suite content at V0.5 (no L1 freeze before V4). BLD wires the suite into post-merge CI once ABI-@build-conformance-suite-v0 exists.	BLD-015
BLD-@adapt-syzkaller-native-abi	V0.5	build	L	Adapt syzkaller to the Native ABI with a capability-aware executor	GAP-0127,GAP-0548	L1 spikes are V0; continuous native-ABI fuzzing starts from the first prototype (V0.5, not freeze). syzlang for handles, Channels, Operations and MemoryObjects; capability-aware executor; IDL-generated descriptions. IPC owns per-interface mutators.	BLD-016
BLD-@alpha-nightly-images	V3	build	S	Produce nightly images for the alpha channel		V3 exit: updater delivers consecutive alpha releases. BLD produces the nightly SystemGeneration images REL promotes without rebuilding (GAP-0147).	BLD-061
BLD-@apply-linker-lto-pgo	V1	build	M	Apply the chosen linker, LTO and PGO policy in CI profiles		Implements decide-linker-lto-pgo in debug/release profiles and the double-build job so the V1 image is the policy, not a local override.	BLD-029
BLD-@arm64-cross-build-ci	V1	build	M	Keep an ARM64 kernel and userspace cross-build compiling in CI	GAP-0105,INV-0718	§38 forbids fossilising on x86-64. Standing compile-only ARM64 (and a Native ABI header plus smoke Component) without shipping or booting. KRN owns RISC-V build-only CI.	BLD-030
BLD-@automate-dependency-updates	V1	build	M	Automate CI-validated dependency update proposals	GAP-0154	Crates, C libraries, firmware, QEMU and upstream Linux updates as CI-validated changes with a documented review cadence so the fork and Rust tree do not rot during daily-driving.	BLD-031
BLD-@bench-build-time-budgets	V1	benchmark	M	Track build-time budgets on the reference runner	GAP-0102	Critique: every number lives in registers/benchmarks.md. Incremental kernel, incremental userspace and clean CI build times are measured and gated by B-IDs, not prose. V1 sets targets; V0 was publish-only.	BLD-032
BLD-@blocking-perf-ci-hook	V1	build	S	Fail merges that regress beyond the calibrated performance band	INV-1041	V0 executed the suite publish-only. V1 applies BEN's blocking gate (GAP-0137) on the quiet fleet: regressions outside the noise band block merge unless an adr-linked exception exists.	BLD-033
BLD-@ci-disaster-recovery-drill	V2	build	S	Rehearse disaster recovery of the CI and lab pipeline	GAP-0108	GAP-0108 is unproven until the pipeline is recreated from repository plus backups in a drill before public alpha depends on it.	BLD-053
BLD-@ci-infra-as-code	V1	build	M	Manage CI and lab infrastructure as code with disaster recovery	GAP-0108	V1 daily-driving depends on a recreatable pipeline from the repository plus backups. Lab machine definitions stay in LAB; BLD owns runner, cache, queue and secret layout.	BLD-034
BLD-@ci-tiers-merge-queue	V0	build	M	Structure CI into tiers and enforce a merge queue	GAP-0109,GAP-0110	V0 gate and bisection assume main is always green. Pre-merge lint/unit/QEMU smoke, post-merge full QEMU matrix, nightly sanitizers/fuzz/perf/lab, later release qualification; merge queue with no direct pushes.	BLD-001
BLD-@compat-job-plumbing	V0.5	build	M	Provide CI plumbing for compatibility-corpus jobs		V0.5 L1 corpus gate and later L2–L5/W1–W3 jobs need a guest-agent path that runs corpus scenarios and records C-ID results. LNX and WIN own scenario content.	BLD-017
BLD-@continuous-fuzzing-infra	V1	build	L	Run continuous Native ABI fuzzing with dedup, bisect and task filing	GAP-0128,INV-0961,GAP-0130	syzbot-like infra on the V0.5 syzkaller port: crash dedup, repro minimisation, automatic bisection, tasks filed into the Markdown repository. Covers IDL deserialisers. V3/V4 crasher-age gates consume this.	BLD-035
BLD-@coverage-gates	V1	build	M	Measure kernel and userspace coverage and gate security-critical paths	GAP-0122	kcov/gcov and Rust coverage with minimum gates on capability enforcement, ABI entry points and IDL-generated paths before SDK v1 freeze candidates.	BLD-036
BLD-@cross-version-sdk-ci	V1	build	M	Run SDK cross-version compatibility jobs in CI		V1 exit: SDK v1 compatibility suite passes for apps built against v1.0.0 after each v1.x. SDK GAP-0100 owns the suite; BLD runs it on generated images.	BLD-037
BLD-@debug-symbols-upload	V1	build	S	Upload content-hashed debug symbols for every stripped generation		V1 daily-driving and crash reports need symbols for immutable stripped binaries. OBS GAP-0151 operates debuginfod; BLD publishes the symbols-preserved profile by content hash.	BLD-038
BLD-@decide-build-orchestrator	V0	adr	M	Decide the top-level build orchestrator for kernel and userspace	GAP-0087	Kbuild-plus-Cargo versus Bazel/Buck2 versus a derivation-based builder aligned with the content-addressed store decides whether hermeticity and remote caching are native properties. Required before the one-command Linux-host build.	BLD-002
BLD-@decide-ci-platform	V0	adr	S	Decide the CI platform with self-hosted KVM runners	GAP-0107	Boot, graphics, performance and hardware jobs need nested virtualisation or lab devices. Hosted runners are allowed only for lint and unit tests. Precedes CI tiers and the QEMU harness.	BLD-003
BLD-@decide-linker-lto-pgo	V1	adr	S	Decide linker, LTO scope and PGO policy for kernel and userspace	GAP-0104	Depends on spike-linker-lto-pgo. Options must include refusing PGO where it breaks bit-for-bit SystemGeneration identity.	BLD-039
BLD-@decide-llvm-only	V0	adr	S	Decide LLVM/Clang as the sole C compiler and reject a custom compiler	GAP-0088,GAP-0160	Rust-in-kernel needs bindgen against libclang; mixing GCC C with rustc doubles the matrix. Collapses the no-forked-LLVM nongoal into the same adr with upstream-bound patches as the accepted option.	BLD-004
BLD-@decide-repo-topology	V0	adr	S	Decide repository topology before a second repository exists	GAP-0086	Every CI, bisection and promotion design depends on whether one commit identifies the whole system; must precede any second repository. GOV GAP-0384 decides forge hosting; this adr decides monorepo versus pinned-manifest multi-repo.	BLD-005
BLD-@decide-sbom-format	V2	adr	S	Decide SBOM format for Packages and SystemGenerations		GAP-0352 generator needs SPDX versus CycloneDX versus both decided before V2 store/repository SBOMs and V3 attestations (REL GAP-0095).	BLD-054
BLD-@decide-semantic-gui-harness	V0.5	adr	S	Decide a semantic-interface GUI test harness over pixel scripting	GAP-0118	V0.5 four apps and compositor-restart need an end-to-end GUI harness. Options: semantic interfaces plus accessibility tree, coordinate scripting, or pixel goldens. Pixel goldens stay reserved for compositor rendering (GFX).	BLD-018
BLD-@determinism-flags	V0.5	build	S	Turn on deterministic compile and link flags for Packages		V0.5 immutable Packages are content-addressed; path/timestamp/codegen-unit flags must be pinned before the V1 double-build gate (GAP-0094).	BLD-019
BLD-@double-build-reproducibility	V1	build	M	Eliminate artifact non-determinism and double-build on every merge	GAP-0094,INV-0517	V1 self-host gate requires bit-for-bit image identity across two machines. CI builds twice, diffs artifacts, and verifies Package hashes against the content-addressed store. STO owns addressing; BLD owns the rebuild check.	BLD-041
BLD-@embargoed-build-path	V3	build	M	Build an embargoed private path for security-release compilation	GAP-0356	V3 security-response gate. Public CI leaks embargoed fixes; a private compile/sign/stage path is BLD infrastructure REL uses for advisories.	BLD-062
BLD-@fault-injection-framework	V0.5	build	M	Build a fault-injection framework for service kill and kernel failures	GAP-0132,INV-0608	V0.5 compositor-restart gate and SVC supervision need CI that kills services and injects allocation/I/O failures and checks rebind. Pulled from V1 because the gate is V0.5.	BLD-020
BLD-@feature-freeze-ci-lock	V4	build	S	Lock CI against new Layer 1 entry points after feature freeze		V4 feature freeze after RC1 and no new Layer 1 ABI entry points. ABI owns the snapshot; BLD fails qualification if the snapshot grows without the freeze adr.	BLD-071
BLD-@flake-elimination-program	V4	build	M	Eliminate flaky tests or expire their quarantine		V4 scope: stability program including flaky-test elimination (OBS, BLD). Quarantine from GAP-0120 must be empty or expired at RC.	BLD-072
BLD-@flaky-test-quarantine	V0.5	build	M	Publish a flaky-test policy and automate quarantine in CI	GAP-0120	Desktop and hardware jobs will flake. Policy: auto-quarantine, at most one retry, time-boxed deflake on the owning workstream, expiry deletes or fixes. V4 elimination depends on this existing.	BLD-021
BLD-@fuzz-clean-window-gate	V4	build	S	Gate V4 on a clean Native ABI fuzz window		V4 exit: kernel and IPC fuzzing have zero known open crashers for the consecutive window recorded in the gate before freeze.	BLD-073
BLD-@fuzz-open-crasher-gate	V3	build	S	Gate V3 on no known open Native ABI fuzzer crasher		V3 exit: kernel and IPC fuzzing run continuously in CI with no known open crasher older than the register window. Enforces continuous-fuzzing-infra as a gate.	BLD-063
BLD-@fuzz-userspace-parsers	V1	build	L	Fuzz userspace parsers of untrusted input with in-tree corpora	GAP-0130	Userspace parser fuzzing (manifests, fonts, images, PE/ELF, capability serialisation) is distinct from Native ABI syzkaller (continuous-fuzzing-infra). cargo-fuzz corpora in the repository. Size L: many parsers across PKG, TXT, MED, LNX/WIN and CAP.	BLD-042
BLD-@generate-sbom-ci	V2	build	M	Generate an SBOM from the content-addressed dependency graph	GAP-0352,GAP-0010	Critique: mechanised compliance is BLD CI; REL publishes. V2 native repository needs per-Package and per-SystemGeneration SBOMs from the build graph.	BLD-055
BLD-@generation-boot-cycles	V0.5	build	M	Extend the boot harness to SystemGeneration selection cycles		V0.5 exit: selecting the previous generation at boot restores kernel, compositor and Packages, verified by an automated boot-menu test. V0 harness covered reboot/kexec only.	BLD-022
BLD-@guest-test-agent	V0	build	M	Build a guest-side test agent that reports structured results	GAP-0114	V0 Component/Channel/Capability/MemoryObject tests must run inside the booted image and map failures to task IDs over virtio-serial or vsock.	BLD-006
BLD-@gui-harness-desktop-script	V2	build	M	Run the 40-scenario desktop UX script in the GUI harness		V2 exit: desktop shell passes the 40-scenario UX script on all three targets. APP owns scenarios; BLD runs them through the semantic harness on QEMU and lab.	BLD-056
BLD-@hardware-regression-matrix	V0	build	M	Run the hardware regression matrix on QEMU and the reference machine	INV-1052	Critique collapse of retain-Linux items: KRN owns the retained-mechanism inventory; BLD hosts the DRM/PCI/USB/NVMe/net/ACPI regression matrix on QEMU and the single V0 AMD desktop so native features cannot regress hardware support (§55).	BLD-007
BLD-@hermetic-os-env-builds	V1	build	M	Run hermetic builds inside native development environments	GAP-0092	GAP-0092 required the native environment primitive (§35) once it exists. V1 os env becomes the sandbox for self-hosted builds, replacing the Linux-host equivalent.	BLD-043
BLD-@independent-rebuilders	V4	build	M	Verify reproducible builds with independent rebuilders	GAP-0377	V4 exit: 100% of SystemGeneration Packages reproduce on two independent builders and a public verifier exists. This task stands up the second builder and publishes per-generation status.	BLD-074
BLD-@jakeos-baremetal-ci-runners	V3	build	L	Migrate CI runners to bare-metal JakeOS	GAP-0153	Critique: full CI-on-JakeOS after installer/updater exist. Dogfoods unattended operation and remote management that desktop daily-driving never hits.	BLD-064
BLD-@kernel-debug-workflow	V0	docs	S	Document and CI-exercise the kernel debug workflow	EXTRA-010	Critique extra: QEMU gdbstub, kgdb, early console and drgn crash-dump analysis in one page, exercised in CI so the fork is debuggable from the first boot.	BLD-008
BLD-@lab-ci-integration	V1	build	M	Wire the hardware lab scheduler into nightly and post-merge CI		V1 Intel-laptop gates (Wi-Fi, 200 suspend cycles, GPU-accelerated Linux apps) and the critique's lab-on-critical-path note. LAB owns LAVA-like scheduling; BLD submits jobs and consumes results.	BLD-044
BLD-@licence-scan-ci	V0.5	build	M	Run licence compliance scanning in CI across kernel, crates and firmware	GAP-0155,GAP-0010,GAP-0011	SPDX and cargo-deny with a zero-unknown gate. GOV owns the allowlist Decision; BLD enforces it.	BLD-023
BLD-@milestone-test-images	V0.5	build	M	Produce milestone test images from the shared image builder	GAP-0115	Moved from V0: critique puts the image builder at V0.5 (INS EXTRA-070). Desktop test images must come from the same builder as shipped images. V0 continues to use the hermetic QEMU smoke image.	BLD-024
BLD-@one-command-linux-build	V0	build	M	Provide a hermetic one-command Linux-host build and source mirror	GAP-0458,GAP-0092,GAP-0157,GAP-0161,GAP-0096	V0 exit boots from a CI-built image reproducible from a tagged commit; this is the contributor entry point. Hermetic sandbox, content-hash mirror, committed lockfiles and a containerised Linux env for non-Linux hosts (nongoal: no native Windows/macOS host builds before 1.0).	BLD-009
BLD-@perf-and-demo-ci	V0	build	M	Run the core benchmark suite and V0 demos in CI	INV-1041,INV-1175	V0 benchmark gates are publish-only (critique). BLD executes BEN harnesses on pinned QEMU and the reference desktop and records V0 demo runs. Numeric fail-on-regression is the V1 blocking hook; BEN owns methodology and the quiet fleet.	BLD-010
BLD-@perf-ci-fleet	V1	build	M	Stand up the quiet bare-metal performance CI fleet	GAP-0135	workstreams.md gives the perf-CI fleet to BLD. BEN consumes the machines; LAB is the physical site.	BLD-045
BLD-@pin-userspace-rustc	V1	build	S	Pin the userspace rustc and rustup profile for self-host builds		V1 self-host and SDK v1 need a pinned userspace rustc distinct from the kernel RfL pin (GAP-0089), with a next-candidate canary that does not block kernel builds.	BLD-046
BLD-@pinned-sysroot	V1	build	M	Pin a reproducible userspace sysroot and toolchain artifacts		V1 bit-for-bit self-host and later independent rebuilders need a content-addressed sysroot, not an ambient distro toolchain, while still carrying only upstream rustc/LLVM (GAP-0160).	BLD-047
BLD-@premerge-lint-gates	V0	build	M	Enforce license, provenance, unsafe and static-analysis merge gates	GAP-0002,GAP-0009,GAP-0037,GAP-0123,INV-0957,GAP-0124,GAP-0011,GAP-0155	Collapse of V0 invariants and lint deliverables: kernel license allowlist (no Apache-2.0-only/CDDL), SPDX headers, Signed-off-by and verified signatures, rustfmt/clippy -D warnings, sparse/smatch/checkpatch, cargo-deny, Miri where feasible, unsafe inventory. SDK forbid(unsafe_code) templates stay in SDK; GOV owns DCO policy.	BLD-011
BLD-@promote-without-rebuild	V3	build	M	Build release artifacts once and promote them across channels		V3 release pipeline: build once, then promote identical artifacts through nightly, testing and stable. BLD must not rebuild per channel or qualification is void.	BLD-065
BLD-@public-ci-dashboards	V3	build	S	Publish public CI and benchmark dashboards		V3 benchmark gates require public dashboards. BEN owns numbers; BLD publishes pass/fail, flake and BEN exports without leaking embargoed jobs.	BLD-066
BLD-@public-repro-verifier	V4	build	M	Ship a public verifier for independent rebuilds		V4 exit: a public verifier tool is available so reproducibility is not only the project's own pipeline.	BLD-075
BLD-@qemu-boot-harness	V0	build	L	Define the QEMU boot matrix, boot harness and kselftests	GAP-0111,GAP-0112,EXTRA-011	V0 primary CI target is QEMU/KVM. Declares q35/OVMF/TPM/virtio/CPU/memory/NUMA axes, drives boot-complete over serial, detects panics, reboot and kexec. Nightly kselftests for every retained subsystem. Generation-selection cycles wait for V0.5.	BLD-012
BLD-@qemu-jakeos-ci-runner	V2	build	M	Run a QEMU-hosted JakeOS CI runner as the self-host step	GAP-0153	Critique contradiction 8: migrating CI to JakeOS at V2 predates the installer. V2 step is a QEMU-hosted JakeOS runner; bare-metal migration waits for V3.	BLD-057
BLD-@quiet-perf-ci-fleet	V1	build	M	Stand up the quiet bare-metal performance CI fleet	GAP-0135	workstreams.md gives the quiet bare-metal perf-CI fleet to BLD; no existing BLD fleet-rack slug (perf-and-demo-ci runs V0 publish-only on QEMU plus the reference desktop). V1 with blocking-perf-ci-hook. Fixed frequency, disabled turbo/SMT, isolated from other CI load. BEN consumes the machines; LAB does not rack this fleet.	BLD-048
BLD-@rc-soak-matrix	V4	build	M	Run release-candidate soak matrices on the Tier 1 fleet		V4 exit: two RC cycles each with soak on the full Tier 1 fleet and no P0. BLD owns the matrix jobs; LAB owns machine uptime.	BLD-076
BLD-@release-qualification-tier	V3	build	M	Implement the release-qualification CI tier	GAP-0109	GAP-0109 named release qualification at V0 but public alpha is the first rung that ships channels. Mechanical checklist: gates green, reproducibility, Tier 1 pass, no unresolved BEN regressions. REL GAP-0148 consumes it.	BLD-067
BLD-@remote-build-cache	V0.5	build	M	Deploy a shared content-addressed remote build cache	GAP-0101	Pre-merge feedback stays usable only if compiler and artifact caches are shared and hits are checked against reproducible outputs (§27 cached build outputs).	BLD-025
BLD-@repro-all-generation-packages	V4	build	L	Make every SystemGeneration Package reproduce bit-for-bit	GAP-0093	V4 reproducible-builds gate for the inherited Linux toolchain plus native Packages. 1.0 two-rebuilder-release reuses this as the remaining independent-party proof.	BLD-077
BLD-@rust-in-kernel-toolchain	V0	build	L	Establish pinned Rust-in-kernel toolchain and Kbuild integration	INV-0007,INV-0936,GAP-0089	V0 scope requires Rust-in-kernel so native subsystems can land. Pins rustc, allowed unstable features, RfL-tied upgrade cadence, bindgen/Kbuild, and a next-candidate toolchain canary. Kernel half of §50.	BLD-013
BLD-@sanitizer-build-profiles	V0.5	build	M	Define sanitizer debug and release build profiles and boot them nightly	GAP-0103	V0 memory-safety bugs in inherited C and unsafe Rust are caught only if lockdep/KASAN/KCSAN/UBSAN/KFENCE and Rust debug assertions actually boot. Release profile is LTO plus stripped; a symbols-preserved variant feeds later symbol upload.	BLD-026
BLD-@sbom-ci-gate	V3	build	S	Gate releases on complete SBOMs for every SystemGeneration		1.0 security posture and REL GAP-0095 need every shipped generation to have an SBOM. Turns generate-sbom-ci into a release-qualification failure.	BLD-068
BLD-@self-host-full-system-build	V1	build	L	Deliver Linux-host bootstrap and self-hosted full-system builds	GAP-0091,GAP-0390,INV-1211	V1 exit: a clean checkout builds the full image on the OS inside os env and the image boots the V0/V0.5 suites. Documents a small contributor path on Linux and on JakeOS. ENV owns os env; BLD owns the build graph.	BLD-049
BLD-@semantic-gui-harness	V0.5	build	L	Build the semantic-interface and accessibility-tree GUI test harness	GAP-0118,INV-0796	Implements the harness so V0.5 scripted app scenarios and compositor-rebind run in QEMU CI without pixel scraping.	BLD-027
BLD-@six-machine-ci	V3	build	M	Run nightly CI on all six Tier 1 machines		V3 hardware scope: six Tier 1 machines fully tested each release, including NVIDIA. BLD schedules the nightly matrix LAB hosts.	BLD-069
BLD-@slsa-provenance-generation	V3	build	M	Emit SLSA-style build provenance from hermetic CI		REL GAP-0095 publishes SBOM plus signed provenance; BLD emits the provenance from the hermetic, no-network-after-fetch builder so attestations match actual CI.	BLD-070
BLD-@soak-ci-fleet	1.0	build	S	Run the 1.0 soak matrix on the Tier 1 fleet		1.0 exit: final RC soaked on the full Tier 1 fleet with zero open P0/P1. BLD keeps the qualification matrix green for the soak window; REL owns channel launch.	BLD-079
BLD-@spike-component-test-isolation	V1	spike	M	Spike Component and ResourceDomain isolation for parallel tests	GAP-0163	Once V0 primitives are stable, evaluate one Component per test as the isolation unit. Report must measure creation cost against BEN Component-creation B-IDs rather than claiming speedups.	BLD-050
BLD-@spike-linker-lto-pgo	V1	spike	M	Spike linker, LTO and PGO effects on binaries and benchmarks	GAP-0104	Must precede the linker adr. Measures lld versus mold, LTO scope and PGO against BEN §54 harnesses and bit-for-bit rebuilds so PGO cannot silently break reproducibility.	BLD-051
BLD-@ten-machine-ci	V4	build	M	Run nightly CI on at least ten Tier 1 machines		V4 hardware: at least ten named Tier 1 machines fully tested each RC. Extends six-machine-ci.	BLD-078
BLD-@test-results-dashboard	V1	build	M	Deploy a per-commit test-results database and dashboard	GAP-0121	KernelCI-style history, flake rate and duration per commit, configuration and machine. BEN owns the performance TSDB; this is pass/fail/flake for functional jobs.	BLD-052
BLD-@three-target-hardware-ci	V2	build	M	Run CI on the three V2 target machines		V2 hardware scope is exactly three named machines. Extends lab-ci-integration so nightly and qualification jobs cover AMD desktop, Intel laptop and AMD laptop.	BLD-058
BLD-@two-rebuilder-release	1.0	build	M	Reproduce the 1.0 image with two independent rebuilders	GAP-0093	1.0 exit: 100% of 1.0 SystemGeneration Packages reproduce bit-for-bit on two independent builders and a third party has reproduced the release image with published matching checksums.	BLD-080
BLD-@userspace-sanitizer-ci	V2	build	M	Run userspace sanitizer profiles for native Components in nightly CI		V0 sanitizer profiles boot the kernel; V2 desktop code needs ASAN/LSAN/TSAN (or equivalent) on native Components in nightly CI without exploding the pre-merge budget.	BLD-059
BLD-@virtio-gpu-qemu-matrix	V0.5	build	S	Add virtio-gpu QEMU configurations to the compositor CI matrix		V0.5 hardware scope: QEMU/KVM with virtio-gpu for compositor CI. Extends the V0 q35 matrix so GFX jobs have a GPU-less and virtio-gpu path.	BLD-028
BLD-@w1-nightly-gpu-capacity	V2	build	S	Provision GPU-equipped nightly capacity for the W1 corpus		V2 W1 gates need GPU lab jobs. WIN owns corpus and Wine suite; BLD sizes nightly GPU runners so those jobs are not starved by kernel QEMU.	BLD-060
BOOT-@anti-rollback-watermark	V3	build	M	Enforce the security-fix watermark in the bootloader per the anti-rollback decision	GAP-0207	Implements decide-anti-rollback: the signed manifest carries a watermark, the bootloader compares it against a monotonic counter, and behaviour follows the chosen policy with tests for each branch.	BOOT-038
BOOT-@bench-boot-rollback-time	V0.5	benchmark	S	Build the harness measuring reboot-into-previous-generation time and publish results		V0.5 benchmark gate 'generation switch and rollback time measured and published'; the boot-menu rollback segment is BOOT's metric (PKG owns the switch segment) and must live in the BEN register with a method.	BOOT-006
BOOT-@bench-boot-to-login	V1	benchmark	M	Build the boot-to-login timing harness and publish results beside Linux and Windows		V3 benchmark gate 'boot time to login on each Tier 1 machine measured and published'; critique #5 requires boot gap #74's numbers to live in the register with a method, so the harness exists from V1 on the desktop and Intel laptop.	BOOT-016
BOOT-@bench-preboot-unlock-time	V1	benchmark	S	Build the pre-boot unlock latency harness and publish results		Critique #5: the '< 500 ms unlock' figure from boot gap #74 must be a registered B-ID with a harness, not a milestone claim; measured from unlock submission to root pivot on both V1 machines.	BOOT-017
BOOT-@bls-entries-os-release	V3	build	S	Expose SystemGenerations to foreign bootloaders via BLS entries and an os-release descriptor	GAP-0402	Coexistence is bidirectional: os-prober and systemd-boot on a co-installed distro must list JakeOS generations or users assume the install failed.	BOOT-039
BOOT-@boot-chain-audit-fixes	V4	build	M	Close all High and Critical external-audit findings against the bootloader chain		V4 exit: external security audit (GOV GAP-0240 names the bootloader chain) with all High/Critical fixed and re-verified by the auditor.	BOOT-046
BOOT-@boot-counter-fallback	V1	build	L	Implement boot counting, bad-generation marking and unattended fallback to last known-good	GAP-0174,INV-0562,GAP-0175	§30 'if boot fails, boot the previous generation' needs a defined failure detector; includes the counter storage on the ESP/EFI variable and the capability-gated boot-success primitive that SVC's init reports through. Needed before V2's fault-injected rollback gate.	BOOT-018
BOOT-@boot-entry-format	V0.5	build	M	Define the on-disk boot-entry format mapping a menu entry to a SystemGeneration	GAP-0169	Fixed contract between bootloader (BOOT) and generation store (PKG): entry → generation ID, kernel image, verified store root hash, signed manifest; includes a Rust parser/writer crate and a golden-file compatibility test.	BOOT-007
BOOT-@boot-fallback-fault-test	V2	build	M	Fault-inject a broken SystemGeneration and verify unattended fallback on the three target machines	INV-0562,GAP-0174	V2 exit: a fault-injected broken update automatically boots the previous generation, tested on all three machines; adds the LAB-driven power-cycle harness reused by V3 and 1.0 gates.	BOOT-028
BOOT-@boot-fork-qemu-ovmf	V0	build	M	Boot the forked kernel on QEMU/KVM under OVMF from a CI-built image	INV-1154	V0 exit: kernel fork boots on QEMU/KVM from a CI-built image, reproducible from a tagged commit; QEMU/OVMF is the primary CI target.	BOOT-001
BOOT-@boot-fork-reference-desktop	V0	build	M	Boot the forked kernel on the reference AMD desktop from the tagged CI image	INV-1154	V0 exit and §59: boot on at least one physical reference machine; covers UEFI firmware quirks, serial console and power-cycle automation on the LAB rig.	BOOT-002
BOOT-@cmdline-signed-gate	V1	build	S	Embed the kernel command line in the signed SystemGeneration and test that edits fail verification	GAP-0177	Invariant covered by a test gate: the command line is part of the signed image, the boot-time editor is disabled outside developer mode, and CI proves a modified command line is rejected.	BOOT-019
BOOT-@decide-anti-rollback	V3	adr	S	Decide the anti-rollback policy for SystemGenerations older than a security watermark	GAP-0207	§30 first-class rollback and downgrade-attack protection are in direct tension; V3 public alpha exposes rollback to strangers. Options: block below watermark; allow with warning; allow only in developer mode.	BOOT-040
BOOT-@decide-boot-success	V1	adr	S	Decide what 'boot succeeded' means and which Component may clear the boot counter	GAP-0175	Too early lets a broken desktop mark itself good, too late breaks headless and recovery boots; SVC's init is the reporter. Options: session manager reached greeter; user authenticated; per-boot-mode profile (headless/recovery/desktop).	BOOT-020
BOOT-@decide-bootloader	V0.5	adr	S	Decide the bootloader: systemd-boot, GRUB or a native Rust UEFI stub	GAP-0167,GAP-0528	V0.5 exit requires an accepted adr for the generation switching mechanism; generation selection, boot counting and PCR policy all depend on this choice. Options: systemd-boot; GRUB; native Rust UEFI stub.	BOOT-008
BOOT-@decide-early-boot-store	V0.5	adr	S	Decide how early boot locates the content store and the selected SystemGeneration	GAP-0529	Generation booting only works if early boot finds immutable objects before trusting mutable state; pairs with SVC's early-userspace adr (GAP-0170). Options: initramfs-embedded locator; kernel command line parameters; bootloader-passed manifest.	BOOT-009
BOOT-@decide-early-time-trust	V1	adr	S	Decide the trusted time source policy before network time is available	GAP-0209	Certificate and signature validity checks at early boot need a clock trust policy. Options: bootloader-persisted monotonic floor; build-timestamp floor of the booted generation; RTC trusted with TPM-backed clock attestation.	BOOT-021
BOOT-@decide-esp-policy	V2	adr	S	Decide ESP policy: reuse the existing OEM ESP or create a dedicated ESP for generation entries	GAP-0400	V2 target laptops ship Windows-created 100 MB ESPs and V3's dual-boot installer (INS) depends on the layout; decided at V2 so INS can build on it. Options: reuse existing ESP with compact entries; dedicated ESP; reuse with XBOOTLDR-style extended partition.	BOOT-029
BOOT-@decide-firmware-update-atomicity	V2	adr	S	Decide atomicity of kernel, driver and firmware updates within a SystemGeneration	INV-0567	§30 rollback conflicts with firmware that cannot be rolled back; the adr defines what a generation guarantees and what is recorded as irreversible in §31 history (cross-ref HW). Options: firmware outside generations; firmware staged with the generation and flagged irreversible; firmware applied only after boot-success.	BOOT-030
BOOT-@decide-gplv3-boot-chain	V0.5	adr	S	Decide whether GPLv3 components may appear in the boot chain and how Installation Information is met	GAP-0020	Secure/measured boot plus GPLv3 (GRUB, gnupg) triggers anti-tivoization obligations; must be settled alongside decide-bootloader. Options: no GPLv3 in the boot chain; GPLv3 permitted with user-enrollable Secure Boot keys as Installation Information; GPLv3 only in developer mode images. The base-image half (coreutils, bash) is GOV licensing policy.	BOOT-010
BOOT-@decide-secure-boot-strategy	V2	adr	M	Decide Secure Boot distribution: Microsoft-signed shim, enrolled project keys, or both	GAP-0179,GAP-0326,GAP-0403	Most retail hardware ships only Microsoft keys and dual-boot machines must keep Windows Secure Boot and BitLocker functional; V3 exit requires Secure Boot on all Tier 1 machines so the strategy is fixed at V2. Options: shim + MOK; user-enrolled PK/KEK/db; both.	BOOT-031
BOOT-@decide-uefi-only	V0	adr	S	Decide UEFI-only boot on x86-64 with no legacy BIOS/CSM support through 1.0	GAP-0166,GAP-0478	Standing non-goal covered by the adr that decides it; must precede the V0 reference-desktop boot so no BIOS path is ever built or tested. Options: UEFI-only; UEFI plus CSM; UEFI now with BIOS revisit at V3.	BOOT-003
BOOT-@decide-unified-kernel-image	V0.5	adr	S	Decide whether each SystemGeneration boots as one signed UKI or separately verified parts	GAP-0168	The image format must be fixed before the generation store layout (PKG) and boot-entry format are frozen; determines Secure Boot signing units and PCR predictability. Options: single signed UKI; kernel + separately verified initramfs and command line; UKI with detached add-ons.	BOOT-011
BOOT-@decide-v0-boot-strategy	V0	adr	S	Decide V0 boots Linux init from a retained initramfs with native Components beside it	EXTRA-046,INV-0120	Critique contradiction #2: the V0 exit 'boots to a native init' conflicts with §5.1 Phase A; the adr fixes V0 = retained Linux boot and initramfs handoff with native Components started beside init, native init deferred to V0.5 (SVC). Options: retained initramfs + Linux init; native init at V0; hybrid stub init.	BOOT-004
BOOT-@developer-mode	V1	build	L	Ship documented developer mode: own Secure Boot keys, self-built kernels, visible indicator	GAP-0178	V1 self-hosting requires booting self-built kernels; developer mode enrols owner keys, disables lockdown and exposes a non-suppressible state that APP's shell renders as a persistent indicator; includes the enrolment guide.	BOOT-022
BOOT-@early-boot-store-mount	V0.5	build	L	Mount the content store read-only in early boot and hand off to native init	GAP-0529	Implements decide-early-boot-store: early userspace locates the store and selected generation, mounts immutably, and hands off to SVC's native init so the cold-boot-to-native-desktop demo starts from a SystemGeneration.	BOOT-012
BOOT-@early-entropy-seed	V1	build	M	Seed the kernel RNG at boot from TPM, CPU RNG and a bootloader-persisted seed	GAP-0209	First-boot disk unlock, TLS and signature checks depend on early entropy; the bootloader persists and refreshes a seed on the ESP and the kernel credits TPM and RDSEED sources.	BOOT-023
BOOT-@efivars-capability	V1	build	M	Gate UEFI variable and firmware-settings access behind a Capability with no ambient efivarfs	GAP-0204	§9 no ambient authority; writable efivars can brick firmware or alter Secure Boot state; a typed firmware-variable service replaces ambient efivarfs for native Components and a denial test is added.	BOOT-024
BOOT-@esp-atomic-update	V1	build	M	Make bootloader and ESP updates atomic with tested rollback of the bootloader itself	GAP-0176	An interrupted bootloader update is the one failure generations cannot roll back from; dual-slot or write-then-rename with a power-cut test in QEMU is required before the V1 signed-repository update path ships.	BOOT-025
BOOT-@esp-generation-retention	V0.5	build	M	Manage ESP space so at least N previous SystemGeneration kernels stay bootable		1.0 definition (3) requires N ≥ 3 previous generations bootable and the V0.5 exit requires the previous kernel selectable at boot; per-generation kernel images on the ESP need retention, garbage collection and out-of-space handling.	BOOT-013
BOOT-@foreign-bootloader-coexistence	V3	build	L	Chain-load Windows Boot Manager and foreign Linux loaders and self-heal BootOrder	GAP-0401	V3 installer supports dual boot (INS GAP-0208); Windows updates rewrite BootOrder and bootx64.efi, so the boot chain must chain-load foreign loaders and repair its own entries on next boot.	BOOT-041
BOOT-@generation-boot-menu	V0.5	build	L	Present previous SystemGenerations in the boot menu with automated boot-menu selection test	INV-0561	V0.5 exit: selecting the previous generation at boot restores the previous kernel, compositor and packages, verified by an automated boot-menu test on QEMU (serial/firmware-driven selection) and the reference desktop.	BOOT-014
BOOT-@generation-verity-verify	V2	build	M	Verify SystemGeneration images at boot against their content hashes via the boot-entry root	INV-0569	§26 integrity verification and §27 content addressing: the verified store root hash in the boot entry drives dm-verity on the generation image; a tampered image must fail closed.	BOOT-032
BOOT-@initramfs-native-launch	V0	build	M	Retain the Linux initramfs handoff and launch native Components beside Linux init	INV-0120,EXTRA-046	§5.1 preserve boot initially; implements decide-v0-boot-strategy so the V0 demos (Component A/B, busybox and L0 corpus side by side) start from one retained initramfs.	BOOT-005
BOOT-@integrity-failure-ux	V2	build	M	Design and build the integrity-failure experience with a guaranteed recovery path	GAP-0206	Verity, PCR or signature failures after firmware changes are inevitable; the user sees a diagnosis, can enter the recovery boot entry, and no path silently bypasses verification; INS owns the recovery environment itself.	BOOT-033
BOOT-@key-rotation-boot-drill	V4	build	M	Rehearse signing-key rotation and SBAT revocation through the boot chain on the testing channel		V4 exit: signing key rotation drill executed on the testing channel without breaking updates; the bootloader must accept rotated db/MOK certificates and revoked SBAT generations while keeping previous generations bootable.	BOOT-047
BOOT-@measured-boot-pcr	V2	build	L	Extend kernel, command line, generation ID and verity root into TPM PCRs with signed PCR policies	GAP-0191	Without predictable PCR policy every update strands sealed disk keys; ships signed expected PCR values per generation so SEC's re-seal (GAP-0199) and TPM service (GAP-0192) can keep unlock working across updates.	BOOT-034
BOOT-@preboot-unlock-graphical	V2	build	M	Build the graphical DPI-aware pre-boot unlock UI	GAP-0197	GAP-0197 specifies graphical, DPI-aware unlock at V2 for the polished desktop on three target machines, including HiDPI laptop panels.	BOOT-035
BOOT-@preboot-unlock-text	V1	build	L	Build the text pre-boot unlock UI with passphrase, TPM+PIN, recovery key and layouts	GAP-0197	V1 scope allows manually configured encryption; unlock must work before the compositor exists with multiple enrolled slots and keyboard layout selection; consumes SEC's sealing design.	BOOT-026
BOOT-@reproducible-boot-images	V4	build	M	Make UKI and bootloader images reproduce bit-for-bit with deterministic signing layout		V4 exit: 100% of system-generation packages reproduce on two independent builders; PE assembly and embedded Authenticode signatures need deterministic layout or detached verification for BLD's verifier to pass.	BOOT-048
BOOT-@rollback-guarantee-tier1	1.0	build	M	Verify the update and rollback guarantee by fault injection on every Tier 1 machine	INV-0562,GAP-0174	1.0 exit: on every Tier 1 machine a fault-injected failing generation boots back automatically, N ≥ 3 generations remain bootable, and a power pull mid-update recovers; the release ceremony demo depends on it.	BOOT-049
BOOT-@secure-boot-docs	V3	docs	S	Document the Secure Boot key or shim path, developer mode and recovery for public alpha users	GAP-0178,GAP-0206	V3 exit requires Secure Boot 'using the documented key or shim path' and public install documentation good enough for strangers; covers key enrolment, MOK prompts, developer mode and integrity-failure recovery.	BOOT-042
BOOT-@secure-boot-tier1-verify	V3	build	M	Verify Secure Boot and measured-boot event-log recording on every Tier 1 machine	GAP-0191,GAP-0326	V3 exit: all Tier 1 machines boot with Secure Boot on and measured boot records generation identity in the TPM event log, verified; the matrix extends to ten machines at V4 and is re-run each RC.	BOOT-043
BOOT-@shim-mok-boot-chain	V3	build	L	Integrate shim and MOK enrolment into the signed boot chain per the Secure Boot strategy	GAP-0179,GAP-0326,GAP-0021	V3 exit: Tier 1 machines boot with Secure Boot enabled using the documented shim or key path; wires shim, MOK enrolment of the project certificate and SBAT metadata into the bootloader and UKI build.	BOOT-044
BOOT-@shim-submission-plan	V2	docs	S	Plan the shim-review submission, legal applicant and re-signing process	GAP-0021	V3 risk 'shim requires an external review process with uncertain timelines'; the plan (applicant entity, review-board requirements, SBAT and re-signing per shim change) must exist at V2 so REL can run the submission (GAP-0180) in time for V3.	BOOT-036
BOOT-@sign-generation-manifest	V1	build	M	Verify the release-key signature of every SystemGeneration manifest before offering it	GAP-0172	Root of trust for the immutable generation model; V1 exit 'packages signed, verified before activation' and the V1 adr on package signing and trust roots; consumes REL's key hierarchy decision (GAP-0322, V0.5).	BOOT-027
BOOT-@spike-bootloader-candidates	V0.5	spike	M	Prototype systemd-boot+UKI and a Rust UEFI stub booting a SystemGeneration from the store	GAP-0167,GAP-0528	Precedes decide-bootloader; §57 forbids rewriting a mature piece without demonstrated benefit, so the adr needs measured evidence (generation selection, Secure Boot chain, PCR measurement, ESP footprint) from both candidates on QEMU/OVMF.	BOOT-015
BOOT-@uefi-capsule-staging	V2	build	M	Stage UEFI capsule updates on the ESP within a generation transition with PCR re-seal hooks	INV-0567	Boot-chain side of HW's firmware update service: capsules are staged on the ESP, applied by firmware at reboot, and the boot chain triggers SEC re-seal before and after; implements decide-firmware-update-atomicity.	BOOT-037
CAP-@ai-action-revocation	V2	build	M	Make AI action Capabilities revocable mid-run with a logged action graph	INV-0828	V2 exit criterion: AI demo with the full action graph logged and one step revoked mid-run. Must depend on SEM's semantic registry task (§57: no AI before the semantic object model).	CAP-041
CAP-@ambient-authority-lint	V0.5	build	S	Lint native SDK and system Components for ambient authority and descriptor-shaped APIs	INV-0042,INV-0200,INV-0036	Standing invariants enforced by a CI lint: no native SDK entry opens objects by ambient path or fd-shaped handle, no system Component is launched with a wildcard set; first matters when the four V0.5 apps and SDK expand.	CAP-016
CAP-@background-execution-capability	V0.5	build	M	Gate persistent background execution behind Capability<BackgroundExecution>	INV-0391	§21: persistent background execution beyond the owning application requires an explicit capability; V0.5 introduces services and applications that outlive windows. TSK owns TaskGroup lifetime, CAP defines the type and check.	CAP-017
CAP-@bench-capability-operations	V0.5	benchmark	M	Benchmark Capability mint, derive, transfer and revocation cost		BEN anti-fake-claim policy (§53): decide-revocation-semantics states cost bounds that must be measured in CI, and the V0.5 gate re-runs all benchmarks with regression checks; publish-only, no target.	CAP-018
CAP-@capability-audit-export	V1	build	M	Export Capability audit events for the permissions log viewer and os trace		V1 scope excludes 'Permissions UI beyond a log viewer', so a log viewer is in scope and needs structured audit export; V1 exit requires `os trace` session export.	CAP-030
CAP-@capability-audit-log	V0	build	M	Record Capability grants, derivations, revocations and denials in the audit log		V0 scope line 'Capability<T>: creation, derivation, attenuation, transfer over channels, revocation, audit log (CAP)' and the V0 isolation demo 'typed denial visible in the audit log'; §7 lists auditable as a Capability property.	CAP-001
CAP-@capability-audit-remediation	V4	build	M	Close external audit findings in Capability enforcement		V4 exit criterion: external security audit of kernel capability enforcement with all High/Critical findings fixed and re-verified.	CAP-050
CAP-@capability-conformance-suite	V4	build	M	Complete conformance tests for every frozen Capability entry point		V4 exit criterion: every L1 entry point has a conformance test and binaries built against the freeze candidate run on every subsequent build.	CAP-051
CAP-@capability-freeze-candidates	V1	build	M	Declare Capability L1 surfaces freeze candidates with conformance tests		Ladder V1: L1 freeze candidates with SDK v1; critique forbids freezing in V0 and requires spikes in the closure of every freeze. Depends on spike-cheri-abi-validation and formal-capability-model.	CAP-031
CAP-@capability-freeze-verification	V4	spike	M	Re-validate the frozen Capability ABI on CHERI emulator and formal model	GAP-0487,GAP-0488	V4 freezes L1; GAP-0487 demands validation of the frozen ABI on a CHERI emulator and GAP-0488 the formal model before freeze; this precedes the freeze ADR (ABI).	CAP-052
CAP-@capability-fuzz-targets	V2	build	S	Add Capability forge, type-confusion and derivation fuzz targets		V3 gate requires continuous kernel fuzzing with no crasher older than 14 days and V4 requires 30 days; capability-specific targets must be seasoned before V3, so they are added at V2 into BLD's fuzzing infrastructure.	CAP-042
CAP-@capability-inspect	V0	build	S	Expose Capability type, rights and object identity to holders and os inspect	INV-0182	V0 exit criterion requires `os inspect capability` to print state, ownership and relationships; OBS owns the CLI, CAP provides the query surface for a holder's own Capabilities.	CAP-002
CAP-@capability-mint-derive	V0	build	M	Implement Capability mint and attenuating derive with rights monotonicity tests	INV-1158,INV-0181,INV-0184	V0 exit criterion: Capability<File, ReadWrite> derives Capability<File, Read>; deriving Admin fails with a typed error; regression test retained permanently.	CAP-003
CAP-@capability-property-tests	V0.5	build	M	Write property-based tests for Capability unforgeability, typing and attenuation	GAP-0131,INV-0177,INV-0178,INV-0184,INV-0200	Standing invariants (unforgeable, typed, attenuation never widens, revocation complete, no ambient authority) enforced by one property/model-based suite rather than one task per rule; forged-handle test satisfies the V0 exit criterion.	CAP-019
CAP-@capability-reference-docs	V3	docs	M	Document every Capability object type and right for the Layer 1 reference		V3 exit criterion: 100% of Layer 1 ABI entry points have reference pages; 1.0 definition requires every capability right documented. DOC owns generation, CAP authors the content via object-rights-registry.	CAP-046
CAP-@capability-revocation	V0	build	L	Implement Capability revocation invalidating all derived Capabilities	INV-0180,INV-0187,INV-1158	V0 exit criterion: revoking a Capability makes every derived Capability fail within one Operation at derivation depth 8. Depends on decide-revocation-semantics.	CAP-004
CAP-@capability-stability-statement	1.0	docs	S	Publish the Capability model guarantees and non-promises for 1.0		1.0 exit criterion: ABI stability statement and explicit non-promises, including that CHERI-class hardware enforcement is not promised, only ABI room (ladder 1.0 scope out).	CAP-053
CAP-@capability-table-core	V0	build	L	Implement the kernel Capability object and per-Component Capability table	INV-0050,INV-0113,INV-0173,INV-0174,INV-0178,INV-0223,INV-0951,INV-1315,INV-1325	Kernel-owned enforcement: every object access resolves a typed handle through the holder's table, type mismatch fails at the kernel boundary with a typed error. Required by V0 exit criteria for Component creation with capabilities and forge/type failures.	CAP-005
CAP-@capability-transfer	V0	build	L	Implement Capability transfer over Channels and at Component creation	INV-0179,INV-0998,INV-1158	Crosses IPC (capability-carrying message slots) and CMP (explicit set attached at creation, native isolation path step 3). Required by the V0 §59 demo where B transfers a MemoryObject Capability back to A.	CAP-006
CAP-@debug-attach-capabilities	V1	build	L	Model debugger attach, tracing and memory reading as explicit Capabilities	GAP-0189	V1 native debugger attaches to a Component and LNX ptrace-equivalent (critique: V1) must be gated by an explicit debug Capability rather than same-user checks; crosses SDK, OBS and LNX.	CAP-032
CAP-@decide-capability-persistence	V0.5	adr	M	Decide Capability persistence across Component restart and reboot	GAP-0486,INV-0491	Single decision: sturdy references vs revocable persistent grant store vs re-prompt, and which object types may ever persist. Must precede the V1 persistent-grant-store and V2 grant continuity; depends on spike-capability-os-survey.	CAP-020
CAP-@decide-cross-machine-unforgeability	V3	adr	S	Decide how Capability unforgeability survives machine boundaries	INV-0817	Answers the §43 question (cryptographic capabilities vs sturdy references vs proxies) so the ABI does not foreclose it; distributed interfaces themselves remain LATER and outside 1.0.	CAP-047
CAP-@decide-grant-sources	V0	adr	S	Decide explicit grant sources replacing ambient permissions	INV-0076,INV-0042,INV-0200	Single decision: the sources of a Component's authority (creator at launch, user choice via chooser, Package manifest request) so V0 components receive exactly what they are handed. SEC's V0.5 grant-taxonomy ADR refines the taxonomy on top of this.	CAP-007
CAP-@decide-handle-representation	V0	adr	M	Decide the userspace Capability<T> handle representation and table design	GAP-0483,INV-0072,INV-0036,INV-0188,INV-0714	Single decision: how a Capability<T> is represented to userspace and laid out in the per-Component table, replacing file descriptors and reserving room for hardware enforcement. Depends on spike-handle-representation, spike-cheri-escape-hatches and spike-sel4-capability-study; the ABI shape ADR must depend on this. S-state prototyped only, no freeze in V0.	CAP-008
CAP-@decide-hardware-capability-mapping	V1	adr	S	Decide the Capability<T> and MemoryObject mapping onto hardware capabilities	INV-0719,INV-0190	Single decision recording the CHERI/Morello and tagged-memory findings as the mapping the ABI must remain compatible with; depends on the two V1 spikes.	CAP-033
CAP-@decide-hardware-readiness	V0.5	adr	S	Decide the ABI invariants required for hardware-assisted Capability enforcement	INV-0199,INV-0196,INV-0188	Single decision: the list of ABI invariants (handle opacity, no pointer-derived identity, rights in the object not the handle, etc.) that keep application-visible Capabilities stable across kernel-metadata, page-table, tag or CHERI enforcement. Depends on spike-cheri-pointer-mapping and spike-cheri-escape-hatches.	CAP-021
CAP-@decide-revocation-semantics	V0	adr	S	Decide revocation semantics: eager vs lazy, in-flight Operations, cost bounds	INV-0187,GAP-0484	Answers the INV-0187 question and chooses the strategy from spike-revocation-strategies; the V0 exit criterion (depth-8 revocation within one Operation) cannot be implemented without it. Coordinates with TSK on cancelling in-flight Operations.	CAP-009
CAP-@decide-rights-encoding	V0	adr	S	Decide rights and transfer-rights encoding including Admin authority	INV-0185,INV-0175,INV-0176	Single decision: bitmask vs per-type typed rights vs rights objects, and how Admin and transfer/delegation rights are expressed. Required by the V0 exit criterion listing capability encoding among accepted ADRs; state prototyped per critique.	CAP-010
CAP-@decide-service-discovery	V0.5	adr	S	Decide how a Component obtains its initial and later Capabilities	GAP-0485	Namespace object vs broker Component vs manifest static wiring must be decided before SVC supervision and rebind (V0.5) so services do not invent bootstrap protocols; V0 demo rebinding to a restarted B exercises the initial handoff.	CAP-022
CAP-@discovery-namespace-service	V0.5	build	L	Implement the Capability discovery namespace decided in the service discovery ADR	GAP-0485	V0.5 native init and compositor crash-rebind (SVC) need a defined way for components to obtain later Capabilities; implements decide-service-discovery.	CAP-023
CAP-@enforcement-backend-abstraction	V1	build	L	Abstract Capability enforcement behind a kernel backend interface	INV-0197,INV-0196	Kernel-metadata backend today, hardware later; must exist before freeze candidates are declared so the abstraction is exercised by the conformance tests.	CAP-034
CAP-@formal-capability-model	V1	build	L	Build a machine-checked model of Capability derivation, transfer and revocation	GAP-0488	Formal model must exist before freeze candidates (V1) and is re-checked at the V4 freeze; depends on spike-formal-tooling; model checking runs in CI.	CAP-035
CAP-@grant-continuity-publisher	V2	build	M	Key persistent grants on Package identity and publisher, revoke on publisher change	EXTRA-018	Critique missing requirement 18; V2 store client and update flows would otherwise drop grants on every update. Depends on persistent-grant-store and PKG signing identity.	CAP-043
CAP-@graph-capability-lint	V0.5	build	S	Lint Component graph descriptions for explicit per-Component Capability sets	INV-0235	Standing invariant (§11) enforced by lint over CMP graph descriptions: every Component in a graph declares its Capability set and receives nothing else; first matters when component graphs arrive at V0.5.	CAP-024
CAP-@manifest-grant-binding	V0.5	build	M	Attach only the granted Capability set to a launched Component	INV-0076,INV-0200,INV-0042	V0.5 exit criterion: Image Viewer starts with UI and GPU Capabilities only and cannot open other files. Implements decide-grant-sources at launch time over PKG's manifest and SEC's grant taxonomy; the launcher passes the resolved set to CMP creation.	CAP-025
CAP-@object-rights-registry	V1	build	M	Register typed rights and Admin authority for every kernel object type		V1 introduces NetworkConnection, AudioStream, Surface and Device object types (NET, AUD, GFX, HW); §7 requires per-type rights and a lint fails when a new object type lacks a rights declaration, scaling decide-rights-encoding.	CAP-036
CAP-@one-time-grants	V3	build	M	Implement one-time and time-bounded Capability grants with per-application history		V3 scope: Permissions UI v2 including per-application audit history and one-time grants; V3 exit requires converting a grant to one-time.	CAP-048
CAP-@per-user-grant-stores	V3	build	M	Isolate persistent grant stores per user session		V3 exit criterion: two users with separate sessions, separate capability stores and separate encrypted data.	CAP-049
CAP-@persistent-grant-store	V1	build	M	Implement the revocable persistent grant store with user revocation	GAP-0486,INV-0491	V1 daily-driving requires editors to retain user-selected files across restarts; implements decide-capability-persistence including recent-files and revocation.	CAP-037
CAP-@revocation-immediacy-matrix	V2	build	M	Test immediate revocation across camera, microphone, files, network and screen capture		V2 exit criterion: Permissions UI revocation takes effect immediately, tested with camera, microphone, files, network and screen capture; CAP owns the cross-object-type revocation test matrix that SEC's UI drives.	CAP-044
CAP-@rights-transfer-encoding	V0	build	M	Implement rights and transfer-rights checks on every Capability Operation	INV-0175,INV-0176	Implements the decide-rights-encoding ADR: each Operation on an object checks the holder's rights and each transfer checks delegation rights. Depends on decide-rights-encoding.	CAP-011
CAP-@spike-capability-os-survey	V0.5	spike	M	Survey KeyKOS, EROS, CapROS, Capsicum, Barrelfish and Theseus Capability patterns	INV-1150	Critique moves research studies not informing a V0 surface to V0.5 non-gating; this survey informs the V0.5 persistence ADR (KeyKOS/EROS persistence) and confinement patterns.	CAP-026
CAP-@spike-cheri-abi-validation	V1	spike	M	Validate Capability ABI freeze candidates on QEMU-CHERI	GAP-0487	Critique: no L1 freeze before V4, freeze candidates at V1; this validates the candidates so the promise of hardware readiness is tested before candidacy. Re-run on the frozen ABI in capability-freeze-verification at V4.	CAP-038
CAP-@spike-cheri-escape-hatches	V0	spike	S	Study CHERI capability hardware for ABI escape hatches	INV-1143	Critique names CHERI escape hatches as a V0 spike that must precede the handle-representation ADR so the ABI reserves a sealed-pointer layout (§8, §65 rule 8).	CAP-012
CAP-@spike-cheri-morello-mapping	V1	spike	M	Prototype Capability<T> and MemoryObject mapping on a CHERI/Morello emulator	INV-0719	Concrete mapping prototype preceding the V1 hardware mapping ADR and the freeze-candidate validation.	CAP-039
CAP-@spike-cheri-pointer-mapping	V0.5	spike	S	Document how Capability<T> maps onto CHERI-style capability pointers	INV-0189	Feeds decide-hardware-readiness; establishes the mapping the readiness ADR lists as invariants.	CAP-027
CAP-@spike-formal-tooling	V0.5	spike	S	Evaluate Kani, TLA+ and Alloy for modelling the Capability derivation core	GAP-0131	GAP-0131 asks for the tooling evaluation; it must precede the V1 machine-checked model (formal-capability-model) so the model targets a chosen tool.	CAP-028
CAP-@spike-handle-representation	V0	spike	M	Prototype dense index, sparse token and sealed-pointer Capability handle layouts	GAP-0483	GAP-0483 requires the representation ADR to be backed by a prototype of each option; the V0 exit criterion demands an accepted handle-representation ADR.	CAP-013
CAP-@spike-hardware-provenance	V2	spike	S	Study hardware provenance tracking for Capability audit	INV-0192	§8 research item scheduled at its inventory rung; non-gating input to audit design.	CAP-045
CAP-@spike-revocation-strategies	V0	spike	M	Prototype and measure revocation strategies at one million derived Capabilities	GAP-0484	Derivation-tree walk, epoch indirection and lazy check-on-use must be measured before the revocation semantics ADR; results are published, not claimed.	CAP-014
CAP-@spike-sel4-capability-study	V0	spike	S	Study seL4 CSpaces, derivation trees, revocation and verification for CAP	INV-1132	Critique keeps the seL4 capability study among the six V0 research studies because it directly informs the V0 handle-representation and revocation ADRs.	CAP-015
CAP-@spike-tagged-memory	V1	spike	S	Study tagged memory implications for MemoryObject and Capability storage	INV-0190	Input to decide-hardware-capability-mapping; MEM consulted for MemoryObject implications.	CAP-040
CAP-@userselected-authority-gate	V0.5	build	S	Test that UserSelected<T> results carry authority with no path-based check	INV-0488	Standing invariant enforced by a test gate: the chooser (STO) returns a Capability and no subsequent path permission check exists; verifies the V0.5 chooser exit criterion and demo audit line.	CAP-029
CMP-@address-space-from-package	V0.5	build	M	Map immutable package objects directly into the Component AddressSpace	INV-1015,INV-0221	Workstream scope 'address space from packages': verified-once, shared, position-fixed package objects mapped without a loader stage so the Component launches immediately after mapping.	CMP-017
CMP-@bench-cold-startup	V0.5	benchmark	S	Benchmark native application cold startup	INV-0642	V0.5 benchmark gate 'cold startup measured and published' is a distinct metric from warm startup and needs its own harness and register entry.	CMP-018
CMP-@bench-component-creation	V0	benchmark	M	Benchmark Component creation latency p50/p99 on QEMU and reference hardware	INV-1295,GAP-0489	V0 benchmark gate: creation latency measured and published (publish-only in V0, register target p50 <= 200 us, conditional adr above 500 us); the harness is reused by V1 (<= 100 us), V4 and 1.0 gates and makes Principle 4 a tracked metric.	CMP-001
CMP-@bench-idle-component-memory	V0	benchmark	S	Benchmark resident memory overhead per idle Component	GAP-0491	V0 benchmark gate: memory overhead per idle Component measured and published; the register carries the per-component target (order of 512 KB) so component graphs with hundreds of Components remain viable.	CMP-002
CMP-@bench-warm-startup	V0.5	benchmark	M	Benchmark native application warm startup from click to first presented frame		V0.5 benchmark gate: warm startup measured for each of the four apps and published (register target p50 <= 20 ms for the smallest, §34); workstream scope names warm start under CMP and the same harness serves V1, V2, V4 and 1.0 gates.	CMP-019
CMP-@component-code-mapping	V0	build	M	Map immutable executable objects as Component Code	INV-0221	A Component contains Code as mapped immutable executable objects; in V0 the objects come from the retained initramfs (packages arrive at V0.5), mapped read-only and shared across instances.	CMP-003
CMP-@component-exit-causes	V0	build	M	Implement Component exit causes, teardown and the 100k leak test	EXTRA-004,INV-0070,INV-0046	Delivers typed exit causes (panic, stack overflow, OOM, cancelled, exited) observable through the Component handle, full resource reclamation on destroy, and the V0 exit test creating and destroying 100,000 Components with kernel memory growth under 1%.	CMP-004
CMP-@component-freeze-candidates	V1	build	M	Bring the Component L1 surface to freeze-candidate state with tests	INV-0168	Ladder: L1 surfaces become freeze candidates at V1 with SDK v1 and freeze only at V4; delivers the surface review and candidate conformance tests for Object<Component>, spawn, exit causes and code mapping under the ABI freeze process.	CMP-033
CMP-@component-fuzz-targets	V3	build	M	Add fuzz targets for the Component spawn, exit and code-mapping surface		V3 scope introduces continuous fuzzing (BLD infrastructure); CMP supplies the fuzz targets for its ABI surface so the 1.0 'no known open fuzzer crasher for 30 days' criterion is measurable.	CMP-049
CMP-@component-l1-conformance	V4	build	M	Ship the conformance suite for the frozen Component L1 surface		V4 exit: L1 frozen with a conformance suite; no L1 freeze happens before V4 per the critique, so the freeze-time conformance suite for Object<Component>, spawn and exit causes lands here.	CMP-052
CMP-@component-metrics-publication	1.0	docs	S	Publish reproducible Component creation, memory and startup metrics	INV-1295	1.0 benchmark gates require every §54 metric published against Linux, Windows and macOS with methodology, raw data and scripts; CMP delivers the reproducible package for its three metrics under BEN methodology.	CMP-054
CMP-@component-stability-statement	1.0	docs	S	Write the Component section of the ABI stability statement		1.0 exit publishes the ABI stability statement and explicit non-promises; the Component section states what is frozen, the status of the in-address-space class and what stays personality-only.	CMP-055
CMP-@component-wrapper-creation	V0	build	L	Implement Component creation as one kernel operation over Linux internals	INV-0145,INV-0222,INV-0226,INV-0434,INV-0997,INV-1155	Phase C initial implementation: a single native operation creates the AddressSpace, capability set, owned TaskGroup and ResourceDomain membership by wrapping task_struct, mm_struct, namespaces and cgroups; verifies the V0 exit criterion that a Component can be created, granted capabilities, run code and be destroyed.	CMP-005
CMP-@container-replacement-acceptance	V0.5	build	M	Verify the native isolation path needs no daemon, namespace, overlay or fork	INV-0439,INV-0990,INV-0992,INV-0993,INV-0995	Acceptance suite over the package-based launch path proving the §53 native isolation path (create ResourceDomain, create Component, attach capabilities, map package, schedule) involves no runtime daemon, namespace setup, overlay mount, image layers or fork/exec.	CMP-020
CMP-@creation-fast-path	V1	build	L	Implement the Component creation fast path to the register target	INV-1295,GAP-0489,INV-0631	V1 benchmark gate sets creation p50 <= 100 us; implements the mechanism chosen by decide-wrapper-vs-native (prewarmed templates, cached page tables, batched capability-table setup) and verifies it with bench-component-creation.	CMP-034
CMP-@creation-linux-baselines	V1	build	S	Publish Component creation beside fork+exec, clone and podman run	INV-1295	V1 benchmark gate requires creation latency published beside fork+exec, clone and container start on the same hardware; extends the V0 harness with the Linux baselines under BEN methodology, no superiority claim.	CMP-035
CMP-@decide-address-space-model	V0.5	adr	M	Decide whether every Component owns a hardware address space	INV-0231,GAP-0490,INV-0952	Determines whether an intra-address-space component class exists for plugins and decoders; V0 exit requires accepted adrs for all architectural choices and this one bounds isolation cost before applications are architected as component graphs. Depends on spike-in-address-space-isolation.	CMP-021
CMP-@decide-component-replaces-process	V0	adr	M	Decide what replaces PID, parent/child, exit status and process groups	INV-0070,INV-0035,INV-0220	Component replaces process as the unit of isolation; this adr fixes the native replacements for process identity, lineage, exit status and grouping (options: Object<Component> handles only, handle plus kernel-visible lineage, opaque identity with supervisor-held lineage) that every V0 build task assumes.	CMP-006
CMP-@decide-graph-declaration	V0.5	adr	M	Decide static manifest graphs versus dynamic child instantiation	INV-0245	Decides whether component graphs are declared in the package manifest, instantiated dynamically by a parent, or both with constraints on dynamic children; moved to V0.5 per the critique and precedes graph-instantiation.	CMP-022
CMP-@decide-isolation-without-containers	V0	adr	S	Decide Component plus ResourceDomain as the native isolation model	INV-0079,INV-0040,INV-0990,INV-0991,INV-0992,INV-0993	Records that container-based isolation is replaced by Component + ResourceDomain and that OCI containers live in the Linux personality; the §53 non-goals (no daemon, no namespace step, no overlay mount, no image layers) become the standing rules this adr adopts and lint-no-process-shapes enforces.	CMP-007
CMP-@decide-native-implementation-order	V2	adr	M	Decide the order and equivalence tests for replacing the Component wrapper	INV-0146	Phase C later: chooses which wrapper pieces (mm_struct, namespaces, cgroups, task_struct) are replaced first and the ABI-equivalence strategy; options include address-space-first, membership-first, and big-bang replacement.	CMP-042
CMP-@decide-panic-abort-semantics	V0	adr	M	Decide Component panic, abort and typed exit-cause semantics	EXTRA-004	Critique EXTRA-004: a Rust panic aborts only its Component, stack overflow and OOM are typed exit causes reported to the supervisor, and no unwinding crosses the ABI; options are abort-only, unwind-to-component-boundary, and per-component policy. Required by the V0 fault demo.	CMP-008
CMP-@decide-personality-process-mapping	V1	adr	M	Decide how personality processes map onto Components	INV-0070	V1 daily-driving through the Linux personality and Wine bring-up require a decided mapping of Linux and Windows processes to Components (one Component per process, per process tree, or a personality ResourceDomain hosting plain tasks) and how PID and exit status surface through Object<Component>.	CMP-036
CMP-@decide-spawn-primitive	V0	adr	S	Decide the native Component spawn primitive that replaces fork and exec	INV-0074,INV-0995	fork() has no native equivalent; the adr chooses between spawn-from-immutable-code-object, template-clone and builder-object-then-start shapes and records that Unix process startup is never the native creation mechanism.	CMP-009
CMP-@decide-wrapper-vs-native	V0	adr	M	Decide the Phase A Component implementation strategy	GAP-0489,INV-0145	V0 exit criteria name the wrapper-vs-native Component decision as a required accepted adr; options are thin wrapper, wrapper plus prewarmed templates, and early native object, chosen from spike-creation-strategies and spike-creation-cost-breakdown.	CMP-010
CMP-@degraded-launch-optional-caps	V2	build	M	Launch Components in degraded mode when optional capabilities are denied	INV-0641	V2 exit criterion: an application whose optional capability requests are denied at install still launches in a declared degraded mode; the launch path must distinguish required from optional declared capabilities.	CMP-043
CMP-@demo-request-response	V0	build	M	Build the V0 demo: Component A requests, Component B returns a MemoryObject	INV-1169	The §59 demo: A sends Channel<Request>, B returns a result by MemoryObject ownership transfer, shown with os trace; the same pair runs the fault demo where B panics and A observes a typed disconnect and rebinds to a restarted B.	CMP-011
CMP-@docs-component-design-guide	V1	docs	M	Write the Component design guidelines for SDK v1		V1 exit publishes SDK v1; developers need guidance on when to split an application into Components, graph patterns from §11, capability attenuation per child and panic/exit-cause handling.	CMP-037
CMP-@docs-component-reference	V3	docs	M	Complete the Component L1 reference documentation		V3 exit requires 100% L1 reference pages; DOC generates signatures from the IDL, CMP writes the lifecycle, exit-cause, graph and isolation semantics prose.	CMP-050
CMP-@dynamic-child-constraints	V0.5	build	M	Enforce constraints on dynamically created child Components	INV-0245	Implements the constraint half of decide-graph-declaration: children receive only attenuated parent capabilities, nest inside the parent's ResourceDomain, and are bounded by SCH kernel-object limits; tested with a child attempting to exceed its parent's authority.	CMP-023
CMP-@graph-instantiation	V0.5	build	L	Instantiate declared component graphs with attenuated per-child authority	INV-0245,INV-0234	§11: applications are component graphs where each child gets only the authority it requires; the parent creates children per the accepted declaration model, wires Channels between Inputs and Outputs and attenuates capabilities per child.	CMP-024
CMP-@graph-scale-test	V2	build	M	Scale-test 500-Component graphs for creation, memory and teardown	GAP-0491	§11 browser-style graphs need hundreds of Components per application; verifies bounded per-component memory and creation latency under contention on all three V2 target machines.	CMP-044
CMP-@in-address-space-component-class	V1	build	M	Implement the in-address-space Component class if the adr adopts it	GAP-0490,INV-0231	Conditional on decide-address-space-model: gives fine-grained sandboxes (the V1 Wasm editor plugin demo) a kernel-visible Component identity, capability set and ResourceDomain membership without a hardware address space; WASM owns the runtime.	CMP-038
CMP-@inputs-outputs-manifest-binding	V0.5	build	M	Bind Component Inputs<T> and Outputs<T> declarations to Channels at launch		Critique ordering fix: the CMP Inputs/Outputs manifest belongs at V0.5; §10 lists Inputs<T> and Outputs<T> as Component contents and the V0.5 four apps need declared typed endpoints wired by the launch path rather than discovered ad hoc.	CMP-025
CMP-@isolation-audit-closure	V4	build	M	Close external audit findings against the Component isolation boundary		V4 exit requires the external audit closed; findings against Component isolation, exit handling or code mapping are fixed with regression tests and re-verified by isolation-negative-tests.	CMP-053
CMP-@isolation-boundary-audit	V1	docs	M	Publish the Component isolation boundary assurance report	INV-1164	Before daily-driving, enumerate every retained Linux kernel path reachable from a native Component and show each is gated by a capability or unreachable; feeds the SEC threat model and the V4 external audit.	CMP-039
CMP-@isolation-negative-tests	V0	build	M	Prove Component isolation with negative tests and the isolation demo	INV-1164,INV-0952,INV-0035,INV-0040	Negative tests that a Component cannot reach memory, objects or capabilities it was not granted, cannot enter the Linux syscall ABI without a personality capability, and receives a typed denial visible in the audit log (V0 isolation demo).	CMP-012
CMP-@launch-metadata-cache	V1	build	M	Cache Component launch metadata across launches	INV-0631	Warm start caches the Component graph, Capability set and relocation state. CMP owns launch; PKG supplies the store objects.	CMP-040
CMP-@lint-no-process-shapes	V0	build	S	Add the ABI review gate rejecting process, thread and container shapes	INV-0035,INV-0040,INV-0990,INV-0991,INV-0992,INV-0993,INV-0995	Critique: constraints become lint or review-gate tasks, not one task per rule; this gate fails CI when a native Component entry point exposes PID, fork/exec, process-group, namespace, overlay-mount, image-layer or daemon-dependent shapes.	CMP-013
CMP-@multi-user-component-isolation	V3	build	M	Isolate Components across user sessions with negative tests	INV-1164	V3 introduces multi-user; Components created in one user session inherit that session's ResourceDomain and identity, and negative tests show no cross-user reach to memory, objects or capabilities.	CMP-051
CMP-@namespace-subsumption	V0.5	build	M	Show ResourceDomain plus capabilities subsume mount, pid, net, user and ipc namespaces	INV-0438,INV-0991	Per-namespace mapping with tests: mount to capability-scoped storage, pid to Object<Component> handles, net to network capabilities, user to no ambient uid, ipc to Channels; proves native software needs no namespace setup step.	CMP-026
CMP-@native-address-space-object	V2	build	L	Implement the native AddressSpace object replacing mm_struct wrapping	INV-0146	First step of the native Component implementation: page-table templates and prewarmed address spaces owned by the native object while the Component ABI stays unchanged.	CMP-045
CMP-@native-launch-path	V0.5	build	L	Implement the native launch path from package entry to scheduled Component	INV-0641,INV-1015	§34/§53: resolve the package generation entry, create ResourceDomain, create Component, attach declared capabilities, map immutable package objects, schedule; required by the V0.5 cold-boot-to-desktop demo and the four apps.	CMP-027
CMP-@native-membership-without-namespaces	V2	build	L	Replace namespace and cgroup wrapping with native Component membership	INV-0146,INV-0991	Removes namespace and cgroup creation from the native path so Component and ResourceDomain membership are native kernel state; the Linux personality keeps namespaces for compatibility software only.	CMP-046
CMP-@object-component-definition	V0	build	M	Define Object<Component> in the native object model	INV-0168,INV-0046,INV-1313	Specifies the Component object, its lifecycle states, rights and handle semantics at S-state prototyped (no L1 freeze in V0 per the critique), the Native Platform layer entry for Components.	CMP-014
CMP-@restart-identity-rebind	V0.5	build	M	Preserve Component identity across restart so clients can rebind		V0.5 exit criterion (compositor crash recovery rebinding all windows) and §32 need a stable Component slot identity with an instance generation counter on Object<Component>; SVC owns supervision, CMP owns the identity and exit-cause surface it consumes.	CMP-028
CMP-@sample-browser-graph	V1	docs	S	Document a browser-shaped Component graph as the composition example	INV-0234	§11 example graph (UI, Network, per-Tab Renderer) is CMP composition guidance for SDK samples, not an SDK runtime feature.	CMP-041
CMP-@shared-code-pages	V0.5	build	M	Share verified code pages across Component instances of one Package	GAP-0491	§34: executables are verified once, shared and deduplicated; sharing code pages across instances is the main lever that keeps per-component resident memory under the register target measured by bench-idle-component-memory.	CMP-029
CMP-@spike-beam-supervision-study	V0.5	spike	S	Study Erlang/BEAM supervision and restart strategies for Component recovery	INV-1146	Informs Component-side restart identity and exit-cause reporting consumed by SVC supervision at V0.5; non-gating research study scheduled at the rung where restart/rebind first matters.	CMP-030
CMP-@spike-creation-cost-breakdown	V0	spike	M	Measure the dominant costs of Component creation on the Linux wrapper	INV-0230	Prototype Component creation over task_struct/mm_struct/cgroups and attribute cost to address-space setup, page-table population, capability table and scheduler registration; the breakdown feeds decide-wrapper-vs-native and the V0 conditional adr if p50 exceeds 500 us.	CMP-015
CMP-@spike-creation-strategies	V0	spike	L	Benchmark wrapper, prewarmed-template and native Component strategies	GAP-0489	Compare a thin wrapper, prewarmed address-space templates and a dedicated native kernel object against the tens-to-hundreds-of-microseconds target on QEMU and the reference desktop; the V0 wrapper-vs-native adr may not be accepted without these numbers.	CMP-016
CMP-@spike-genode-composition-study	V0.5	spike	S	Study Genode composition, session routing and resource budgets	INV-1136	Research study informing decide-graph-declaration and SCH budget nesting; moved out of V0 per the critique because it does not inform a V0 surface.	CMP-031
CMP-@spike-in-address-space-isolation	V0.5	spike	M	Measure hardware address-space cost against SFI-style in-address-space isolation	GAP-0490,INV-0231	Measures the lower bound of isolation cost (address-space switch, TLB, page-table footprint) versus an SFI or Wasm-style in-address-space sandbox on legacy x86-64 hardware so decide-address-space-model rests on data rather than intuition.	CMP-032
CMP-@warm-startup-all-apps	V2	build	S	Extend the warm-startup harness to every shipped native application		V2 benchmark gate: application warm startup for all shipped native applications published with Terminal and Editor holding the register target; extends bench-warm-startup to the shell and store client.	CMP-047
CMP-@wrapper-native-equivalence-suite	V2	build	M	Prove the native Component implementation keeps the ABI unchanged	INV-0146	Runs the V0, V0.5 and V1 acceptance suites and bench-component-creation on the native implementation; V2 benchmark gate allows no regression above 10% without an accepted adr.	CMP-048
DOC-@add-docs-fulltext-search	V1	build	S	Add full-text search to the documentation site	GAP-0380	GAP-0380 explicitly requires full-text search on the versioned site; split from the site build so size stays one subsystem.	DOC-006
DOC-@build-versioned-docs-site	V1	build	M	Build the versioned documentation site with per-release snapshots	GAP-0380	GAP-0380 remainder: versioned public site and per-release snapshots for SDK v1 consumers. Search is a sibling task. Hosting/CDN remains REL.	DOC-007
DOC-@catalog-research-studies	V0.5	docs	S	Publish the research study catalog and template	INV-1151	workstreams.md and critique give DOC ownership of research/ comparative studies under §58. This is the catalog, template and index other workstreams' studies link from; GOV keeps process, citation rules and kill criteria (INV-1151, GAP-0070).	DOC-001
DOC-@ci-broken-links-examples	V4	build	S	Add broken-link and outdated-example checks to docs CI		V4 exit: broken-link and outdated-example checks pass in CI. Extends V1/V3 docs CI with link and snippet compilation against the freeze-candidate SDK.	DOC-034
DOC-@complete-l1-reference	V3	build	M	Generate complete Layer 1 reference pages for every entry point		V3 exit: 100% of Layer 1 ABI entry points have reference pages. ABI/IPC/CAP/MEM/TSK/CMP author semantics; DOC generates and publishes every page from IDL plus authored prose. Sibling of ABI-@docs-l1-reference-complete.	DOC-023
DOC-@complete-v4-doc-set	V4	docs	M	Complete remaining user, admin, SDK, compatibility and ABI docs		V4 exit: user, admin, SDK (Rust and C), compatibility, security and ABI references complete. Editorial pass that closes holes left by per-guide tasks before sign-off.	DOC-035
DOC-@decide-docs-taxonomy	V1	adr	S	Decide the documentation taxonomy and ownership	GAP-0381	GAP-0381. Options must name at least two taxonomies and assign an owner per class (user, administrator, developer, ABI specification, architecture and Decision record, compatibility). Required before the V1 site and generated reference; V1 is the earliest gate that needs it.	DOC-008
DOC-@decide-docs-toolchain	V1	adr	S	Decide the documentation toolchain, search and snapshots		GAP-0380 dependents need a recorded choice of generator, site, full-text search and per-release snapshot scheme before the V1 IDL-to-docs site is built. Separate from taxonomy (information architecture). Same rung as the builds it unblocks.	DOC-009
DOC-@gate-docs-coverage-ci	V3	build	S	Gate documentation coverage and the docs build in CI		V3 exit: documentation build is part of CI and 100% of Layer 1 entry points have pages. Fails the merge if a Layer 1 symbol lacks a page or the site build breaks.	DOC-024
DOC-@generate-idl-docs	V1	build	M	Generate API reference pages from the IDL and SDK	GAP-0380	GAP-0380 and the V1 IDL-to-docs gate: reference pages generated from IDL (via IPC doc-comment IR) and SDK sources so docs cannot drift from Interfaces. Domain workstreams author normative prose; DOC owns the generator.	DOC-010
DOC-@package-docs-in-store	V2	build	S	Package documentation into the SystemGeneration store	EXTRA-040	Offline os help and man pages must ship as an immutable Package in the SystemGeneration, rolled back with the OS. PKG owns the store; DOC owns the docs Package.	DOC-018
DOC-@publish-architecture-record	V1	docs	S	Publish architecture, Decision and glossary records		GAP-0381 taxonomy includes architecture and ADR record; synthesis gives DOC glossary stewardship. Publishes Decision and architecture indexes and the product glossary on the V1 site. GOV keeps BASELINE.md, PRINCIPLES.md and the living §69 diagram.	DOC-011
DOC-@setup-docs-translation	V3	build	M	Set up the documentation translation pipeline and string freeze	GAP-0383	GAP-0383. Contributor tooling and per-release freeze for documentation catalogs. UI/OS string catalogs stay TXT (GAP-0258); this pipeline consumes the freeze calendar and ships translated docs. License terms remain GOV GAP-0073.	DOC-025
DOC-@ship-lnx-manpages	V2	build	S	Ship man-page equivalent docs inside the Linux personality	EXTRA-040	EXTRA-040 second half: man-page equivalent for the Linux personality, generated from the same corpus so native and personality help cannot diverge. LNX installs the viewer; DOC owns the pages.	DOC-019
DOC-@ship-offline-os-help	V2	build	M	Ship offline os help from the generated docs corpus	EXTRA-040	EXTRA-040 / critique item 39: on-device os help with no network. Content is the generated corpus; SDK supplies the os CLI. V2 desktop preview is the earliest rung that needs offline docs.	DOC-020
DOC-@sign-off-docs-review	V4	docs	S	Record documentation review sign-off for beta		V4 exit: a documentation review sign-off recorded. Process gate over the complete user, admin, SDK, compatibility, security and ABI set.	DOC-036
DOC-@snapshot-stable-docs	1.0	build	S	Snapshot the 1.0 documentation set per release		1.0 documentation completeness and GAP-0380 snapshot machinery: freeze the 1.0 docs set so later 1.x snapshots are comparable and the ABI reference stays pinned to the stability statement.	DOC-040
DOC-@spike-idl-to-docs	V0.5	spike	M	Prototype IDL-to-docs generation from the V0 IDL		Critique: IDL-to-docs must exist at V1 with SDK v1. A V0.5 spike produces IR, page templates and missing-comment behaviour so the V1 generator is not invented on the freeze-candidate path. V0 cap forbids an earlier rung.	DOC-002
DOC-@study-android	V0.5	docs	S	Write the Android permissions, Binder and A/B updates study	INV-1139	Critique moves §58 research studies to DOC. Android permissions, Binder IPC, sandboxing and A/B updates inform SEC and PKG, not a V0 kernel surface.	DOC-003
DOC-@study-redox	V0.5	docs	S	Write the Redox Rust-in-kernel and schemes study	INV-1135	Reassigned from KRN. §58 Redox study does not inform a V0 kernel surface (critique). V0 cap is 0 so the research/ paper lands at V0.5 as non-gating; GOV owns the research-program process (INV-1151).	DOC-004
DOC-@study-xnu-launchd	V0.5	docs	S	Write the XNU Mach ports, launchd and entitlements study	INV-1138	Reassigned from KRN. §58 XNU/launchd/entitlements study feeds SVC supervision and SEC sandbox, not the kernel fork. Same rung as V0.5 supervision, earlier than V1; V0 cap forbids V0.	DOC-005
DOC-@verify-docs-complete	1.0	docs	S	Verify documentation completeness for the 1.0 gate	INV-1110,INV-1248	1.0 exit: Layer 1 ABI reference 100%, SDK guides for Rust and C, user, administrator, compatibility and security guides, release notes, documentation CI green. Gate-verifying checklist over the V3/V4 set.	DOC-041
DOC-@verify-unaided-install-docs	V3	docs	S	Verify public docs suffice for unaided install		V3 gate: a user without project involvement installs from public media following only public documentation (≥ 8 of 10). DOC verifies install and user guides are the sole materials and records gaps as tasks.	DOC-026
DOC-@wire-docs-ci	V1	build	S	Wire documentation generation into CI		V1 IDL-to-docs must not drift: CI builds generated pages and fails on generator errors. GOV GAP-0164 remains roadmap/ADR parse CI at V0; this is the product-docs pipeline.	DOC-012
DOC-@write-admin-guide	V3	docs	M	Write the administrator guide		GAP-0381 taxonomy and the 1.0 definition require an administrator guide. Public alpha adds FDE, Secure Boot, multi-user, updater and recovery, so V3 is the earliest gate. STO authors storage chapters.	DOC-027
DOC-@write-alt-language-sdk-guide	V4	docs	S	Write the additional-language SDK guide		V4 ecosystem: SDK bindings for C and one additional language, with developer-program documentation. DOC writes the guide for the language SDK selects.	DOC-037
DOC-@write-c-sdk-guide	V4	docs	M	Write the C SDK guide		V4 and 1.0 exits require SDK guides for Rust and C. C bindings ship at V1; the complete C guide is the V4 documentation gate.	DOC-038
DOC-@write-cli-reference	V1	docs	S	Write the os CLI reference from command metadata		§64 first-class tooling (os inspect, trace, history, restore, env) is the daily-driving surface at V1. SDK owns the CLI; DOC publishes the reference that V2 os help snapshots.	DOC-013
DOC-@write-compat-notes-v2	V2	docs	S	Write Linux and Windows personality compatibility notes		V2 gates W1 and L3; taxonomy names compatibility notes. First public mapping of what runs where, feeding the V3 compatibility guide. LNX/WIN own ratings; DOC publishes the notes.	DOC-021
DOC-@write-compatibility-guide	V3	docs	M	Write the compatibility guide	GAP-0477	V3 exit: compatibility guide published and reviewed. Expands V2 notes into the public guide for Linux personality and Windows personality, including what deliberately does not exist. GOV GAP-0034 owns trademark wording.	DOC-028
DOC-@write-contribution-guide	V3	docs	S	Write the public contribution guide		V3 scope lists a contribution guide among public documentation. GOV GAP-0066 is the V0 repo CONTRIBUTING process; this is the product-facing contributor guide on the docs site.	DOC-029
DOC-@write-desktop-user-guide	V2	docs	M	Write the desktop user guide		V2 desktop-preview scope: shell, permissions UI, snapshots UI and store client need a user guide covering launch, grants, rollback and lock. Expanded at V3 for the unaided-install study.	DOC-022
DOC-@write-developer-guide	V1	docs	M	Write the developer guide for the native SDK	INV-0978,GAP-0455,INV-1110	V1 scope ships SDK v1 to external developers; workstreams.md names references and guides. First-cut Rust developer guide; V3 completes and reviews it. Domain guides (UIP, CMP, SCH, SVC, PKG) are authored there and published through this pipeline.	DOC-014
DOC-@write-developer-program-docs	V4	docs	S	Write developer-program documentation		V4 exit: developer program documentation published; ≥ 100 external native Packages. REL/SDK own the program; DOC publishes the docs.	DOC-039
DOC-@write-docs-style-guide	V1	docs	S	Write the documentation style guide		V1 site and later translation (GAP-0383) need one voice, glossary casing and no-unmeasured-claim rules (§54 / INV-1039) before third-party contributions. Enforced later by docs CI.	DOC-015
DOC-@write-getting-started	V1	docs	S	Write the getting-started tutorial for a first Component		V1 developer-preview onboarding: clone-to-running Component tutorial used by daily-driving and the SDK hello-Component path. GOV INV-0978 (reference example) is process-adjacent; this is the published tutorial.	DOC-016
DOC-@write-install-guide	V3	docs	M	Write the public install guide	INV-1248	V3 exit: install guide published and reviewed; unaided-install study of 10 participants using only public documentation. INS owns the installer; DOC owns the guide.	DOC-030
DOC-@write-migration-guides	V3	docs	M	Write migration guides for users and SDK porters	GAP-0382	GAP-0382. User guides from Linux distributions and Windows plus developer porting to the native SDK. SDK GAP-0455 is the V1 POSIX/Win32 concept map; this is the public-alpha migration set.	DOC-031
DOC-@write-posix-win32-map	V1	docs	S	Write the POSIX and Win32 to native concept map	GAP-0455	Porting guide is documentation. SDK GAP-0455 reassigned to DOC; the V3 migration guides expand it.	DOC-017
DOC-@write-sdk-guide-v3	V3	docs	M	Complete and review the SDK guide		V3 exit: SDK guide published and reviewed; documentation coverage includes the developer guide. Promotes the V1 developer guide to the public-alpha SDK guide.	DOC-032
DOC-@write-security-guide	V3	docs	M	Publish the platform security guide	GAP-0241	1.0 and V4 documentation gates require a security guide; V3 public alpha is the earliest audience. States what is protected in each power/lock/developer-mode state. SEC/GOV author policy (GAP-0241); DOC publishes through the site.	DOC-033
DOC-@write-stable-release-notes	1.0	docs	M	Write 1.0 release notes with V3 and V4 migration paths		1.0 exit: release notes with a migration path from V3 and V4, plus the explicit non-promises list. REL owns the channel; DOC authors the notes.	DOC-042
ENV-@attach-editor-terminal	V2	build	M	Attach the native Terminal and Editor to a development environment		Workstream scope: editor and terminal integration. Grants the native Terminal and Editor the environment's endpoint and snapshot Capabilities so they attach without a Docker plugin. APP owns the apps; ENV owns the attach API.	ENV-024
ENV-@compose-capability-ns	V1	build	S	Create a CapabilityNamespace for each development environment	INV-0658	V1 os env scopes which Capabilities Components inside the environment may hold. Discovery model is CAP; ENV instantiates the namespace at environment creation.	ENV-002
ENV-@compose-network-ns	V1	build	M	Create a NetworkNamespace for each development environment	INV-0659	V1 os env isolates service ports and network policy. Implements decide-endpoint-grant so declared services are reachable from shell, IDE and browser without ambient network. NET owns NetworkConnection objects.	ENV-003
ENV-@compose-resource-domain	V1	build	M	Map environment resources onto a ResourceDomain	INV-0653,INV-0656	V1 os env creates a ResourceDomain per environment and maps environment.yaml resources (memory, cpu) onto SCH budgets. Exceeding a budget returns a typed error and does not start further Components.	ENV-004
ENV-@compose-storage-snapshot	V1	build	M	Create a StorageSnapshot for each development environment	INV-0657,INV-0647	V1 cached enter needs a CoW view of project and dependency storage. ENV creates the snapshot; STO owns the primitive (STO-@environment-storage-snapshot). Acceptance: no overlay filesystem stack is used.	ENV-005
ENV-@convert-compose-devcontainer	V2	build	M	Convert docker-compose.yml and devcontainer.json to environment.yaml	GAP-0423	V2 adoption: converters report unsupported constructs explicitly so developers are not forced to hand-rewrite project environments.	ENV-025
ENV-@decide-endpoint-grant	V1	adr	S	Decide how environment endpoints are granted without ambient network	INV-0665	Answers INV-0665 for the V1 enter gate. Options: per-service loopback Endpoint capabilities; named Capability<NetworkConnection> filtered to declared ports; vs a shared environment network grant. Must not confer ambient network authority (§9).	ENV-006
ENV-@decide-env-placement	V1	adr	S	Decide whether DevelopmentEnvironment is kernel or userspace		V1 scope composes ResourceDomain, StorageSnapshot, CapabilityNamespace, NetworkNamespace and Components (§35). Options: userspace supervisor Component; Package-profile instantiation with no extra object; new Layer 1 kernel object. §65 prefers userspace; no new L1 surface, so no V0 spike.	ENV-007
ENV-@decide-env-schema	V1	adr	S	Decide environment.yaml schema versus Package manifest profile	INV-0663,INV-0664	V1 os env gate needs a canonical project definition. Options: distinct environment.yaml schema; a profile of the Package manifest (§28). Also decides YAML versus typed manifest, lockfile location, version specifier locking (php: 8.6) and service Package discovery.	ENV-008
ENV-@decide-service-hosting	V1	adr	S	Decide how environment services are hosted and packaged	GAP-0552	V1 os env must reach Postgres and Redis. Options after spike-service-hosting: Linux-personality OCI images inside native isolation; native Packages; both with a documented default. Depends on the spike; precedes instantiate-services.	ENV-009
ENV-@define-environment-yaml	V1	build	M	Implement the environment.yaml schema with lock and validation	INV-0650,INV-0668	V1 os env from environment.yaml. Parser and schema for runtime, services and resources; identical yaml plus lock yields identical immutable Component sets. Depends on decide-env-schema. Parser fuzz remains SEC GAP-0130.	ENV-010
ENV-@docs-env-guide	V3	docs	M	Publish the development environment authoring guide		V3 exit: SDK guide published for strangers. ENV owns the environment.yaml, os env, converters and catalogue chapter; DOC owns the docs site.	ENV-030
ENV-@emit-history-events	V1	build	S	Emit development environment changes as history events	INV-0575	V1 exit: os history lists environment events (Changed project environment). ENV emits; PKG owns the log (PKG-@history-event-types-v1). Restore of environments is V2.	ENV-011
ENV-@env-conformance-suite	V4	build	M	Build the environment.yaml conformance suite		V4 feature freeze: permanent suite that identical yaml plus lock yields identical Component sets, nongoals still hold, and the php-postgres-redis reference still enters. B-025 remains BEN.	ENV-033
ENV-@env-lifecycle	V1	build	M	Implement development environment create, rebuild and destroy		V1 scope os env lifecycle. Object operations for create, rebuild and destroy (snapshot drop, cache drop, Component teardown). SDK INV-0655 owns list/enter/leave CLI; this is the ENV object API those verbs call.	ENV-012
ENV-@implement-dev-environment	V1	build	M	Implement DevelopmentEnvironment as composed native primitives	INV-0644	V1 gate: development isolation is a native OS object, not a userspace container tool. Implements the object chosen by decide-env-placement as a composition of existing primitives. CLI verbs stay SDK (INV-0654, INV-0655, INV-1262).	ENV-013
ENV-@implement-env-cache	V1	build	M	Implement the development environment cache for warm enter	INV-0662	V1 gate B-025 cached enter. Pre-resolves Packages, pre-creates StorageSnapshots and keeps warm Component images so a second enter reuses them. Measurement and docker-compose baseline stay BEN (INV-0661, INV-1026).	ENV-014
ENV-@inject-service-secrets	V1	build	S	Inject service secrets as Capabilities into environment Components		V1 enter gate: Postgres and Redis reachable without ambient authority (§9). Wires SEC secrets into service Components as Capabilities; no secret files in the project snapshot by default.	ENV-015
ENV-@inspect-environment	V1	build	S	Expose DevelopmentEnvironment state through os inspect		§64 and the OBS invariant that every primitive ships with inspect data. ENV owns DevelopmentEnvironment records (domain, snapshot, namespaces, Components, endpoints); SDK owns the os inspect CLI.	ENV-016
ENV-@instantiate-services	V1	build	L	Instantiate environment services as isolated Components	INV-0652,INV-0660,INV-0667	V1 enter with Postgres and Redis reachable. Instantiates runtime and services as Components inside the environment ResourceDomain and namespaces, including Linux-personality software per decide-service-hosting. LNX INV-0869 is the personality host; this is the ENV consumer.	ENV-017
ENV-@isolate-multiuser-env	V3	build	M	Isolate development environments across user sessions		V3 multi-user gate: two users with separate sessions and capability stores. Environments, snapshots, caches and endpoints of one user are not enterable or inspectable by the other.	ENV-031
ENV-@lint-native-oci	V0.5	build	S	Forbid OCI, Docker and VM dependencies in native software	INV-0672,INV-0645,INV-0646,INV-0649	V0 standing lint for §36: native crates and services must not depend on an OCI runtime, Docker daemon, Linux VM or Docker Desktop. Collapses the §35 nongoals into one CI gate before any development environment ships.	ENV-001
ENV-@lock-env-schema	V4	build	S	Lock the environment.yaml schema for the 1.x line		V4 feature freeze and Layer 2/3 version lock. Pins the environment.yaml and lockfile schema versions decided at V1, with old-definition/new-supervisor evolution tests. Not a Layer 1 freeze.	ENV-034
ENV-@publish-runtime-packages	V3	build	M	Publish environment runtimes as third-party Packages		V3 public package repository: third parties publish additional environment runtimes and services into the catalogue. ENV defines the runtime Package contract; REL/PKG own signing and review.	ENV-032
ENV-@publish-service-catalogue	V2	build	M	Publish the environment service catalogue and version index		Workstream scope: service catalogue. Indexed named runtimes and services with lockable versions for environment.yaml, backed by the Package repository. First-party php, postgres and redis are already in the V1 reference stack.	ENV-026
ENV-@rebuild-on-change	V2	build	S	Rebuild a development environment when environment.yaml changes		V2 daily-driving: an environment.yaml edit rebuilds via env-lifecycle, emits a history event, and leaves the previous snapshot restorable. STO owns file-change Operations; ENV owns the rebuild trigger.	ENV-027
ENV-@reference-php-stack	V1	build	M	Ship the php-postgres-redis reference environment.yaml	INV-0669,INV-1202	V1 exit and demo: os env enter on a cached environment presents a working shell with Postgres and Redis reachable. This is the B-025 workload and the permanent V1 acceptance test.	ENV-018
ENV-@resolve-runtime-packages	V1	build	M	Resolve environment.yaml runtimes to immutable Packages	INV-0651,INV-0648	V1 runtime section (php: 8.6) resolves named versions to content-addressed Packages (§27, §29) and maps them directly; no image extraction. PKG owns the store; ENV owns the resolver.	ENV-019
ENV-@restore-environment	V2	build	M	Restore a development environment from system history	INV-0666	V2 snapshots and rollback UI; §31 os restore covers environments. Re-materialises the environment recorded by emit-history-events. Full workspace restore (open projects) waits for 1.0 INV-0584.	ENV-028
ENV-@restore-workspaces	1.0	build	M	Restore workspaces of open projects and environments	INV-0584	1.0 os restore ambition (§31): revert open projects and environments together. Builds on V2 restore-environment; APP owns window/session restore of the editor.	ENV-035
ENV-@selfhost-os-env	V1	build	M	Provide the self-host environment.yaml for building the OS		V1 exit: a clean checkout builds the full system image on the OS inside os env. ENV ships the tree's environment.yaml and enter path; BLD owns the toolchain and image build (B-039).	ENV-020
ENV-@semantic-start-env	V2	build	S	Expose a semantic startEnvironment action for automation		V2 exit: example rule project opened → start environment. ENV exports a typed semantic action over the SEM registry; no AI broker here. SEM owns discovery and the rules engine.	ENV-029
ENV-@spike-service-hosting	V1	spike	M	Measure environment service hosting paths against B-025	GAP-0552	GAP-0552 requires measurement before the hosting ADR. Prototype Postgres and Redis as Linux-personality OCI images, as native Packages, and as a hybrid, and report cached and cold enter against B-025 for each path.	ENV-022
ENV-@store-build-cache	V1	build	M	Store environment build outputs as content-addressed objects	INV-0523	§27 cached build outputs from development environments. ENV writes through STO's hash-keyed cache (INV-0515); hits are reused across enters and rebuilds of the same inputs.	ENV-023
ENV-@verify-env-1-0	1.0	build	S	Verify cached environment enter on every Tier 1 machine		1.0 benchmark gate B-025 and the working-day demo in os env. Re-runs the reference stack enter on every Tier 1 machine; BEN publishes the number.	ENV-036
GFX-@amd-laptop-display-bringup	V2	build	M	Bring up the AMD APU internal panel and external displays on the AMD laptop		V2 hardware scope adds an AMD laptop; extends the driver regression matrix and hot-plug tests to it.	GFX-059
GFX-@bench-compositor-restart	V0.5	benchmark	S	Benchmark compositor restart-to-rebound time		V0.5 benchmark gate 'compositor restart-to-rebound time'; the target lives in BEN's register, this task delivers the harness and published measurement.	GFX-002
GFX-@bench-frame-deadline-misses	V2	benchmark	M	Benchmark compositor frame deadline misses under a mixed desktop workload		V2 benchmark gate: deadline misses under a scripted mixed workload at 60 Hz; harness plus published measurement, target in BEN's register.	GFX-060
GFX-@bench-frame-latency	V0.5	benchmark	M	Benchmark compositor commit-to-scanout latency against a Wayland compositor		V0.5 benchmark gate and §54 'compositor frame latency'; published p50/p99 beside a Wayland compositor on the same hardware.	GFX-003
GFX-@bench-input-to-photon	V0.5	benchmark	M	Benchmark GUI input-to-photon latency on the photodiode rig		V0.5 benchmark gate and §54 'GUI input-to-photon latency'; harness drives LAB's V0 rig and publishes beside a Linux Wayland desktop on the same machine.	GFX-004
GFX-@buffer-gpu-memory-object	V0.5	build	M	Implement Buffer as a GPU-compatible MemoryObject	INV-0727,INV-0311,INV-0335	Defines the Buffer abstraction and the GPU-compatible / GPU-accessibility properties the compositor and renderers query; MEM owns the kernel property flag, GFX owns the Buffer semantics over it.	GFX-005
GFX-@capture-capability	V2	build	M	Implement per-Surface and per-Display screen capture capabilities	INV-0747,INV-0210	V2 exit: an application without the capture capability receives a black or denied surface (tested).	GFX-061
GFX-@colour-managed-surfaces	V2	build	M	Support colour-managed Surfaces with declared colour spaces	GAP-0306	Surfaces declare primaries and transfer function so composition converts correctly.	GFX-062
GFX-@compositor-audit-remediation	V4	build	M	Fix compositor and trusted-UI findings from the external security audit		V4 exit requires all High/Critical audit findings fixed and re-verified; the compositor enforces trusted UI, lock and capture and is in the audit scope.	GFX-093
GFX-@compositor-gpu-composition	V0.5	build	L	Compose Surfaces on the GPU with scene graph and damage tracking	INV-0738,INV-0737,INV-1178	GPU-accelerated composition using the decided render backend; damage tracking keeps the idle desktop at zero dropped frames.	GFX-006
GFX-@compositor-kill-rebind-test	V0.5	build	M	Automate compositor kill and verify every client Surface rebinds and renders	INV-0756	V0.5 exit: 100 consecutive passes on QEMU and 20 on hardware in CI.	GFX-007
GFX-@compositor-kms-output	V0.5	build	L	Drive a single fixed-refresh display through atomic DRM/KMS from the compositor	INV-0737,INV-1178	V0.5 exit: compositor drives the reference GPU via DRM/KMS and presents at the display's fixed refresh.	GFX-008
GFX-@compositor-lock-mode	V1	build	M	Implement compositor-owned lock mode inhibiting input and overlay	GAP-0216	V1 scope includes session lock; APP owns the lock UI, GFX enforces input inhibition, notification hiding policy and the no-overlay guarantee on idle, lid close and suspend.	GFX-045
GFX-@compositor-rebind-protocol	V0.5	build	L	Implement disconnect, rebind and restore-state for compositor clients	INV-0593,INV-0745	§32 client contract in the UI runtime and compositor; applications continue rendering after restart with no exit. Depends on SVC supervision semantics.	GFX-009
GFX-@compositor-service-component	V0.5	build	M	Run the compositor as a privileged Component holding Display and DRM master	INV-0732	Compositor lifecycle under SVC supervision with DRM master and Display capabilities granted from the system generation, not ambient root.	GFX-010
GFX-@compositor-threat-model	V0.5	docs	S	Write the compositor and trusted-UI section of the threat model	GAP-0228,INV-0210	Extends SEC's V0 threat model with overlay, spoofing, capture and crash-to-unlock threats before the trusted-UI and lock designs are fixed.	GFX-011
GFX-@compute-queue-object	V1	build	M	Define and implement the ComputeQueue abstraction shared with HET	INV-0729	§39/§37 shared object; V1 Mesa-in-Component needs compute submission and HET's V2 ComputeDevice demo consumes it.	GFX-046
GFX-@decide-compositor-architecture	V0.5	adr	S	Decide compositor architecture: monolithic or split display/scene/input	INV-0752,GAP-0513	Depends on the split-latency spike. Options: monolithic display server plus shell; split display server / window manager / shell; display+input core with out-of-process shell.	GFX-012
GFX-@decide-compositor-infra-reuse	V0.5	adr	S	Decide compositor infrastructure reuse versus build-anew	INV-0753	One decision: which existing compositor infrastructure (if any) is vendored for DRM/KMS plumbing. Options: Smithay crates, wlroots via FFI, Mutter/KWin fork, greenfield Rust.	GFX-013
GFX-@decide-explicit-sync-mandatory	V0.5	adr	S	Decide explicit GPU synchronisation as the only path for native Surfaces	GAP-0514	Standing invariant decided once: timeline semaphores / drm_syncobj mandatory, no implicit-sync path. Options: explicit-only, explicit with implicit bridge for personalities, implicit default.	GFX-014
GFX-@decide-frame-scheduling	V0.5	adr	S	Decide the compositor frame scheduling model	INV-0748	V0.5 exit requires an accepted ADR for compositor frame scheduling. Options: fixed vblank-aligned callbacks, deadline-scheduled callbacks with per-client budgets, client-driven presentation timing.	GFX-015
GFX-@decide-gpu-userspace-strategy	V0.5	adr	S	Decide the GPU userspace strategy from the Mesa-behind-capabilities spike	GAP-0511,INV-0734	One decision: how Mesa is hosted (unmodified Mesa with brokered fd, patched Mesa WSI layer, Mesa inside a Linux-personality helper). Depends on the Mesa spike.	GFX-016
GFX-@decide-hdr-colour-pipeline	V2	adr	S	Decide the HDR and colour management pipeline	GAP-0306,INV-0741	V2 exit requires an accepted HDR/color pipeline ADR. Options: scRGB linear compositing, PQ/HLG passthrough with per-surface transforms, hybrid with per-plane hardware LUTs.	GFX-063
GFX-@decide-native-gpu-api	V0.5	adr	S	Decide the GPU API native applications render with	INV-0733	Options: Vulkan via Mesa inside the Component, a WebGPU-like native API over RenderQueue, or both with Vulkan as the escape hatch. Must precede RenderQueue implementation and SDK v1.	GFX-017
GFX-@decide-nvidia-support-stance	V2	adr	S	Decide the NVIDIA support stance for 1.0	GAP-0512	V3 Tier 1 adds an NVIDIA desktop 'decided by ADR'. Options: open kernel modules plus NVK/Mesa, proprietary userspace via the Linux personality, unsupported.	GFX-064
GFX-@decide-proprietary-gpu-kernel-drivers	V1	adr	S	Decide the proprietary GPU kernel driver policy	GAP-0016	Critique places the NVIDIA kernel-module adr at V1; covers GPL-only symbols, tainting and support commitments. Options: open kernel modules plus NVK, proprietary module tolerated untainted-support, unsupported.	GFX-047
GFX-@decide-remote-desktop-scope	V3	adr	S	Decide whether RDP/VNC clients and a remote-desktop server are in 1.0 scope	GAP-0440	Pulled from V4 to V3 so the decision precedes the V4 feature freeze. Options: out of scope for 1.0, clients only via the Linux personality, native server over remote surfaces.	GFX-089
GFX-@decide-render-backend-policy	V0.5	adr	S	Decide compositor rendering backend policy: Vulkan-only or Vulkan plus GL	GAP-0515	Evaluated against the V2 target machine list so older laptops are not excluded silently. Options: Vulkan-only, Vulkan plus GL fallback, Vulkan plus software fallback only.	GFX-018
GFX-@decide-restart-state-checkpoint	V0.5	adr	S	Decide which compositor state survives restart and where it is checkpointed	INV-0606	Answers the §32 question for geometry, stacking, focus and workspace. Options: kernel-owned window objects, persistent broker Component, client-replayed state.	GFX-019
GFX-@decide-wayland-serving-model	V0.5	adr	S	Decide whether Wayland is served by the compositor or by a bridge Component	INV-0887	Determines whether LNX's Wayland bridge translates into the native UI protocol or the compositor speaks Wayland directly; must land before the V0.5 Wayland app gate.	GFX-020
GFX-@demo-compositor-restart	V0.5	build	S	Demonstrate compositor crash, restart, rebind and continued rendering	INV-0604	§60 service restart/rebind demo; the Text Editor keeps its unsaved buffer.	GFX-021
GFX-@display-arrangement-config	V2	build	M	Implement display arrangement and per-display configuration persistence	INV-0754,INV-1214	Arrangement, primary display and per-display mode persisted per connector fingerprint; surfaced by APP settings.	GFX-065
GFX-@display-hardware-test-suite	V3	build	M	Build the per-machine display test suite for Tier 1 hardware		V3 six Tier 1 machines fully tested each release and the HCL needs display hot-plug, HDR/VRR and multi-monitor results per machine; runs every RC through V4 and 1.0.	GFX-090
GFX-@display-object	V0.5	build	M	Define and implement Display with mode, refresh, scaling, HDR and VRR metadata	INV-0730	Single display at fixed refresh is exercised in V0.5; the metadata fields are defined now so V2 HDR/VRR do not change the interface shape.	GFX-022
GFX-@display-policy-service	V1	build	M	Move display management policy into a user-space service	INV-0620	Mode selection, hot-plug policy and per-display preferences outside the compositor core so V2 multi-monitor policy can restart independently.	GFX-048
GFX-@fractional-scaling	V1	build	M	Implement fractional scaling in the compositor	INV-0742	V1 Intel laptop with HiDPI internal display; L2 integration check scores correct scaling.	GFX-049
GFX-@frame-object-explicit-sync	V0.5	build	M	Define and implement Frame with explicit fences and timelines for presentation	INV-0731,GAP-0514	Presentation unit carrying timeline semaphores; implements the explicit-sync-only decision from the first compositor.	GFX-023
GFX-@frame-scheduling	V0.5	build	M	Implement client frame callbacks aligned to display deadlines	INV-0748	Implements the frame scheduling adr; required for the animating-at-refresh V0.5 exit criterion.	GFX-024
GFX-@golden-image-harness	V0.5	build	M	Build golden-image comparison tolerant of documented rasterisation differences	GAP-0119	Headless desktop testing needs per-backend tolerance rules so virtio-gpu, software and AMD renders compare against one golden set.	GFX-025
GFX-@gpu-budget-enforcement	V2	build	L	Enforce ResourceDomain GPU time and memory budgets	INV-0441	§23 GPU budget replaces vendor-specific controls for native software; depends on the V1 enforcement spike.	GFX-066
GFX-@gpu-capability-at-launch	V0.5	build	M	Grant Capability<RenderQueue> at Component creation without other surfaces	INV-0214,INV-0735	§9.1 PhotoEditor example: a launched application receives render queues only; screen contents and other surfaces stay unreachable.	GFX-026
GFX-@gpu-driver-regression-matrix	V0.5	build	M	Run the retained GPU driver regression matrix on virtio-gpu and the AMD desktop	INV-0022,INV-0067,INV-0723,INV-0724	Second of the two permitted 'retain X' tasks: kernel DRM regression matrix (amdgpu, i915/xe, nouveau, virtio-gpu) run per kernel rebase, extended per milestone as machines arrive.	GFX-027
GFX-@gpu-reset-degraded-recovery	V1	build	M	Report explicit degraded recovery to users and clients after GPU reset	INV-0607	§32: where driver constraints prevent seamless recovery the system reports it rather than failing silently; needed once real Mesa workloads run at V1.	GFX-050
GFX-@gpu-support-statement	1.0	docs	S	Publish the 1.0 GPU support statement and non-promises	INV-1117,INV-1060	1.0 explicitly does not promise a native GPU driver stack; publishes the retained DRM/Mesa posture and the NVIDIA stance for the support window.	GFX-096
GFX-@gpu-userspace-services	V1	build	L	Run shader cache and GPU allocation broker as user-space services	INV-0620	§33 higher-level GPU services above retained DRM/KMS; the allocation broker also holds the DRM fd on behalf of Components per the GPU userspace strategy adr.	GFX-051
GFX-@graphics-api-surface-lint	V0.5	build	S	Add CI lint forbidding DRM ioctls, device nodes and fourcc in public graphics IDL	INV-0725,GAP-0514	Enforces the §39 invariant and the explicit-sync-only rule as a review gate over the IDL rather than one task per rule.	GFX-028
GFX-@graphics-interface-fuzz-targets	V3	build	M	Add fuzz targets for compositor and graphics interfaces		V3 gate: IPC fuzzing runs continuously with no open crasher older than 14 days; BLD owns the fuzz infrastructure, GFX owns its targets.	GFX-091
GFX-@graphics-interface-v1-review	V1	docs	S	Review Surface, Buffer, RenderQueue, Display and Frame as SDK v1 freeze candidates		V1 SDK v1 marks L2 interfaces as freeze candidates; nothing L1 freezes before V4 per the critique.	GFX-052
GFX-@hardware-cursor-plane	V2	build	S	Use the hardware cursor plane for the pointer	EXTRA-024	Removes cursor motion from the composition path; prerequisite for direct scanout.	GFX-067
GFX-@hcl-display-feature-verification	1.0	build	S	Verify external display, HDR and VRR on every HCL Tier 1 machine per release		1.0 HCL lists external displays and HDR/VRR as working on every Tier 1 machine; runs the V3 display test suite as a release gate.	GFX-097
GFX-@hdr-output-pipeline	V2	build	L	Output HDR10 from the compositor with a native HDR test application	INV-0741,INV-1215	V2 exit: HDR10 verified on the HDR display with a native HDR test app; needs LAB's reference display and colorimeter.	GFX-068
GFX-@hdr-surfaces-for-personalities	V2	build	M	Expose HDR Surfaces to the Wayland bridge and Windows personality	INV-1215	V2 exit requires a Windows-personality HDR game; LNX/WIN consume the HDR surface metadata GFX provides.	GFX-069
GFX-@hdr-tone-mapping	V2	build	M	Implement HDR-to-SDR and SDR-in-HDR tone mapping	GAP-0306,INV-0741	Mixed SDR and HDR surfaces on one display require tone mapping under the decided colour pipeline.	GFX-070
GFX-@hotplug-cycle-test	V2	build	M	Automate 100 hot-plug and unplug cycles including an MST daisy-chained dock	INV-0754,EXTRA-026	V2 exit criterion, extended per the critique to cover DisplayPort MST docks.	GFX-071
GFX-@hybrid-graphics-offload	V2	build	M	Support render offload selection and mux switching across both personalities	EXTRA-025	Per-application GPU selection surfaced through RenderQueue capabilities and passed through the Wayland bridge and Wine.	GFX-072
GFX-@icc-display-profiles	V2	build	M	Apply per-display ICC profiles in the compositor	GAP-0306	Colour management baseline for creative users; validated with the colorimeter.	GFX-073
GFX-@idle-desktop-frame-drop-test	V0.5	build	S	Test zero dropped frames over a 60 s idle desktop capture		V0.5 exit criterion verified by capture-card or KMS vblank counters on the reference desktop.	GFX-029
GFX-@immediate-presentation-mode	V2	build	M	Support tearing and immediate presentation for fullscreen Surfaces	EXTRA-024	Fullscreen games opt into tearing/async presentation; exposed to the Windows personality via the Frame interface.	GFX-074
GFX-@input-to-photon-p99-tuning	V4	build	M	Tune the presentation path to meet the input-to-photon p99 target		V4 benchmark gate: input-to-photon p99 within one frame interval plus 4 ms and deadline misses under 0.1% on every Tier 1 machine; verified by bench-input-to-photon and bench-frame-deadline-misses.	GFX-094
GFX-@intel-laptop-display-bringup	V1	build	M	Bring up i915/xe internal panel and USB-C external display on the Intel laptop		V1 hardware scope adds an Intel laptop with internal display plus one external display over USB-C; extends the driver regression matrix.	GFX-053
GFX-@latency-aware-presentation	V1	build	M	Present as late as possible before scanout to minimise latency	INV-0749	§40 latency-aware presentation; measured by the input-to-photon and frame-latency benchmarks.	GFX-054
GFX-@lock-graphics-interface-versions	V4	build	S	Lock Surface, Buffer, RenderQueue, Display and Frame interface versions for 1.x		V4 exit: Layer 2 interface versions enumerated and locked with the old/new client evolution test passing for every core interface.	GFX-095
GFX-@lock-survives-compositor-crash-test	V1	build	S	Test that a compositor crash while locked restarts into the locked state	GAP-0217	Pulled from V2 to V1 because the lock exists at V1 and crash-to-unlock is a known bypass class; standing invariant enforced by a permanent regression test.	GFX-055
GFX-@mesa-in-native-component	V1	build	L	Run Mesa Vulkan and OpenGL inside native Components with capability-mediated GPU	INV-1066,INV-1205	V1 GPU acceleration for native applications; implements the GPU userspace strategy adr on top of the V0.5 spike.	GFX-056
GFX-@mst-dock-support	V2	build	M	Support DisplayPort MST topologies and daisy-chained docks	EXTRA-026,INV-1222	Docking stations are the dominant laptop multi-monitor path; MST topology changes must not lose windows.	GFX-075
GFX-@multi-gpu-render-scanout	V2	build	L	Render on one GPU and scan out on another	INV-0743,EXTRA-025	§40 multi-GPU awareness; hybrid laptops route dGPU renders to iGPU-attached panels.	GFX-076
GFX-@multi-monitor-hotplug	V2	build	L	Support multi-monitor hot-plug, docks and USB-C DisplayPort Alt Mode	INV-0754,INV-1222	V2 exit: two displays with different scales and refresh rates, hot-plug without compositor restart or window loss.	GFX-077
GFX-@night-light	V2	build	S	Implement night-light colour temperature mode	GAP-0306	Desktop essential listed in GAP-0306; implemented as a compositor output transform, scheduled by APP settings.	GFX-078
GFX-@overlay-planes-direct-scanout	V2	build	L	Scan out fullscreen Surfaces directly via overlay planes	EXTRA-024	V2 gaming proof of concept and HDR video need direct scanout to avoid a composition pass.	GFX-079
GFX-@per-display-scaling	V2	build	M	Implement per-display scale factors	INV-0744,INV-1214	Different scale factors per display is an explicit V2 exit criterion.	GFX-080
GFX-@personality-gpu-render-path	V1	build	M	Mediate Linux personality GPU access through RenderQueue capabilities	INV-1205	V1 exit: browser WebGL, GL and Vulkan samples accelerated through the personality; LNX owns the personality, GFX owns the brokered render-node access.	GFX-057
GFX-@power-aware-rendering	V2	build	M	Skip idle frames and lower refresh on battery under SCH energy intent	INV-0750	§40 power-aware rendering for the V2 battery runtime benchmarks; PWR supplies the policy signal.	GFX-081
GFX-@privacy-indicator-layer	V2	build	M	Provide a non-suppressible indicator layer for camera, microphone, capture and location	GAP-0230	Compositor-protected layer no Surface can cover, fed by CAP audit events with per-application attribution; APP's shell renders the icons.	GFX-082
GFX-@remote-surface-network-transport	LATER	build	L	Support Surfaces produced on another machine over a network transport	INV-0746	The cross-machine half of §40 remote surfaces; 1.0 excludes distributed interfaces, so it is parked pending the remote-desktop scope adr and IPC's distribution transport.	GFX-098
GFX-@render-queue-object	V0.5	build	M	Define and implement the RenderQueue abstraction	INV-0728	Capability-scoped render submission object per §39; depends on the native GPU API adr.	GFX-030
GFX-@restartable-gpu-services	V2	build	M	Make shader cache, allocation broker and display policy restartable	INV-0599	§32 selected GPU user-space services restartable where driver support permits; tested with kill-and-rebind like the compositor.	GFX-083
GFX-@retained-drm-driver-inventory	V0	docs	S	Inventory retained DRM/KMS drivers and pin the no-native-GPU-stack rule	INV-0128,INV-1060,INV-1117,INV-0022,INV-0067,INV-0723,INV-0724	Collapses all GFX 'retain/preserve Linux DRM' items into one inventory (amdgpu, i915/xe, nouveau, virtio-gpu) that feeds KRN's retained-mechanism inventory and records the §57 non-goal as a standing review rule.	GFX-001
GFX-@screen-recording-tool	V2	build	M	Build the OS-owned screen recorder over the capture capability	GAP-0305	Records via capture capability with encode delegated to MED's hardware encoder Component.	GFX-084
GFX-@screen-share-picker	V2	build	M	Build the OS-owned screen-share picker with per-app scoping for portals	INV-0747,GAP-0305	Trusted-UI picker minting capture capabilities; LNX's xdg-desktop-portal ScreenCast calls into it.	GFX-085
GFX-@screenshot-tool	V2	build	M	Build the OS-owned screenshot tool with region selection and annotation	GAP-0305	§40 forbids unrestricted capture so the OS must supply the tool users would otherwise install.	GFX-086
GFX-@seat-input-dispatch	V0.5	build	M	Dispatch seat input from the HW input service to the focused Surface		V0.5 exit: a native application receives keyboard and mouse input. HW owns devices and UIP owns the input protocol; this is the compositor's focus and hit-test dispatch plus software cursor.	GFX-031
GFX-@spike-compositor-infra-reuse	V0.5	spike	M	Evaluate Smithay, wlroots, Mutter and KWin for DRM/KMS plumbing reuse	INV-0753	Prototype-and-measure study of reusable DRM/KMS, GBM and input plumbing versus building anew; produces the option matrix the reuse adr needs.	GFX-032
GFX-@spike-compositor-split-latency	V0.5	spike	L	Prototype monolithic versus split compositor and measure crash-rebind and latency	GAP-0513	Crash recovery and latency pull in opposite directions; the prototype measures both for each candidate split before the UI protocol depends on it.	GFX-033
GFX-@spike-dmabuf-memoryobject-interop	V0.5	spike	M	Spike dma-buf interoperability between MemoryObject and DRM drivers	INV-0337	Measures whether a GPU-compatible MemoryObject can be imported by amdgpu/i915/virtio-gpu as the same physical pages; result gates the zero-copy import build.	GFX-034
GFX-@spike-gpu-budget-enforcement	V1	spike	M	Spike GPU time and memory budgets via DRM scheduler and cgroup GPU controllers	INV-0443	Measures enforceability on amdgpu, i915/xe and NVIDIA before the V2 ResourceDomain GPU budget build.	GFX-058
GFX-@spike-gpu-risk-assessment	V0.5	spike	S	Assess GPU driver risk and mitigation plan for AMD, Intel and NVIDIA	INV-1059	§56.1 names GPU the hardest hardware problem; the report fixes the AMD/Intel/NVIDIA mitigation plan before any V0.5 graphics spike commits to a path. Report deliverable, no code.	GFX-035
GFX-@spike-mesa-behind-capabilities	V0.5	spike	L	Spike Mesa/Vulkan inside a native Component without ambient /dev/dri access	GAP-0511,INV-0734,INV-1065	Proves Surface/Buffer/RenderQueue can map onto DRM render nodes, GBM and Vulkan WSI with the DRM fd held by a broker, not the application; the V0.5 risk register names Mesa's fd assumptions as the top graphics risk.	GFX-036
GFX-@spike-nvidia-stack-evaluation	V2	spike	M	Evaluate NVIDIA open modules with NVK and proprietary userspace against capabilities	GAP-0512	V2 tracks an NVIDIA desktop as experimental; the spike measures each stack behind brokered device access before the stance adr.	GFX-087
GFX-@surface-isolation-test	V0.5	build	S	Test that a UI+GPU Component cannot read other Surfaces or the framebuffer	INV-0210,INV-0725	Enforces the §9.1 no-screen-contents invariant with a denial test rather than a standalone rule task.	GFX-037
GFX-@surface-object	V0.5	build	M	Define and implement Object<Surface> with typed interfaces	INV-0162,INV-0726	Core §39 abstraction; every window, chooser and bridge surface is built on it.	GFX-038
GFX-@surface-persistence-broker	V0.5	build	L	Keep Surface and window objects alive across compositor restart	INV-0605	Implements the restart-state-checkpoint adr: objects owned by the kernel or a persistent broker so the restarted compositor re-attaches them.	GFX-039
GFX-@trusted-ui-surfaces	V0.5	build	L	Render choosers, prompts and elevation in compositor-protected trusted Surfaces	GAP-0228	The V0.5 UserSelected chooser grants authority; applications must not overlay, spoof, resize or inject input into it.	GFX-040
GFX-@virtio-gpu-headless-path	V0.5	build	M	Provide software-rendered and virtio-gpu compositor paths for QEMU CI	GAP-0119	V0.5 hardware scope names virtio-gpu for compositor CI; without it every UI change needs physical hardware.	GFX-041
GFX-@vm-guest-surfaces	V3	build	L	Support Surfaces produced by a KVM guest as remote surfaces	INV-0746	§40 remote surfaces for producers inside a VM; VIRT's V2+ VM manager presents guest virtio-gpu output as native windows.	GFX-092
GFX-@vrr-output	V2	build	M	Support variable refresh rate output with display-reported verification	INV-0740,INV-1216	V2 exit: VRR verified via display reporting at variable frame rates.	GFX-088
GFX-@window-objects	V0.5	build	M	Define window objects as Capability<Surface> handles over typed interfaces	INV-0757,INV-1179	§60 window objects created and managed through typed interfaces, not a Wayland-shaped protocol.	GFX-042
GFX-@wm-policy-interface	V0.5	build	M	Define the window management policy interface between compositor and shell	INV-0757	Typed interface for placement, stacking, focus and workspace policy so APP's shell can own policy without DRM master.	GFX-043
GFX-@zero-copy-gpu-import	V0.5	build	M	Import a MemoryObject into the GPU driver without copying	INV-0325,INV-0337	Renderer hands a MemoryObject to the GPU as the same physical pages via dma-buf; verified by page-identity test. Depends on the dma-buf spike.	GFX-044
GOV-@adr-code-hosting	V0	adr	S	Decide code hosting forge and repository layout	GAP-0384	Forge versus self-hosting and where the Markdown roadmap lives, plus whether that repo is standalone. Distinct from BLD GAP-0086 (kernel/userspace topology). Every V0 CI and review path depends on it.	GOV-001
GOV-@adr-codec-patent-policy	V1	adr	M	Decide codec and proprietary-font shipping and patent policy	GAP-0029,GAP-0301,GAP-0473	Pulled from V2/V3 to V1 because MED packages codecs at V1 (EXTRA-058). One Decision: default-image royalty-free codecs, hardware-passthrough H.264/HEVC/AAC, optional packages, jurisdiction splits, and proprietary fonts versus metric substitutes for migrated documents.	GOV-020
GOV-@adr-compat-repackage-terms	V3	adr	S	Decide redistribution licensing for personality software wrappers	GAP-0463	Redistribution licensing and wrapper ownership for third-party Linux/Windows software (Flatpak, Wine wrappers, installers) is GOV legal policy. PKG decide-personality-packaging is mechanics only. Options: project-owned wrappers with redistributable licenses versus publisher-owned wrappers versus no official repackaging.	GOV-049
GOV-@adr-contribution-terms	V0	adr	M	Decide contributor licensing, copyright holder and DCO or CLA	GAP-0036,GAP-0039,GAP-0385	One contribution-model Decision: DCO Signed-off-by on kernel commits, DCO versus non-assignment CLA for userspace, copyright retained versus assigned, and whether a relicensing clause exists. Provenance cannot be reconstructed after the first external commit.	GOV-002
GOV-@adr-cra-steward-status	V4	adr	S	Decide open-source-steward versus manufacturer status under CRA	GAP-0078	Critique LIC fold sends CRA/EAA policy to GOV. SEC GAP-0078 assesses obligations; this Decision picks steward versus manufacturer before 1.0. EAA conformity stays ACC.	GOV-070
GOV-@adr-dataset-license	V2	adr	S	Decide the license for published benchmark and HCL datasets	GAP-0081	CC0 versus ODbL for community datasets. REL consumes the Decision for HCL and benchmark publication.	GOV-040
GOV-@adr-documentation-license	V1	adr	S	Decide the documentation license and translation terms	GAP-0073,GAP-0081	CC-BY-SA versus CC-BY versus CC0 and translation-contribution terms, before V1 docs site and V3 translations. DOC consumes the Decision.	GOV-021
GOV-@adr-export-control	V3	adr	S	Assess export-control and cryptography distribution obligations	GAP-0394	Public alpha distributes disk encryption and TLS worldwide. Decision on classification and mirror obligations; filing is docs-file-ear-notice.	GOV-050
GOV-@adr-firmware-redistribution	V1	adr	M	Decide firmware blob redistribution for official versus non-free	GAP-0373	V1 Intel-laptop Wi-Fi/GPU images cannot ship blobs without redistribution rights. Policy of official image versus non-free repository versus download-on-demand. HW GAP-0015 is the per-blob audit.	GOV-022
GOV-@adr-font-shipping-policy	V0.5	adr	S	Decide font shipping versus metric-compatible substitutes		Workstreams.md gives font licensing to GOV. V0.5 ships the first immutable image with fonts; TXT-@font-license-audit inventories terms. This Decision allows only redistributable fonts in that image. Proprietary fonts and metric substitutes stay with GAP-0473 on the V1 codec Decision.	GOV-009
GOV-@adr-funding-model	V2	adr	M	Decide the funding model and publish infrastructure-cost finances	GAP-0068,GAP-0395	Donations, sponsorship tiers or fiscal sponsor, with transparent finances. Pulls GAP-0395 from V3 because hardware, CI, CDN and signing cost money before V2 lab and desktop gates.	GOV-041
GOV-@adr-governance-charter	V1	adr	M	Adopt the governance charter for decisions and maintainers	GAP-0063	BDFL versus council versus foundation TSC, appointment, removal, voting and conflict resolution, before the repo opens to external contributors at V1.	GOV-023
GOV-@adr-legal-entity	V1	adr	M	Decide legal-entity form able to hold marks and signing keys	GAP-0040	Foundation, fiscal sponsor or company as counterparty for trademarks, signing keys, shim, OIN and vendor agreements. Depends on spike-entity-jurisdiction. Needed before V1 trademark filing and V3 public distribution.	GOV-024
GOV-@adr-license-firewall	V0	adr	M	Decide the license firewall and outbound project licenses	GAP-0004,GAP-0005,GAP-0074,GAP-0385	One license-policy Decision mapping Layer 1 to GPLv2 and Layers 2–4 to a chosen permissive class, picking the userspace-service license (needed before V0.5 headers), licensing the roadmap/decisions repo, and stating outbound terms for native kernel code beside inherited GPLv2. Coordinates with KRN-@adr-native-kernel-code-license. V0 because copyleft leak and missing headers cannot be fixed later.	GOV-003
GOV-@adr-linux-mark	V3	adr	S	Decide whether Linux appears in product naming	GAP-0033	Linux is a registered trademark. Obtain an LMI sublicense or forbid Linux in product naming before public alpha marketing.	GOV-051
GOV-@adr-oem-certification	1.0	adr	S	Decide OEM partnerships or hardware certification versus later	GAP-0472	Question: OEM/certification before 1.0 or park to post-1.0. A certified machine is the strongest adoption vector and a scarce-engineering commitment.	GOV-078
GOV-@adr-oin-patent-pledge	V3	adr	S	Decide Open Invention Network membership and a patent pledge	GAP-0080	Patent exposure grows with public distribution. OIN membership and a defensive pledge require the V1 legal entity.	GOV-052
GOV-@adr-portability-commitment	V1	adr	S	Decide the 1.0 portability commitment as x86-64 only shipping	INV-0722	§38: ship x86-64 only while the ABI stays architecture-neutral. Recorded before SDK v1 freeze candidates so ARM64/RISC-V remain LATER without fossilizing x86 into Layer 1.	GOV-025
GOV-@adr-repackaging-policy	V3	adr	S	Decide redistribution policy for third-party Linux and Windows software	GAP-0463	Flatpak, AppImage, Wine wrappers and whose license applies. PKG implements; GOV records the legal policy.	GOV-053
GOV-@adr-repository-terms	V3	adr	M	Decide package-repository developer agreement, content and DMCA terms	GAP-0044	Public alpha repository is an intermediary: developer agreement, content policy, malware removal and DMCA notice. Legal, not REL mechanics.	GOV-054
GOV-@adr-roadmap-repository-process	V0	adr	S	Decide the Markdown-plus-Rust-CLI roadmap process	EXTRA-062,EXTRA-064,GAP-0164	Accepted as D-0001 during repository generation: Markdown sources of truth, a small Rust validator, draft IDs then assign-ids, no calendar dates, generated roll-ups. GOV-@build-roadmap-registers implements the remaining register and parseability work.	GOV-004
GOV-@adr-semantic-catalogue	V2	adr	S	Decide governance of the standard semantic interface catalogue	INV-0800	Who may extend Document/Mail/Calendar/Project and how RFCs land, before the V2 automation-then-AI demo. SEM owns registry implementation; GOV owns catalogue governance. AI broker stays after a done registry task.	GOV-042
GOV-@adr-telemetry-policy	V3	adr	M	Decide opt-in usage telemetry policy apart from crash reporting	GAP-0320,GAP-0043,GAP-0360	V3 opt-in alpha telemetry gate. What is collected, anonymisation, retention and the user-visible toggle. Implementation is OBS/INS/REL; INS GAP-0043 is the privacy policy.	GOV-055
GOV-@adr-trademark-policy	V3	adr	M	Decide trademark usage, derivative branding and compatible-with claims	GAP-0032,GAP-0393	V3 exit requires a published trademark policy. Derivatives, spins, merchandise, compatible-with claims, remixes and unofficial builds. Third-party marks already handled at V2.	GOV-056
GOV-@adr-vendor-nda	V1	adr	S	Decide vendor NDA policy for hardware documentation	GAP-0079	What may be read versus reproduced. Hardware enablement may use NDA docs; the tree and public docs may not.	GOV-026
GOV-@adr-vulnerability-reward	1.0	adr	S	Decide whether to run a vulnerability reward program	GAP-0359,GAP-0047	1.0 funding and triage-capacity Decision. SEC GAP-0047 is the V4 bounty-or-not design; this confirms funding at the stable declaration.	GOV-079
GOV-@adr-workstream-split-policy	V2	adr	S	Decide the workstream-split procedure at the size warning		CONVENTIONS: files over workstream_lines_warning are remedied by a GOV adr. Critique expects an APP shell/apps split around V2. Records prefix permanence, See also, and that old IDs never move.	GOV-043
GOV-@build-independent-verification	V1	build	S	Enable independent verification for every done V1 and later task		Critique contradiction 10 and CONVENTIONS §13: switch require_independent_verification on when V1 is active so agents cannot self-close. V0 already requires it for adr and Freezes.	GOV-027
GOV-@build-roadmap-diff-and-impact	V0.5	build	M	Implement roadmap check --base, impact summary and covers audit		Critique structure weaknesses 5 and 9 and CONVENTIONS planned GOV commands: diff-aware check --base, impact --summary, and covers-orphan reporting. Needed once parallel workstreams land, before V1 contributor traffic.	GOV-010
GOV-@build-roadmap-fanin-warning	V0.5	build	S	Warn when a hub task's fan-in exceeds the configured threshold		Critique structure weakness 5: ABI-shape, IDL, threat-model and hardware ADRs will be depended on by hundreds of tasks; the validator must warn so hubs can be split.	GOV-011
GOV-@build-roadmap-lifecycle	V1	build	S	Implement roadmap stale, slipped, history and dropped reasons		AGENTS.md planned GOV commands stale, slipped and history, plus critique dropped-reason taxonomy (already in fields.json enums). Needed once V1 has a living task graph.	GOV-028
GOV-@build-roadmap-mutations	V0.5	build	M	Implement roadmap mutation commands from claim through renumber		AGENTS.md and CONVENTIONS §18 list claim, unclaim, block, done, drop, split, move and renumber as GOV tooling still done by hand. Ship them before V1 external contributors edit tasks.	GOV-012
GOV-@build-roadmap-registers	V0.5	build	M	Complete roadmap registers, ADR CI and task parseability	EXTRA-062,EXTRA-064,GAP-0164	Workstreams.md gives this repo's tooling to GOV. Finish corpus-register schema/validation (entries stay LNX/WIN), add the invariants register with Enforced-by links, and fail CI on broken ADR/task ID links or unparseable templates. IDL-to-docs generation remains DOC/SDK.	GOV-013
GOV-@build-roadmap-see-also	V1	build	S	Add See also citations so gates can name LATER tasks		Critique structure weakness 11: the 1.0 2.0-planning RFC must cite LATER items without depending on them. Ship the field before V3 gates grow See-also lists.	GOV-029
GOV-@docs-1-0-governance-gate	1.0	docs	S	Verify published governance, license, trademark, RFC and security		1.0 exit: license, trademark, contribution, RFC and security policies published. Gate-verifying checklist over earlier GOV deliverables.	GOV-080
GOV-@docs-1x-maintenance-governance	1.0	docs	S	Publish 1.x maintenance-branch and backport governance		1.0 scope: 1.x maintenance branch and backport policy (GOV, KRN). KRN creates the kernel branch; GOV states who may backport and how ABI freeze is preserved.	GOV-081
GOV-@docs-adr-rfc-principles	V0	docs	L	Publish RFC, ADR, research and ABI-review process with principles	GAP-0056,GAP-0057,GAP-0070,INV-0717,INV-1129,INV-1152,INV-1281,INV-1309,INV-1310,INV-1311,INV-1312	V0 exit requires accepted ADRs with rejected options. Encode RFC stages, ADR lifecycle, §57 checklist, PRINCIPLES.md, §68 litmus questions, fossilization review, heightened ABI review versus SDK, and the research-programme process that graduates spikes. Invariants of borrowing and replacement become ADR-template gates.	GOV-005
GOV-@docs-charter-and-architecture	V0	docs	M	Publish charter, vision, architecture map and layer stability policy	INV-0059,INV-0116,INV-1288,INV-1333,INV-1334	V0 identity surface: MISSION.md from §70, vision of what is not built (§1), living §4/§69 architecture map with workstream owners, and the per-layer stability policy (§66). ABI later fills concrete L1/L2 deprecation windows.	GOV-006
GOV-@docs-code-of-conduct	V1	docs	S	Adopt a Code of Conduct with named enforcement body	GAP-0065	Required before the repository opens to external contributors at developer preview. V3 community infra adds moderation roles on top.	GOV-030
GOV-@docs-community-infrastructure	V3	docs	M	Stand up community channels with moderation and archives	GAP-0071,GAP-0389	V3 scope: forum, chat, announcement feed, mailing lists, moderation and archive guarantees. CoC already adopted at V1.	GOV-057
GOV-@docs-contributing-and-gates	V0	docs	M	Publish contributing, CODEOWNERS, AI policy and V0 gate governance	GAP-0038,GAP-0064,GAP-0066,GAP-0069,INV-1153,INV-1176	CONTRIBUTING, MAINTAINERS/CODEOWNERS, AI-assisted contribution rules, and who may close a gate with what evidence. Maps every §59 item into the V0 milestone file and states that V0 is not a usable desktop.	GOV-007
GOV-@docs-corpus-redistribution-review	V1	docs	M	Assemble a legally reviewed redistributable compatibility corpus	GAP-0156	Legal review of Linux/Windows apps, games, fonts, images and documents CI may redistribute. Distinct from EXTRA-062 register schema. V1 L2 corpus cannot run on runners without it.	GOV-031
GOV-@docs-developer-program	V4	docs	M	Publish the developer program and third-party onboarding		V4 scope: developer program, 100 external native packages, 25 external contributors. SDK owns bindings; GOV owns the programme terms and publisher identity.	GOV-071
GOV-@docs-downstream-distribution-policy	V4	docs	S	Publish downstream and derivative-distribution policy	GAP-0075	Beta-stage spins: rebranding, unofficial builds and use of the official package repository. Follows the V3 trademark Decision.	GOV-072
GOV-@docs-ecosystem-metrics	V4	docs	S	Track external-contributor and native-package ecosystem metrics		V4 exit thresholds (100 external packages, 25 contributors) need a published GOV metric, not only REL store counts.	GOV-073
GOV-@docs-feature-freeze-governance	V4	docs	S	Publish feature-freeze and RC soak governance for the beta		V4 exit: feature freeze at RC1, RC soak cycles, P0 restarts the cycle. Extends V0 gate governance to freeze and soak rules.	GOV-074
GOV-@docs-file-ear-notice	V3	docs	S	File the EAR encryption-source notice and classification	GAP-0042	Public binary distribution of cryptography from or through the US. File EAR 742.15(b) and document classification for FDE and TLS releases.	GOV-058
GOV-@docs-gpl-written-offer-policy	V3	docs	S	Publish the GPL corresponding-source written-offer policy		Workstreams.md GPL boundary. REL publishes corresponding source (GAP-0013/0374); GOV states the written-offer policy the installer About view (INS GAP-0014) must surface.	GOV-059
GOV-@docs-issue-triage-policy	V1	docs	S	Publish issue triage labels, severity, templates and stale policy	GAP-0072,GAP-0386	GAP-0386 requires the policy before public alpha. Define at V1 (generation ID, hardware/personality tags, response targets) so V3 community infra only staffs it.	GOV-032
GOV-@docs-kernel-fork-staffing	V1	docs	S	Document kernel-fork maintenance staffing and process	INV-1094	§56.4 standing cost, encoded as an invariant at V0; the actual staffing/process document is due before Phase D and at the first V1 upstream rebase.	GOV-033
GOV-@docs-maintainer-succession	V3	docs	S	Adopt maintainer succession, key escrow and bus-factor plan	GAP-0082	Public alpha must survive loss of any maintainer: admin access, key escrow and workstream continuity.	GOV-060
GOV-@docs-open-2-0-planning-rfc	1.0	docs	S	Open the 2.0 planning RFC listing deferred LATER items		1.0 exit: 2.0 planning RFC opened listing explicitly deferred items (ARM64, native FS/GPU, distributed interfaces, casting). Cites LATER via See also without depending.	GOV-082
GOV-@docs-privacy-policy	V3	docs	S	Publish the privacy policy for crash reports, HCL submissions and telemetry	GAP-0043	GDPR data-handling design for crash reporting, Hardware Compatibility List submissions and telemetry. GOV owns the policy; INS/REL implement.	GOV-061
GOV-@docs-public-governance-bundle	V3	docs	S	Publish the public governance, license and trademark bundle		V3 exit: governance document, license and trademark policy published. Packages already-accepted V0–V3 Decisions into the public site.	GOV-062
GOV-@docs-register-infrastructure	V1	docs	S	Register domains, namespaces and handles under the entity	GAP-0035	Domains, package-repo namespace, forge org and social handles held by the legal entity, not an individual. Depends on adr-legal-entity. Blocks V3 public alpha identity.	GOV-034
GOV-@docs-repo-intermediary-terms	V3	docs	M	Publish package repository developer agreement and intermediary terms	GAP-0044	Developer agreement, content policy, malware-removal and DMCA notice/counter-notice are legal intermediary duties. docs-developer-program is V4 onboarding; REL implements the repo those terms govern. No existing GOV slug for these duties.	GOV-063
GOV-@docs-repos-register	V0.5	docs	S	Populate the repository-alias register from the hosting Decision		registers/repos.md aliases are owned by GOV. After adr-code-hosting, replace placeholder URLs so Evidence lines resolve.	GOV-014
GOV-@docs-research-programme-index	V0.5	docs	S	Publish the research-programme index that every ADR must cite		Workstreams.md: GOV tracks the §58 research programme. DOC writes the studies (INV-1151 reassigned); this index is what ADR templates require. Non-gating V0.5 per critique ordering of research.	GOV-015
GOV-@docs-rfc-external-venue	V1	docs	S	Publish RFC templates and the discussion venue for contributors		GAP-0056 defined the process at V0; V1 opens to external developers with SDK v1. Templates and venue must exist before the V3 five-RFC gate.	GOV-035
GOV-@docs-rfc-process-live	V3	docs	S	Exercise the RFC process through five external RFCs to Decision		V3 exit: public RFC process has processed at least five external RFCs to Decision. Gate-verifying, not a new process.	GOV-064
GOV-@docs-security-response-roles	V3	docs	S	Record GOV roles in security-response and advisory sign-off		V3 scope names GOV beside REL/KRN for security response. REL GAP-0239 owns the process; GOV names who may sign advisories and speak as the entity.	GOV-065
GOV-@docs-signing-key-governance	V3	docs	S	Define governance roles for root signing-key custody		REL GAP-0045 owns ceremony and HSM; GOV names which governance roles hold quorum shares for Secure Boot and repository signing at public alpha.	GOV-066
GOV-@docs-stability-contract	1.0	docs	M	Publish the 1.0 stability contract, support lifecycle and UX bar	GAP-0060,INV-1335,INV-1336	The 1.0 promise: frozen ABIs, breaking-change definition, 24-month support, CVE SLA, each §70 pillar mapped to a workstream with exit criteria, and compatibility UX proving Linux and Windows software feel native (§49).	GOV-083
GOV-@docs-support-policy-drafts	V4	docs	M	Draft support window, CVE SLA, HCL and ABI-stability policy		V4 exit: support window, CVE SLA, HCL tiers, ABI stability statement drafted, RFC-reviewed and accepted. REL GAP-0062 owns lifecycle mechanics; ABI drafts the stability statement; GOV owns the published contract drafts.	GOV-075
GOV-@docs-third-party-mark-rules	V2	docs	S	Define rules for third-party marks in compatibility claims	GAP-0034	Pulled from V3 to V2: Windows, Steam, Proton and related marks first appear in public V2 W1/gaming gates. Trademark usage policy for derivatives stays V3.	GOV-044
GOV-@docs-trademark-clearance	V1	docs	M	Run trademark clearance and register word and logo marks	GAP-0031	Clearance and filing before any public release. V1 is the last rung before V2 desktop preview names the product in public.	GOV-036
GOV-@docs-userspace-license-allowlist	V0.5	docs	S	Publish the userspace dependency license allowlist	GAP-0012	Pulled from V1 to V0.5 because the first immutable packages land then. Excludes AGPL, SSPL, BUSL and similar from the default image and SDK tree. BLD enforces the list in CI.	GOV-016
GOV-@docs-v05-milestone-gates	V0.5	docs	S	Author the V0.5 milestone gates mapping the application model	INV-1177,INV-1193	Gate-verifying docs: every §60 item in the V0.5 file, including four demo native apps from immutable packages on the native compositor.	GOV-017
GOV-@docs-v1-milestone-gates	V1	docs	S	Author the V1 milestone gates including self-hosting and dogfooding	INV-1102,INV-1194,INV-1210,INV-1212	Gate-verifying docs: every §61 item, self-hosting, internal daily-driving metrics, and ecosystem criteria on every V1+ gate (INV-1102).	GOV-037
GOV-@docs-v2-milestone-gates	V2	docs	S	Author the V2 milestone gates mapping the desktop preview	INV-1234	Gate-verifying docs: every §62 item in the V2 milestone file.	GOV-045
GOV-@docs-v3-milestone-gates	V3	docs	S	Author the V3 milestone gates and audience-specific messaging	INV-1235,INV-1250	Gate-verifying docs: every §63 item, written for enthusiasts, developers, OS researchers and experimenting gamers.	GOV-067
GOV-@docs-v4-and-stable-criteria	V4	docs	M	Define V4 beta and 1.0 stable criteria the baseline omitted	INV-1251	§63 left V4/1.0 unspecified. Write SLOs, audit, ABI freeze, support commitment, hardware list and compatibility pass rates into the V4 and 1.0 milestone files, citing B-IDs and C-IDs only.	GOV-076
GOV-@docs-vendor-conflict-policy	V3	docs	S	Publish vendor influence and conflict-of-interest policy	GAP-0067	Hardware vendors, game platforms and sponsors at public alpha. Target-hardware selection and gaming partnerships are capture risks.	GOV-068
GOV-@docs-vendor-nda-policy	V2	docs	S	Publish vendor NDA policy for hardware documentation	GAP-0079	Vendor NDA policy (what may be read versus reproduced) is legal/governance; no existing GOV NDA slug. HW consumes the policy when writing drivers. Distinct from docs-vendor-conflict-policy (influence/COI).	GOV-046
GOV-@docs-wine-stack-license-review	V2	docs	M	Complete the Wine, DXVK and VKD3D-Proton license review	INV-0915	LGPL Wine and related Windows-personality components before W1 gates. WIN owns clean-room and upstream-first policy; GOV records the license review. PKG owns LGPL relinking.	GOV-047
GOV-@lint-standing-invariants	V0.5	build	S	Encode standing invariants and non-goals as linted register rules	INV-0008,INV-0009,INV-0060,INV-0080,INV-0637,INV-0988,INV-1017,INV-1039,INV-1094,INV-1102,INV-1114,INV-1124,INV-1291,INV-1292,INV-1293,INV-1306,INV-1307,INV-1308,INV-1332	Critique: collapse nongoals and invariants into lint/register tasks, not one task each. Populate I-IDs for §1/§2/§3/§53/§54/§56.5/§57/§66/§67/§69 rules (not a distro or DE, mechanism-versus-semantics, personality firewall, no fake speedups, ecosystem gates from V1, ideas stay in Layer 3/4) and enforce them on ADRs and public material.	GOV-019
GOV-@spike-entity-jurisdiction	V1	spike	S	Compare legal-entity jurisdictions for export, GDPR and tax	GAP-0041	Question answered before adr-legal-entity: export controls, GDPR, trademark cost and donation tax treatment. Jurisdiction is expensive to change.	GOV-039
HET-@cancel-gpu-dispatch	V2	build	S	Define GPUDispatch cancellation after work is submitted to the GPU		V2 GPU path must state what the caller observes when an in-flight GPUDispatch is cancelled after GPU submit, so Operation cancellation remains uniform without pretending hardware abort always succeeds.	HET-012
HET-@choose-gpu-backend	V1	adr	S	Decide GPU ComputeDevice backend among Vulkan, DRM, or deferral	GAP-0553	Must precede V2 GPU ComputeDevice implementation. Pulled from inventory V2 to V1 so the V2 dispatch gate is not blocked on an undecided backend. Defer-after-1.0 remains an option but conflicts with the V2 Throughput-on-GPU exit criterion.	HET-003
HET-@choose-workload-format	V1	adr	M	Decide portable workload representation for heterogeneous dispatch	INV-0695	Must precede compute.dispatch. Pulled from inventory V2 to V1. Options: SPIR-V, Wasm, native kernels per device, or a multi-format envelope. Wasm as the only native machine ABI is rejected per §57.	HET-004
HET-@conform-compute-abi	V4	build	M	Ship ComputeDevice Layer 1 conformance tests for the ABI freeze		V4 freezes Layer 1: every ComputeDevice, ComputeQueue, and GPUDispatch entry point needs a conformance test. No L1 freeze is scheduled before this rung.	HET-026
HET-@define-npu-class	V3	build	L	Define NPU ComputeDevice class with one reference hardware backend	INV-0682	V3 expands ComputeDevice beyond CPU/GPU with at least one NPU backend on target hardware, proving the open-ended class id does not require an ABI break.	HET-020
HET-@define-optional-classes	V3	build	M	Define DSP FPGA and accelerator ComputeDevice classes without backends	INV-0683,INV-0684,INV-0685	§37 requires DSP, FPGA, and generic accelerator classes as interface definitions with backends optional before 1.0, so the taxonomy stays open without shipping unused drivers.	HET-021
HET-@demonstrate-preference-routing	V2	build	S	Route Throughput to GPU and LowLatency to CPU in the V2 demo		V2 exit criterion: a sample workload with preference Throughput runs on the GPU and LowLatency on the CPU, and os inspect shows the ComputeQueue.	HET-013
HET-@dispatch-cpu-workload	V1	build	S	Dispatch a sample workload on the CPU ComputeDevice		V1 ABI reservation must be callable, not a type-only stub. A CPU ComputeQueue submit/complete path proves GPUDispatch exists before the V2 GPU signal path.	HET-005
HET-@document-compute-abi	V3	docs	S	Publish Layer 1 reference pages for ComputeDevice and ComputeQueue		V3 documentation gate requires 100 percent of Layer 1 ABI entry points to have reference pages, including ComputeDevice, ComputeQueue, and GPUDispatch.	HET-022
HET-@enable-nvidia-compute	V3	build	M	Enumerate NVIDIA GPU as a ComputeDevice on the V3 desktop		V3 hardware scope adds a gated NVIDIA desktop. ComputeDevice enumeration and dispatch must work on that GPU using the V1 backend decision, not a native NVIDIA driver rewrite.	HET-023
HET-@encode-dispatch-preferences	V2	build	M	Encode ComputeDevice dispatch preferences for workload placement	INV-0687,INV-0688,INV-0689,INV-0690,INV-0691,INV-0692	Collapses the six §37 preference axes (latency, throughput, energy, precision, memory, locality) into one schema used by compute.dispatch and the placement service.	HET-014
HET-@enumerate-device-shape	V0	adr	M	Decide ComputeDevice enumeration ABI and open-ended class taxonomy	INV-0045,INV-0678,INV-0686,INV-0705,INV-0715,INV-0716,INV-1300	V0 scope-in is only the ComputeDevice enumeration ADR. Collapses topology, CPU-only, open-ended taxonomy, unfixed CPU/GPU split, NPU, novel-arch, and Principle 9 invariants into one decision with options: closed class enum versus extensible class id; CPU as ComputeDevice versus CPU-as-scheduler-only; hide versus expose placement cost.	HET-001
HET-@expose-device-cost	V1	build	S	Expose ComputeDevice locality and cost through inspect data		Principle 9 and the V0 enumeration ADR require abstractions to expose locality and cost rather than hiding them. OBS owns the inspect command; this task emits the per-device records.	HET-006
HET-@expose-gpu-device	V2	build	L	Expose the GPU as a ComputeDevice on the chosen backend	INV-0681	V2 gate requires GPU dispatch. Uses retained DRM/Mesa or Vulkan compute per the V1 backend ADR; does not rewrite a native GPU driver stack.	HET-015
HET-@fuzz-compute-dispatch	V3	build	S	Fuzz GPUDispatch submission and preference decoding without panic		V3 continuous fuzzing of the native syscall surface must include GPUDispatch submit and preference blobs so a public alpha does not ship an unfuzzed L1 object.	HET-024
HET-@gate-device-capability	V1	build	S	Gate ComputeDevice access behind Capability with no ambient path	INV-0698	No-ambient-authority applies as soon as a CPU ComputeDevice exists, so this is pulled from inventory V2 to V1. Dispatch without Capability<ComputeDevice> returns Error::Rights and allocates no handle.	HET-007
HET-@implement-compute-dispatch	V2	build	M	Implement compute.dispatch as an asynchronous Operation	INV-0693	User-facing §37 compute.dispatch(workload, preference) submits an Operation that placement routes to a ComputeQueue. Kernel GPUDispatch is the submit/complete primitive.	HET-016
HET-@implement-compute-queue	V1	build	M	Implement ComputeQueue as a typed submission Object	INV-0164	Object<ComputeQueue> is the submission queue of a ComputeDevice. CPU queues land at V1 with the device ABI; GPU queues bind at V2. GFX RenderQueue remains GFX.	HET-008
HET-@implement-device-abi	V1	build	L	Implement ComputeDevice kernel ABI with CPU as first class	INV-0057,INV-0679,INV-0680,INV-1320	V1 must reserve the Layer 1 ComputeDevice object so later GPU/NPU classes do not break the ABI. CPU is the first enumerable class; taxonomy stays open-ended per the V0 ADR.	HET-009
HET-@implement-optional-backends	LATER	build	L	Implement optional DSP and FPGA ComputeDevice backends		V3 ships DSP and FPGA as interface-only classes with backends optional before 1.0. Real backends are parked on LATER so they can return without living as fake 1.0 work.	HET-030
HET-@implement-placement-service	V2	build	M	Place workloads on a ComputeDevice from requirements and preferences	INV-0694	Layer 2 placement service selects CPU versus GPU from encoded preferences. Kernel ABI stays device and queue objects; unmatched workloads fail closed with a typed error.	HET-017
HET-@integrate-scheduler-intent	V3	build	M	Integrate dispatch preferences with scheduler intent and frequency	INV-0700	Throughput, LowLatency, and EnergyEfficient dispatch must influence device choice and frequency selection via SCH intent. SCH owns GPU-queue priority; this is the HET side of the bridge.	HET-025
HET-@lock-preference-schema	V4	build	S	Lock the Layer 2 dispatch preference schema for the 1.x line		V4 locks Layer 2 interface versions for 1.x. Dispatch preference records and the placement-service interface are L2 and must pass old-client/new-service negotiation.	HET-027
HET-@measure-dispatch-overhead	V2	benchmark	M	Measure ComputeDevice dispatch overhead against Vulkan and Rayon		Harness for B-048 (bench:compute-dispatch). V2 target is publish-only; later rungs use the same harness for regression bands.	HET-018
HET-@prototype-gpu-submit	V1	spike	M	Prototype Vulkan compute versus DRM job submission on AMD		Critique freeze-before-spike: GAP-0553 and the V2 GPU ComputeDevice gate need a measured prototype on the reference AMD GPU before the backend ADR is accepted. Does not build a native GPU driver stack.	HET-010
HET-@publish-dispatch-results	1.0	benchmark	S	Publish B-048 ComputeDevice dispatch results on every Tier 1 machine		1.0 re-runs every tracked benchmark on Tier 1. B-048 target is regression versus V4 using the V2 harness; no superiority claim without the published table.	HET-028
HET-@relate-device-queue	V1	adr	S	Decide how ComputeDevice relates to ComputeQueue	INV-0696	Answers whether a ComputeQueue is derived from a ComputeDevice Capability and who owns scheduling, before Object<ComputeQueue> and GPU backends land. Options: queue derived from device; independent queue objects; GFX ComputeQueue as the GPU device with CPU having no queue.	HET-011
HET-@review-device-fossilization	1.0	docs	S	Review ComputeDevice against CXL unified memory NPU and CHERI		Workstream scope and the 1.0 fossilization review require checking ComputeDevice against x86-64, coherent memory, and discrete-GPU assumptions (CXL, unified CPU/GPU memory, NPUs, CHERI) without claiming hardware capability enforcement.	HET-029
HET-@submit-gpu-dispatch	V2	build	M	Complete GPUDispatch when the GPU signals queue completion	INV-0354	Inventory placed GPUDispatch at V0.5, but V0.5 has no HET gate and compositor GPU work is GFX RenderQueue. Earliest gate is V2 ComputeDevice dispatch; this is the GPU-signal completion path onto ComputeQueue.	HET-019
HET-@survey-dispatch-models	V0	spike	M	Survey heterogeneous dispatch models before the ComputeDevice API	INV-0697	Critique requires L1 spikes in V0 and freeze-before-spike forbids committing the ComputeDevice API without this survey of SYCL/oneAPI, CUDA graphs, Vulkan compute, Metal, Level Zero, and ONNX Runtime EPs.	HET-002
HW-@bench-bluetooth-pairing	V2	benchmark	S	Publish Bluetooth pairing time and audio latency on target machines		V2 benchmark gate: Bluetooth audio latency and pairing time measured and published on the three target machines. Numbers live in the BEN register; this harness produces the reports. No superiority claim.	HW-033
HW-@bench-userspace-driver	V2	benchmark	S	Publish user-space versus in-kernel driver latency and throughput	INV-1057	INV-1057 measured performance parity for a migrated class. Harness compares the Bluetooth or USB HID user-space driver to the inherited in-kernel path on the same Reference machine; BEN owns the register target.	HW-034
HW-@bluetooth-host-component	V2	build	L	Run the Bluetooth host as a restartable user-space Component	INV-0614,INV-1057	§33/§55: migrate the Bluetooth host to user-space where the spike showed acceptable cost, demonstrating one inherited class moved with measured parity (bench-userspace-driver). V2 exit: user-space Bluetooth crash recovers without reboot.	HW-035
HW-@bluetooth-pairing-chooser	V2	build	M	Grant Capability<BluetoothDevice> from a pairing agent and chooser	GAP-0298,INV-1217	BLE scanning is a location-tracking vector. Apps receive per-device Capabilities, never adapter-wide scan authority. APP/UIP render the chooser; HW owns pairing, bonding and the Capability. Covers pairing UI in INV-1217.	HW-036
HW-@bluetooth-profiles	V2	build	M	Ship A2DP, HFP, HID, GATT, BLE privacy and file-transfer profiles	GAP-0297,INV-1217	V2 laptop day demo: headset A2DP/HFP, mouse and keyboard HID, file transfer. LE Audio/LC3 is included where hardware supports it; BLE privacy is on by default. AUD owns audio rendering; HW owns the host profiles.	HW-037
HW-@bluetooth-service-rebind	V2	build	M	Restart the Bluetooth service with paired devices reconnecting	INV-0596	§32 Bluetooth service restartable; V2 exit tests stack crash recovery without reboot. Paired headsets, mice and keyboards reconnect after supervisor restart.	HW-038
HW-@bringup-amd-desktop	V0	build	M	Bring up the V0 AMD desktop Reference machine to a booting kernel		V0 hardware scope and exit: the fork boots on QEMU and one designated AMD desktop from a CI-built image. LAB racks the machine; HW records SKU, firmware, IOMMU/TPM/Secure Boot posture from decide-target-hardware and a passing boot log.	HW-001
HW-@bringup-amd-laptop	V2	build	L	Bring up the AMD laptop Reference machine including amdgpu	INV-1061	V2 hardware scope: named AMD laptop (Zen 4-class APU, Wi-Fi 6, Bluetooth). Completes INV-1061 laptop GPU support. Lid, touchpad, BT and firmware quirks are the V2 HW risk the ladder names.	HW-039
HW-@bringup-extra-laptops	V3	build	L	Bring up one additional Intel laptop and one additional AMD laptop		V3 Tier 1 is six machines: three V2 targets plus NVIDIA desktop plus one extra laptop per vendor. HW bring-up of the two new SKUs onto the same HID/GPU/USB/firmware matrix.	HW-062
HW-@bringup-intel-desktop	V4	build	M	Bring up the Tier 1 Intel desktop Reference machine		V4 hardware scope: at least 10 named machines including one Intel desktop. SKU recorded in the hardware register; HID, GPU, USB, firmware and HCL row required before RC soak.	HW-080
HW-@bringup-intel-laptop	V1	build	L	Bring up the V1 Intel laptop Reference machine for daily-driving		V1 hardware scope: designated Intel laptop (iGPU, Intel Wi-Fi, NVMe, internal plus one USB-C display). Critique: laptop procurement is LAB at V0.5; HW bring-up must exist before Wi-Fi/audio/suspend gates that PWR/NET/AUD own.	HW-015
HW-@bringup-second-gen-fleet	V4	build	L	Bring up second-generation AMD and Intel laptops and a second AMD GPU		V4: AMD desktops at least two GPU generations, Intel laptops two generations, AMD laptops two. Completes the ten-machine Tier 1 floor with SKUs, firmware matrix and suite green.	HW-081
HW-@decide-bluetooth-stack	V2	adr	M	Decide Bluetooth host placement and required profiles	GAP-0297	V2 Bluetooth gate depends on this adr, fed by spike-userspace-bluetooth. Options: retain BlueZ in-kernel/host, move the host to a native Component per §33, or a hybrid. Profiles: A2DP, HFP, HID, LE Audio/LC3, GATT, BLE privacy.	HW-040
HW-@decide-device-access	V0.5	adr	M	Decide user-space driver access: VFIO, UIO or native Device DMA	INV-0623	INV-0623 must precede the V1 user-space driver framework. Options: reuse VFIO/UIO-style interfaces, a native Device Capability with IOMMU-protected MemoryObject DMA, or a hybrid. Fed by spike-usb-hid-driver.	HW-006
HW-@decide-driver-class-criteria	V1	adr	M	Decide criteria classifying each driver as inherited, native or rewritten	INV-0621,INV-1054	Merges the two §33/§55 classification adrs: latency, DMA safety, interrupt performance, isolation value, inherited-driver compatibility and maintenance cost. Options per class: keep in-kernel, move to user-space, or rewrite in-kernel. Feeds the driver status registry.	HW-016
HW-@decide-driver-pragmatism	V0	adr	S	Decide pragmatic driver residency over microkernel purity	INV-0622,INV-1044,INV-1055,INV-1128,INV-0612	Collapses the §33/§55/§57 nongoals and invariants: no microkernel purity, hardware support wins when it conflicts with native work, and driver transition is incremental per class with no flag-day. Options: all-userspace, kernel-only, and pragmatic residency by measured cost.	HW-002
HW-@decide-input-rights	V0.5	adr	S	Decide Capability<InputDevice> rights with no ambient device nodes		EXTRA-042 and §9: native apps must not receive ambient HID streams. Options: per-seat focused-surface only, per-device Capability with attenuable grab rights, or a privileged input broker. Must precede input-hid-service consumers in UIP.	HW-007
HW-@decide-iommu-requirement	V1	adr	S	Decide whether IOMMU is required for user-space drivers and DMA	GAP-0536,INV-0627	Without IOMMU a user-space driver can DMA over the kernel. Options: hard requirement on all target hardware, required only for user-space DMA drivers, or software-only isolation with documented degradation. Target SKUs already require IOMMU via GAP-0211.	HW-017
HW-@decide-nvidia-approach	V1	adr	M	Decide NVIDIA support and Secure Boot handling of proprietary modules	INV-1063,GAP-0183	Critique places the NVIDIA adr at V1 so V2 experimental and V3 Tier 1 bring-up are not research. Options: open modules plus NVK, vendor-signed proprietary module, machine-owner MOK signing, or defer past 1.0. Coordinates with KRN module-signing and GFX compositor stance.	HW-018
HW-@decide-printing-architecture	V2	adr	S	Decide driverless-first native printing with PDF spool and CUPS in LNX	GAP-0267	Must precede the V3 print service. Options: IPP Everywhere/driverless native service with PDF spool, CUPS as the native service, or CUPS only inside the Linux personality for legacy drivers. Print job is a typed Operation; APP owns the dialog chrome.	HW-041
HW-@decide-sensor-scope	V2	adr	S	Decide 1.0 sensor support per device class in or out of scope	EXTRA-037	Critique missing requirement 36: ambient-light auto-brightness, lid and tablet-mode switches, accelerometer rotation declared in or out per device class. Options: all three in, lid-only, or lid plus ALS. Convertible UI remains UIP non-goal.	HW-042
HW-@decide-support-tiers	V2	adr	S	Decide Hardware Compatibility List tiers and promotion criteria	GAP-0371	Public vocabulary for tested-in-lab, community-reported and unsupported, plus promotion rules into Tier 1. Options: two tiers, three tiers, or lab-only until 1.0. Feeds publish-known-good-list and the V3 installer verdict.	HW-043
HW-@decide-target-hardware	V0	adr	M	Decide the V1 through V2 Reference machine list and security criteria	GAP-0550,INV-1230,INV-1231,INV-1232,GAP-0211,INV-0001,INV-1233	GAP-0550 requires the AMD desktop, Intel laptop and AMD laptop SKUs before hardware-dependent spikes. Records x86-64-only, constrained rather than universal PC compatibility, and Secure Boot key enrolment, TPM 2.0 and IOMMU as selection criteria. V0 hardware scope names the AMD desktop this adr designates.	HW-003
HW-@decide-third-party-drivers	V4	adr	M	Decide policy for third-party user-space drivers and firmware packages	GAP-0479	Vendors and community porters need a channel without forking the OS. Options: signed Packages with review and revocation, in-tree only, or unrestricted user-space loaders. How they appear in the Hardware Compatibility List is part of the decision.	HW-082
HW-@decide-vendor-priorities	V2	adr	S	Decide public vendor priorities for purchase guidance	GAP-0469	Honest guidance (AMD graphics first, Intel/MediaTek Wi-Fi, NVIDIA/Broadcom best-effort, or an alternative ranking) before public alpha. Prevents a wave of unsupported-hardware reports. Distinct from SKU selection at V0.	HW-044
HW-@define-device-object	V0.5	build	M	Define Object<Device> and mint Capability<Device> from enumeration	INV-0170	§7 Object<Device> is the hardware handle the V0.5 input path and later user-space drivers hold. Surface stays prototyped; depends on spike-device-capability. No ambient device-node grant.	HW-008
HW-@device-enumerator	V0.5	build	M	Enumerate PCI, USB and ACPI devices into Object<Device> handles		Native device discovery over retained Linux buses so Object<Device> exists for the compositor input path and later drivers. Preserves §2 hardware discovery; does not replace sysfs for the Linux personality.	HW-009
HW-@device-hal-bridge	V1	build	L	Bridge native Device objects to inherited Linux drivers	INV-1326	§69 hardware abstraction: native Object<Device> over retained in-kernel drivers so native software never opens DRM/USB/HID nodes. Personality software keeps the inherited nodes. Required before GPU-accelerated Linux apps at V1 share hardware with native Components.	HW-019
HW-@driver-incremental-lint	V1	build	S	Lint-forbid flag-day replacement of any inherited driver class	INV-1055	INV-1055 as a CI lint: a change that removes an inherited driver class without an accepted classification adr and a dual-path period is rejected. Enforces decide-driver-pragmatism on every merge.	HW-020
HW-@driver-status-registry	V1	build	M	Publish the driver status registry of class and test coverage per device	INV-1058	INV-1058: each supported device records inherited-Linux, userspace-native or rewritten, plus test coverage. Feeds the Hardware Compatibility List and decide-driver-class-criteria outcomes. Regenerated in CI from the three-class model.	HW-021
HW-@enable-amdgpu-desktop	V0.5	build	M	Enable amdgpu on the AMD desktop Reference machine for composition	INV-1061	V0.5 compositor drives the reference GPU via DRM/KMS. HW bring-up of amdgpu plus RADV/RadeonSI on the designated AMD desktop; GFX owns compositor abstractions. Laptop half of INV-1061 waits for bringup-amd-laptop.	HW-010
HW-@enable-intel-gpu	V1	build	M	Enable i915/xe and ANV/Iris on the Intel laptop Reference machine	INV-1062	V1 hardware scope and GPU-accelerated Linux browser/IDE gate need excellent Intel GPU support on the designated laptop. GFX owns compositor/Mesa mediation; HW owns kernel driver bring-up and a passing acceleration check.	HW-022
HW-@extra-input-pen-touch	V2	build	M	Enable basic touchscreen and pen digitizer as InputDevice Capabilities		UIP requires pointer, touch and pen at V0.5 protocol level and ships basic touchscreen at 1.0 while on-screen keyboard stays out. HW enablement of USB/I2C touch and Wacom-class pens on target laptops that include them.	HW-045
HW-@fingerprint-reader	V3	build	M	Enable fingerprint readers as Device objects for the identity service		SEC greeter adds fingerprint login at V3; GAP-0468 lists fingerprint readers in purchase guidance. HW enables USB/SPI fingerprint devices behind Capability<Device>; SEC owns matching. Out of scope if the SKU has no reader.	HW-063
HW-@firmware-blob-policy	V1	docs	M	Audit linux-firmware blobs and set ship, download-on-demand or exclude	GAP-0015	Pulled from V2 to V1 because daily-drive images ship firmware. Per-blob redistribution terms: ship in the image, download-on-demand, or exclude. GOV licence scanning (GAP-0155) is the CI net; this is the HW policy for target machines.	HW-023
HW-@firmware-update-service	V2	build	L	Ship an LVFS firmware update service recorded in SystemGeneration history	GAP-0203,EXTRA-043,GAP-0442,GAP-0343	Incoming from BOOT plus HW firmware items: fwupd/LVFS-class updates for UEFI, microcode, SSDs, docks and peripherals, each recorded as a history event with explicit rollback limits. BOOT keeps ESP capsule staging and PCR re-seal; PKG records the history event.	HW-046
HW-@hardware-conformance-tool	V3	build	M	Ship a user-runnable hardware conformance tool with consented upload	GAP-0146,GAP-0471	Public alpha meets hardware the lab never will. Executes the compatibility suite on an arbitrary machine and submits anonymised, consented results. Distinct from the pre-install checker: this is post-install conformance.	HW-064
HW-@hardware-release-signoff	1.0	docs	S	Sign off hardware soak: no P0 driver or firmware regression on Tier 1		1.0 risk: last-minute driver or firmware refreshes regress hardware tests during the 30-day soak. Written sign-off that the soak fleet matches published HCL firmware versions and has zero open P0/P1 hardware defects.	HW-087
HW-@hcl-community-ingest	V3	build	M	Ingest community Hardware Compatibility List probes for 100 machines		V3 exit: database has all Tier 1 machines and at least 100 community-submitted machines with probe data. HW owns validation against hcl-schema and hcl-submission-privacy; REL hosts the store.	HW-065
HW-@hcl-compat-checker	V3	build	M	Ship a live-image Hardware Compatibility List checker for PCI USB ACPI	GAP-0470	V3 installer compatibility verdict and probe-from-live-image. Inventories PCI, USB, ACPI and firmware identifiers and reports against the database. INS embeds it; HW owns the probe and verdict logic.	HW-066
HW-@hcl-host-probe	V3	build	M	Ship a host-side Hardware Compatibility List probe for foreign OSes	GAP-0470	GAP-0470 also requires a probe that runs on a Windows or Linux host before wiping a disk. Same schema as hcl-compat-checker; output is a file the installer and website can score.	HW-067
HW-@hcl-schema	V2	docs	M	Define the Hardware Compatibility List schema and probe record format	GAP-0368	V3 public HCL needs a schema before community ingest. Records PCI/USB/DMI identifiers, per-generation status, known issues, workarounds and provenance. REL publishes; HW owns the schema the probe tools emit.	HW-047
HW-@hcl-submission-privacy	V3	docs	S	Make Hardware Compatibility List submissions opt-in, redacted and reviewable	GAP-0471	Invariant: submissions are opt-in, pseudonymous, user-reviewable, no serials or network identifiers. Binding on hcl-compat-checker, hardware-conformance-tool and REL ingest.	HW-068
HW-@hcl-tier-promotion	V4	build	M	Automate Tier 2 to Tier 1 promotion from probe data and suite results		V4 scope: Tier 2 process mature with a documented promotion path. Implements decide-support-tiers criteria against community probes plus a lab suite run, without silently claiming Tier 1.	HW-083
HW-@hybrid-graphics-mux	V2	build	M	Enable iGPU plus dGPU mux and render-offload on hybrid laptops		Critique missing requirement 25 (GFX/HW): hybrid-graphics laptops across compositor and personalities. GFX owns scanout/offload; HW owns ACPI mux, power-well and Device enumeration of both GPUs on machines that have them.	HW-048
HW-@input-gamepad-hid	V2	build	M	Enumerate gamepads as Capability<InputDevice> for native and personalities		V2 gaming proof-of-concept and W1 integration require gamepad input. HW mints HID gamepad Capabilities; WIN/LNX consume them. No ambient /dev/input for native software.	HW-049
HW-@input-hid-service	V0.5	build	L	Build the HID input service minting Capability<InputDevice>		V0.5 exit: a native application receives keyboard and mouse. EXTRA-042 assigns libinput/evdev/HID device enablement to HW and routing to UIP. Native software never sees /dev/input; the Linux personality keeps evdev.	HW-011
HW-@input-hotplug	V0.5	build	M	Re-issue InputDevice Capabilities on HID hot-plug and unplug		V0.5 keyboard and mouse must survive unplug/replug without restarting the compositor. Device-management restart of INV-0598 is V1; this is the input-only hot-plug path the four demo apps need.	HW-012
HW-@input-i2c-touchpad	V1	build	M	Enable I2C HID touchpads on the Intel laptop Reference machine		V1 daily-driving on the Intel laptop fails without the internal touchpad. HID-over-I2C is the usual laptop path; pointer events go through input-hid-service. Gestures wait for V2 touchpad-gestures.	HW-024
HW-@iommu-off-degradation	V1	build	M	Define and test user-space driver degradation when IOMMU is absent	GAP-0536	GAP-0536 requires explicit degradation on systems without IOMMU. Target hardware has IOMMU; this task records the refuse-or-kernel-only behaviour and a test that user-space DMA is not enabled when the IOMMU is off.	HW-025
HW-@iommu-protected-dma	V1	build	L	Implement IOMMU-protected DMA MemoryObjects for user-space drivers	GAP-0536,INV-0627	§17 DMA-suitable MemoryObjects are unsafe against malicious peripherals without IOMMU. Implements the chosen access path so a user-space driver can DMA only into MemoryObjects it holds. MEM owns MemoryObject properties; HW wires Device to the IOMMU domain.	HW-026
HW-@keyboard-layout-model	V1	build	M	Implement XKB-data keyboard layouts, compose, dead keys and switching	GAP-0254	V1 daily-driving needs non-US layouts from day one. EXTRA-042 places layout data in HW; UIP routes keys; APP owns the shell switcher UI. Reuses xkeyboard-config; per-window versus global policy is configured here and consumed by UIP.	HW-027
HW-@laptop-hotkeys-backlight	V2	build	M	Expose laptop function keys, keyboard backlight and brightness	INV-1219	§62 laptop support: function keys, keyboard backlight and display brightness as typed settings. Thermal and frequency stay in PWR (reassigned GAP-0313). First hardware check reviewers make on the two V2 laptops.	HW-050
HW-@lid-and-tablet-switches	V2	build	M	Deliver lid and tablet-mode switch events as typed Device signals	INV-1219,EXTRA-037	§62 lid events on reference laptops. GFX lock-on-lid and PWR suspend consume these signals; HW owns ACPI/HID switch enablement. Tablet-mode follows decide-sensor-scope; convertible UI stays out.	HW-051
HW-@mtp-ptp-transfer	V3	build	M	Support MTP and PTP phone-to-desktop transfer for Android and iOS	GAP-0439	Photo import is a top desktop task at public alpha. USB MTP/PTP as a user-space Component granting UserSelected files, not ambient phone filesystem access.	HW-069
HW-@nvidia-experimental	V2	build	M	Bring up an experimental NVIDIA desktop on the decided driver path	INV-1064	V2 tracks one NVIDIA desktop as experimental with no gate. Exercises decide-nvidia-approach so V3 Tier 1 is not the first boot. Documented supported generations start here.	HW-052
HW-@nvidia-tier1-bringup	V3	build	L	Bring up the Tier 1 NVIDIA desktop on the decided driver and Secure Boot path	INV-1064	V3 hardware scope adds one NVIDIA desktop, proprietary or open path decided by decide-nvidia-approach, fully tested each release. Completes INV-1064 with documented generations and a passing Secure Boot module load.	HW-070
HW-@park-nfc-wwan	LATER	docs	S	Park NFC, WWAN and eSIM hardware enablement after 1.0		Critique missing requirement 37: NFC, WWAN/eSIM declared LATER so they appear in the 1.0 non-goal list. Casting and MIDI are APP/AUD; this task parks the radio and NFC Device classes only.	HW-090
HW-@print-native-service	V3	build	L	Ship driverless print discovery and Capability<PrintJob> for a single job	GAP-0268,GAP-0438,INV-0618	V3 printing scope. IPP Everywhere/AirPrint, USB, WSD and SMB-shared printers via mDNS; printer drivers as user-space Components; OS-owned discovery grants Capability<PrintJob> like the file chooser. APP owns dialog chrome; LNX owns the CUPS socket.	HW-071
HW-@print-service-rebind	V3	build	M	Restart the printing service with queued jobs preserved	INV-0597	§32 printing service restartable with queued jobs preserved. Supervisor restart must not drop an in-flight IPP job on Tier 1 machines.	HW-072
HW-@publish-final-hcl	1.0	docs	M	Publish the 1.0 Hardware Compatibility List and per-machine lab results		1.0 scope and exit: final HCL publication with Tier 1 at least 10 named x86-64 machines and Tier 2 community, plus test-lab results per Tier 1 machine. REL hosts; HW authors the content from the database.	HW-088
HW-@publish-known-good-list	V2	docs	M	Publish the tiered known-good hardware list from the compatibility database	GAP-0468,INV-1113,INV-1233	§62 constrained target hardware communicated as reference, supported and community-reported, with GPU/Wi-Fi/fingerprint/dock guidance. Regenerated from the database each release. Does not promise universal PC compatibility.	HW-053
HW-@retained-hw-inventory	V0	docs	S	Inventory retained Linux buses, firmware load and input in the fork	INV-0016,INV-0017,INV-0020,INV-0021,INV-0025,INV-0027,INV-0033,INV-0069,INV-0125,INV-0126,INV-0127,INV-0131,INV-0132,INV-0134,INV-0135,INV-0136,INV-1327	Critique: retain-Linux items collapse into at most two tasks. This inventory lists PCIe, USB, ACPI, input, Bluetooth, firmware loading, power-management hooks and hardware discovery as inherited, feeding KRN's retained-mechanism list. No driver class is replaced here.	HW-004
HW-@retained-hw-regression	V0	build	M	Gate retained PCIe, USB, ACPI and input regressions on the AMD desktop	INV-0016,INV-0017,INV-0020,INV-0021,INV-0025,INV-0027,INV-0033,INV-0069,INV-0125,INV-0126,INV-0127,INV-0131,INV-0132,INV-0134,INV-0135,INV-0136,INV-1327	Second of the two retain tasks: kselftest and boot-time enumeration checks for the inventoried buses on QEMU and the AMD Reference machine. A native feature that regresses a retained driver is rejected. Bluetooth and laptop power are presence checks until later rungs.	HW-005
HW-@scanning-service	V4	build	L	Ship eSCL/WSD and SANE scanning with Capability<Scanner> via a system dialog	GAP-0269	V4 hardware test suite lists scanning. Driverless eSCL/WSD plus SANE backends; Capability<Scanner> from an OS dialog. First-party scanner app is APP; this task is the service and dialog grant.	HW-084
HW-@sd-mmc-readers	V3	build	S	Enable SD and MMC readers as Capability-gated removable storage		Common laptop hardware at public alpha. Same authority model as usb-mass-storage: Device enumeration in HW, UserSelected volume in STO.	HW-073
HW-@sensors-userspace	V2	build	M	Implement in-scope sensor classes as user-space Components	INV-0617,EXTRA-037	§33 sensor drivers as user-space Components for the classes decide-sensor-scope includes. Typed settings for ALS and orientation; PWR consumes ALS for brightness. Out-of-scope classes are documented, not stubbed as native APIs.	HW-054
HW-@smartcard-ccid	V3	build	S	Enable CCID smartcard readers as Device objects for authentication		APP/SEC lock screen lists smartcard authentication. HW enables USB CCID readers as Capability<Device>; SEC owns PIN and certificate use. No ambient PC/SC for native apps.	HW-074
HW-@spike-device-capability	V0.5	spike	M	Spike Object<Device> as a Layer 1 Capability-gated hardware handle		Critique freeze-before-spike: Object<Device> is Layer 1, so the spike lands in V0, implementation is prototyped at V0.5, and freeze waits until V4. Explores handle shape, rights and IOMMU placement before define-device-object.	HW-013
HW-@spike-remaining-peripherals	V2	spike	M	Evaluate remaining peripheral classes for user-space driver residency	INV-0619	§33 remaining classes: input already moved, cameras/UVC, storage bridges. Report per class against decide-driver-class-criteria so V3 USB mass storage, webcams and MTP are scheduled as inherited or user-space, not by default.	HW-055
HW-@spike-usb-hid-driver	V0.5	spike	M	Spike a USB HID user-space driver against the in-kernel path	INV-0624	§33 requires a measured prototype of one USB HID or USB audio user-space driver versus the inherited in-kernel driver before the access-mechanism adr and V1 framework. Report interrupt latency and throughput; no numeric target in prose.	HW-014
HW-@spike-userspace-bluetooth	V1	spike	M	Spike a Bluetooth controller in user space versus the in-kernel host	GAP-0537	GAP-0537 plus §33: measure interrupt latency and throughput of one Bluetooth controller in user space (VFIO or Device Capability) against the in-kernel host before the V2 Bluetooth stack adr. USB HID half already covered by spike-usb-hid-driver.	HW-028
HW-@third-party-driver-channel	V4	build	M	Implement signed third-party driver and firmware Packages with revocation	GAP-0479	Implements decide-third-party-drivers: review, signing, revocation and HCL rows for out-of-tree user-space drivers. PKG/REL own the repository; HW owns Device matching and the compatibility-database fields.	HW-085
HW-@three-class-driver-model	V2	docs	M	Document the three coexisting driver classes and per-class residency	INV-1053	§55 long-term model: inherited Linux drivers, userspace native drivers and selected rewritten in-kernel drivers coexist. Writes the residency map from decide-driver-class-criteria into the driver status registry for V2 target machines.	HW-056
HW-@thunderbolt-usb-auth	V2	build	M	Require IOMMU and authorize Thunderbolt, USB4 and USB devices before DMA	GAP-0210	GAP-0210: IOMMU on, all DMA devices behind it, bolt-style Thunderbolt/USB4 authorization before PCIe tunnelling. Extends the same authorization to USB DMA devices so docks at V2 cannot DMA until the user allows them.	HW-057
HW-@tier1-hardware-test-suite	V4	build	L	Run the full hardware suite on every Tier 1 machine each release candidate		V4 exit: every Tier 1 machine passes display hot-plug, suspend/resume cycles, Wi-Fi, Bluetooth, audio, camera, USB classes and printing each RC. HW owns the combined suite and per-machine report; PWR/NET/AUD/GFX/MED supply their cases.	HW-086
HW-@touchpad-gestures	V2	build	M	Enable multi-finger touchpad gestures on the reference laptops	INV-1219	§62 touchpad gestures; UIP GAP-0287 ships basic gestures while on-screen keyboard stays out. HW produces gesture events from the I2C HID device; UIP routes them to focused surfaces.	HW-058
HW-@usb-c-dock-enablement	V2	build	M	Enable USB-C docks: USB, Ethernet, HID and DisplayPort tunnels		V2 laptop day demo plugs an external display via USB-C. GFX owns MST/hot-plug; HW enables dock USB hubs, NIC, HID and DP-alt-mode Device objects, gated on thunderbolt-usb-auth.	HW-059
HW-@usb-class-matrix	V3	build	M	Enable common USB classes on Tier 1 and record them in the driver registry		V3 scope: common USB classes beyond HID and mass storage (CDC, hub, serial, audio pass-through to AUD). Per-class residency follows spike-remaining-peripherals. Each class is an entry in the driver status registry.	HW-075
HW-@usb-mass-storage	V3	build	M	Expose USB mass-storage volumes through Capability-gated storage		V3 scope: USB mass storage and common USB classes. HW enumerates the device; STO mounts with UserSelected authority so apps do not receive ambient removable-volume access.	HW-076
HW-@userspace-driver-framework	V1	build	L	Build the user-space driver framework over Capability<Device>	INV-0613,INV-1056,INV-0612	§33/§55 framework: Object<Device> Capabilities, interrupt delivery as Operation completions, and DMA-capable MemoryObjects. Drivers live outside the kernel where decide-driver-class-criteria says the cost is acceptable. Depends on decide-device-access and decide-iommu-requirement.	HW-029
HW-@userspace-driver-rebind	V1	build	M	Restart crashed user-space drivers and re-issue Device Capabilities	INV-0626,INV-0598	§32 device-management services are restartable; §33 isolates driver Component crashes under SVC supervision and re-issues Capabilities to holders. V1 daily-driving must not reboot for a USB HID driver panic.	HW-030
HW-@userspace-usb-hid	V1	build	M	Ship selected USB HID classes as user-space drivers	INV-0615	INV-0615: selected USB classes move to user-space where the spike showed acceptable cost. First class is HID (keyboard, mouse) on the Intel laptop, using the V1 framework. Remaining USB classes wait for usb-class-matrix at V3.	HW-031
HW-@verify-bt-pairing-cycles	V2	build	M	Verify headset, mouse and keyboard pairing cycles on target laptops		V2 exit: pairing and reconnect of a headset (A2DP and HFP), a mouse and a keyboard succeed in 95 of 100 automated cycles. LAB supplies peer devices; HW owns the scenario scripts.	HW-060
HW-@verify-hcl-tier1-features	1.0	build	M	Verify every listed Tier 1 feature on the 1.0 release candidate		1.0 hardware coverage: every listed feature works on each Tier 1 machine, including suspend/resume, Wi-Fi, Bluetooth, external displays and HDR/VRR where the hardware supports it. Runs tier1-hardware-test-suite as a release gate.	HW-089
HW-@verify-intel-laptop-input	V1	build	S	Verify keyboard, touchpad and USB HID on the Intel laptop Reference machine		V1 daily-driving gate: core team uses the Intel laptop as primary machine. Scripted HID scenarios (internal keyboard, I2C touchpad, USB mouse) must pass on that SKU before the milestone closes.	HW-032
HW-@verify-print-on-tier1	V3	build	S	Verify driverless printing on every V3 Tier 1 machine		V3 scope includes printing on six Tier 1 machines. Scripted IPP Everywhere job from a native app plus discovery of a USB printer; LNX CUPS path is a separate LNX task.	HW-077
HW-@verify-three-targets	V2	build	M	Verify HID, GPU, USB and firmware on the three V2 target machines		V2 hardware scope is exactly three named machines. Gate-verifying matrix: internal/external HID, GPU enumeration, USB hot-plug, lid/brightness, firmware probe. PWR/NET/AUD/GFX own their slices; HW owns the combined per-machine report.	HW-061
HW-@webcam-uvc-enablement	V3	build	M	Enable UVC webcams as Device objects consumed by the camera service		V3 cameras/webcams. HW enables UVC devices as Object<Device>; MED mints Capability<Camera> and the in-use indicator. Native software never receives ambient V4L2 nodes.	HW-078
HW-@wifi-bt-driver-breadth	V3	build	M	Record Wi-Fi and Bluetooth inherited-driver breadth in the compatibility database		V3 scope: Wi-Fi and Bluetooth hardware beyond target machines via inherited Linux drivers and the database. NET owns association; HW owns chipset enablement notes and HCL rows for community adapters.	HW-079
INS-@bench-delta-rollback	V3	benchmark	S	Publish delta update size and automatic rollback time		V3/V4/1.0 gates cite B-035. PKG already benches store-level delta size; INS benches client download size and fault-injected rollback time to the previous greeter.	INS-015
INS-@bench-install-update-time	V3	benchmark	S	Publish install, first-boot and update-apply times	GAP-0411	V3/V4/1.0 benchmark gates cite B-034 (install, first-boot, update-apply) per Tier 1 machine. INS owns the harness; BEN owns the register. Publish-only; no superiority claim.	INS-016
INS-@bluetooth-key-share	V3	build	M	Share Bluetooth pairing keys across dual-boot	GAP-0420	GAP-0420: pairing keys shared with co-installed Windows or Linux so peripherals stay paired. HW owns the Bluetooth stack; INS owns the dual-boot import/export during install and recovery.	INS-017
INS-@browser-profile-import	V3	build	M	Import browser bookmarks, history, passwords and extensions	GAP-0418	GAP-0418: Chrome, Edge, Firefox and Safari profile import into the browser the browser strategy selects. Secrets land in the SEC secrets service, not a world-readable file.	INS-018
INS-@bug-reporter-client	V3	build	M	Ship a built-in bug reporter bundling traces, inspect output and generation ID	GAP-0387	Crash-report client owned by INS; OBS supplies traces; REL owns intake.	INS-019
INS-@crash-report-client	V3	build	L	Ship opt-in crash-report client with secret scrubbing	INV-1240,GAP-0235,GAP-0387,GAP-0365	§63 and TEL split: INS owns the client and consent UI. Opt-in, show-and-redact before submit (REL GAP-0365), no disk keys or unlocked secrets in stored dumps (GAP-0235). OBS owns capture format; REL owns intake; kernel dumps under lockdown stay with SEC.	INS-020
INS-@crash-report-redaction	V3	build	M	Show crash and telemetry contents and allow redaction before send	GAP-0365	Critique TEL split: client, consent, exact-contents preview and redaction are INS.	INS-021
INS-@decide-boot-health	V2	adr	S	Decide desktop-usable boot-success health criteria	GAP-0342	GAP-0342: a generation is marked good only after login, display, network and audio come up, so automatic rollback is not a false success. Distinct from BOOT's boot-counter adr (when the counter may clear). Options: greeter reached; user authenticated; required-service quorum including display/network/audio.	INS-006
INS-@decide-encrypt-default	V2	adr	S	Decide installer encryption default with opt-out	GAP-0196	GAP-0196: encrypt user data by default with opt-out. First-boot at V2 confirms encryption; the V3 graphical installer enforces the default. Options: default-on with explicit opt-out; default-on with no opt-out on Tier 1; default-off. SEC owns the mechanism, STO the layering.	INS-007
INS-@decide-hw-clock	V3	adr	S	Decide hardware clock UTC versus localtime for dual-boot	GAP-0405	GAP-0405: RTC UTC versus local time and time-sync with co-installed Windows. Options: UTC with Windows registry fix documented; localtime to match Windows default; UTC-only with a warning. Applied by the V3 installer.	INS-022
INS-@decide-installer-disk	V2	adr	M	Decide installer disk layout, wipe and dual-boot policy		V3 exit requires an accepted ADR for installer disk layout and encryption. STO already decided GPT layout; this adr chooses wipe-versus-alongside, ESP reuse versus new ESP (BOOT ESP adr), and where recovery lives. Must precede the V3 graphical installer.	INS-008
INS-@decide-linux-home	V3	adr	S	Decide Linux home adopt-in-place versus copy	GAP-0413	GAP-0413: adopt an existing Linux /home in place for the Linux personality versus copy into native storage. Options: copy-only; adopt-in-place read-write for the personality; adopt read-only with copy into Collections. STO three-view mapping is an input.	INS-023
INS-@decide-shared-partition	V3	adr	S	Decide dual-boot shared data partition format	GAP-0430	GAP-0430: recommended dual-boot shared data partition (exFAT versus NTFS) and whether the installer offers to create one. STO owns the drivers; this adr is the installer offer and default. Options: exFAT; NTFS; no shared partition by default.	INS-024
INS-@decide-update-orchestration	V2	adr	M	Decide client update orchestration, metered links and deferral	GAP-0341	GAP-0341: background download, apply-on-reboot versus live userspace activation, metered-network behaviour and user deferral. Must precede the V3 updater; PKG decide-reboot-free-switch and REL channels are inputs. Options: reboot-only apply; live userspace activation with kernel reboot; defer-until-idle with a deadline.	INS-009
INS-@delta-generation-updates	V3	build	M	Fetch chunk-level deltas between SystemGenerations	GAP-0333	GAP-0333 moved to V3 to match the ladder updater-with-deltas gate (jsonl said V2). Uses PKG delta-object-transfer and REL's V2 delta-size spike; the client downloads only new store objects.	INS-025
INS-@developer-install-docs	V1	docs	S	Document developer image install, update and rollback		V1 self-hosting: core developers must install, apply a repository update as a new SystemGeneration, and roll back using only committed docs. Public install guides stay with DOC at V3.	INS-003
INS-@developer-install-media	V1	build	M	Publish QEMU and USB developer install media	GAP-0375	V1 scope: developers install from a scripted image; daily-driving and self-hosting need signed-enough QEMU and USB media produced from the V0.5 builder, not a graphical installer.	INS-004
INS-@dual-boot-coexistence	V3	build	L	Preserve foreign OS, ESP and BitLocker during install	GAP-0208,GAP-0399,GAP-0404,GAP-0406	Installer-side coexistence: preserve ESP entries, shrink-and-install-alongside Windows/Linux/Intel-Mac, BitLocker/TPM warning with recovery-key confirmation, refuse read-write on dirty or Fast-Startup hibernated NTFS. BOOT chain-loads; STO owns NTFS policy.	INS-026
INS-@fde-secureboot-install	1.0	build	S	Prove full-disk encryption install with Secure Boot on Tier 1		1.0 exit: installer with full-disk encryption and Secure Boot succeeds on every Tier 1 machine; release-ceremony demo of a signed 1.0 image installed that way.	INS-055
INS-@first-boot-setup	V2	build	L	Build first-boot account, encryption and privacy setup	GAP-0237	GAP-0237: create administrator account, confirm encryption and save the recovery key, privacy and telemetry choices, Secure Boot status explanation. Runs after scripted or guided image install so V2 preview machines are usable; V3 installer reuses the same flow.	INS-010
INS-@graphical-installer	V3	build	L	Build the guided graphical installer with encryption	INV-1236,GAP-0196	§63 and V3 exit: guided installer with disk selection, encryption default-on with opt-out, dual-boot awareness. Native UI, not a POSIX anaconda clone. Encrypt-by-default is an acceptance criterion from decide-encrypt-default.	INS-027
INS-@guided-image-install	V2	build	M	Provide guided scripted image install for preview machines		V2 scope: still image-based install with a guided script, not a public graphical installer. Walks disk selection on the three target machines using the V2 disk-policy adr, then hands off to first-boot.	INS-011
INS-@hcl-preinstall-warn	V3	build	M	Warn from the Hardware Compatibility List before disk writes	GAP-0370	GAP-0370 and V3 exit: installer queries the compatibility database and shows an accurate verdict before writing disks; probe runs from live media. REL/HW own the database; SDK owns the probe tool; INS owns the pre-commit warning.	INS-028
INS-@image-builder	V0.5	build	M	Build the SystemGeneration image builder	EXTRA-070,GAP-0375	Critique and workstreams.md: the image builder is a V0.5 INS task so V0.5 generation-switch demos and V1 developers have a bootable image. Consumes PKG generation compose and STO partition layout; does not invent a native filesystem.	INS-001
INS-@install-usability-study	V3	docs	S	Run the unaided public-install usability study		V3 exit: a user without project involvement installs from public media on a Tier 1 machine following only public documentation, moderated study of at least 10 participants with the stated unaided success bar.	INS-029
INS-@installer-a11y-l10n	V3	build	M	Make installer and recovery screen-reader accessible and localised	GAP-0474,GAP-0475	GAP-0474/0475: installer, migration assistant and recovery match desktop languages and are screen-reader accessible from the first screen; inherit keyboard, locale, timezone and hostname from an existing OS when present. ACC owns the reader; TXT owns strings.	INS-030
INS-@installer-qemu-matrix	V3	build	M	Automate installer QEMU runs across disk layouts	GAP-0150	GAP-0150: automatic installer in QEMU for fresh UEFI, encrypted, dual-boot alongside Windows, existing-data preservation, Secure Boot on and off. Permanent CI matrix for the V3 installer gate.	INS-031
INS-@installer-tier1-success	V3	build	M	Prove installer success rate on every Tier 1 machine		V3 exit: installer completes on all Tier 1 machines in automated runs with full-disk encryption, success rate at the gate threshold over 200 runs, including the live-installer HCL verdict path.	INS-032
INS-@installer-updater-threat-model	V2	docs	S	Write the installer and updater threat model		Critique: threat model before public surfaces. Extends SEC's V0 model with install-media tampering, dual-boot ESP attacks, update rollback abuse and crash-report leaks before the V3 installer and crash client ship.	INS-012
INS-@linux-home-import	V3	build	M	Import Linux home directories with per-item destination choice	GAP-0413,GAP-0415	GAP-0415 plus decide-linux-home: XDG dirs, dotfiles, SSH and GPG keys, git config and shell history, each choosable as Linux personality home versus native application data.	INS-033
INS-@live-usb-desktop	V3	build	L	Ship a live-boot USB desktop that does not touch disks	GAP-0407	GAP-0407: live USB full desktop from removable media without touching internal disks, producing a hardware compatibility report before install. Primary HCL submission path at public alpha.	INS-034
INS-@machine-to-machine-restore	V4	build	M	Restore a system history point onto different hardware	GAP-0425	GAP-0425: machine-to-machine migration restoring generations, packages, configuration and user data onto different hardware from a backup target. STO EXTRA-036 is the backup counterpart.	INS-050
INS-@media-creation-tooling	V3	build	M	Ship install-media creation with checksum and signature checks	GAP-0408	GAP-0408: media creation for Windows, macOS and Linux hosts (or vetted third-party instructions) with mandatory checksum and signature verification. First adoption step happens on a foreign OS.	INS-035
INS-@migration-undo-snapshot	V3	build	S	Record each migration import as a restorable history event	GAP-0422	GAP-0422: every migration import is a system history event with a pre-import snapshot undoable via standard restore. PKG owns the log; INS emits the events and refuses import without a snapshot.	INS-036
INS-@notices-licenses-view	V3	build	S	Show third-party notices and GPL offer in installer and Settings	GAP-0014	GAP-0014: About/licenses view in the installer and Settings exposing all license texts and the GPL written offer. REL publishes the notices bundle; INS/APP render it.	INS-037
INS-@offline-install-media	V3	build	M	Support offline install media and local repository mirrors	GAP-0337	GAP-0337: air-gapped and lab machines install and update without internet via offline media and local mirrors. REL owns mirror protocol; INS ships media that embeds or points at a verified local repository.	INS-038
INS-@power-cut-update-recover	1.0	build	S	Prove power-cut mid-update recovers the previous SystemGeneration		1.0 demo: pull power during an update on a Tier 1 desktop; the machine boots the previous generation and completes the update on retry. PKG atomic-commit test is the unit; this is the hardware demo.	INS-056
INS-@public-install-recovery-guide	V3	docs	S	Write public install and recovery procedures for strangers		V3 documentation gate and usability study depend on an install guide, recovery guide and dual-boot/BitLocker warnings authored from INS behaviour; DOC publishes the site.	INS-039
INS-@recovery-corrupt-restore	V3	build	M	Restore a system whose current SystemGeneration is corrupted	INV-1239	V3 exit: recovery environment restores a system whose current generation is corrupted, tested on every Tier 1 machine. Uses PKG store verify/repair inside the INS recovery generation.	INS-040
INS-@recovery-environment	V3	build	L	Build recovery unlock, restore, reinstall and log collection	INV-1239,GAP-0205	§63 recovery: disk unlock, restore any generation or snapshot, reinstall from network or media, collect logs, from the V2 signed recovery generation. STO ships fs repair inside it; SVC owns the last-resort text console.	INS-041
INS-@recovery-generation	V2	build	L	Ship a signed recovery SystemGeneration on the ESP	GAP-0205	GAP-0205: a permanently resident signed recovery generation on the ESP that boots without the main store. V2 so V3 recovery UX and the installer have something to install; BOOT integrity-failure UX hands off to it.	INS-013
INS-@rollback-desktop-ui	V2	build	M	Expose SystemGeneration restore in Settings and boot UX	INV-0563,INV-0590,INV-1226	§30/§62 and V2 exit: rollback is first-class in Settings and at boot, not emergency tooling. Consumes PKG generation-management-interface and BOOT generation menu; PKG keeps `os restore`. Also surfaces automatic fallback so a fault-injected bad update is visible in Settings (V2 demo).	INS-014
INS-@scripted-install	V0.5	build	M	Ship scripted install from a built SystemGeneration image	EXTRA-070	Critique: scripted install at V0.5/V1 before any end-user installer. A non-interactive install into QEMU (and the reference desktop) from the image builder, leaving user data off the immutable generation tree.	INS-002
INS-@scripted-install-hardware	V1	build	M	Run scripted install on the Intel laptop and AMD desktop		V1 hardware scope and daily-driving gate require the scripted image path on the designated Intel laptop and AMD desktop, not only QEMU.	INS-005
INS-@shared-data-partition	V3	build	M	Offer a dual-boot shared data partition at install	GAP-0430	Implements decide-shared-partition: the installer can create the recommended shared volume and explain Fast Startup / hibernation limits using the NTFS guard.	INS-042
INS-@six-release-update-soak	V3	build	M	Prove six consecutive channel updates with automatic rollback		V3 exit: updater delivers at least six consecutive alpha releases through the channel; automatic rollback on a fault-injected failing generation works on every Tier 1 machine.	INS-043
INS-@spike-macos-migration	V4	spike	M	Spike macOS Time Machine and APFS migration for 1.0	GAP-0417	GAP-0417: Time Machine on external drives and over the local network; decide whether read-only APFS is in 1.0. Report accepts or parks APFS; no native filesystem rewrite.	INS-051
INS-@spike-wifi-credential-import	V3	spike	M	Spike Wi-Fi credential import from NetworkManager and Windows	GAP-0419	GAP-0419 question: import from NetworkManager keyfiles and DPAPI-encrypted Windows WLAN profiles versus re-entry. Answers before wifi-credential-import. Report must say which sources are in 1.0 and which require re-entry.	INS-044
INS-@unattended-install	V4	build	M	Support unattended install from a declarative answer file	GAP-0409	GAP-0409: unattended install covering disk layout, user, locale, network and generation channel. Required by the V4 lab matrix and fleet; the same answer file drives QEMU and hardware.	INS-052
INS-@uninstall-path	V4	build	M	Provide a supported uninstall that restores the previous bootloader	GAP-0410	GAP-0410: remove JakeOS boot entries, restore the previous default bootloader, reclaim partitions and export user data in standard formats. Dual-boot coexistence must be reversible.	INS-053
INS-@updater-atomic-generations	V3	build	L	Apply updates as atomic new SystemGenerations	INV-1237,INV-1238	§63 updater: create generations atomically, roll back from the updater and from the boot menu, honour decide-update-orchestration (background fetch, deferral, metered links). PKG commits the generation; BOOT falls back; INS is the client.	INS-045
INS-@updater-channel-picker	V3	build	S	Let the user pick and switch update channels		V3 scope: updater with channels (alpha, testing). REL owns promotion criteria; INS owns the Settings control that selects the channel and shows soak state.	INS-046
INS-@upgrade-chain-ci	V3	build	M	Test N-to-N+1, rollback and oldest-to-current upgrade chains	GAP-0149	GAP-0149: generation N to N+1 and rollback, plus a long chain from the oldest supported release to current, on QEMU and lab hardware. Keeps the §30 rollback guarantee true across public alphas.	INS-047
INS-@v3-to-v4-upgrade	V4	build	M	Upgrade V3 installs to V4 with data preserved and rollback		V4 exit: at least 100 V3 alpha installs upgraded through the update channel with user data preserved and rollback to V3 possible at the stated success rate. PKG owns format migration; INS owns the client path.	INS-054
INS-@wifi-credential-import	V3	build	M	Import Wi-Fi credentials during migration when feasible	GAP-0419	Implements the spike-wifi-credential-import result so first-boot is not stuck offline. If the spike forbids a source, the installer requires re-entry for that source and records it.	INS-048
INS-@windows-profile-import	V3	build	L	Import Windows user-profile data into native Collections	GAP-0414	GAP-0414: migration assistant import from on-disk or attached Windows profiles (Documents, Pictures, Desktop, Downloads, Music, Videos, browser profiles) with progress, resumability and post-copy verification. APP may host the UI; INS owns the import engine.	INS-049
IPC-@adr-call-semantics	V0	adr	S	Decide whether the kernel offers synchronous call with time-slice donation beside async send	GAP-0481	Call semantics change scheduler and ABI shape irreversibly; decided on the separate same-core and cross-core numbers from spike-fast-path-techniques, jointly reviewed with SCH and TSK (§15, §18).	IPC-001
IPC-@adr-channel-l1-freeze-candidates	V1	adr	S	Decide which Channel syscalls become Layer 1 freeze candidates for SDK v1		Critique: L1 surfaces are prototyped through V0, freeze candidates at V1, frozen at V4; IPC names its candidate entry points and what stays behind user-space interfaces, feeding ABI's freeze process (§65, §66).	IPC-041
IPC-@adr-evolution-rules	V0	adr	M	Decide the interface-evolution rules for Layer 2 interfaces (prototyped state)	INV-0247,INV-0260,INV-0249	Defines how interfaces version, add fields, add optional methods and negotiate, using findings from spike-versioning-revisions. Recorded as prototyped in V0 per the critique (freeze L2 evolution rules at V1, not V0); the V1 freeze is adr-freeze-evolution-rules.	IPC-002
IPC-@adr-fast-path-selection	V0	adr	S	Select the small-message fast-path technique from measured prototypes	INV-0299,GAP-0480	V0 exit requires an accepted fast-path-mechanism ADR listing rejected options; decided from spike-fast-path-techniques results before Channel kernel semantics are fixed (§15).	IPC-003
IPC-@adr-freeze-channel-l1	V4	adr	S	Freeze the Channel Layer 1 ABI surface		V4 exit: Layer 1 frozen with the freeze ADR accepted; IPC's amendment covers channel syscalls, handle-transfer layout and the version header, with deprecated entry points removed (§65, §66).	IPC-064
IPC-@adr-freeze-evolution-rules	V1	adr	S	Freeze the Layer 2 interface-evolution rules for SDK v1	INV-0247,INV-0260,INV-0262	Critique ordering fix: L2 evolution rules freeze at V1 with SDK v1, after the V0 prototype and V0.5 UI protocol bump have exercised them; options include deferring the freeze to V2.	IPC-042
IPC-@adr-generated-code-in-tree	V0	adr	S	Decide whether IDL-generated code is committed or generated at build time	GAP-0098	Must be decided before the first generated Rust stubs land in the repository; the accompanying determinism CI check is delivered by ipc-ci-gates.	IPC-004
IPC-@adr-generated-code-licence	V0	adr	S	Decide that IDL compiler output is owned by its user with no copyleft obligation	GAP-0007	Generated stubs land in every application from V0 onward; the decision is encoded as a generated-code exception in every emitted file header by idl-compiler-rust. Reviewed with GOV licensing policy.	IPC-005
IPC-@adr-idl-language-versioning	V2	adr	S	Decide how the IDL language itself is versioned		V3 opens the public repository to third-party packages authoring interfaces; a language version pragma and compatibility policy for the compiler must exist before that.	IPC-055
IPC-@adr-idl-selection	V0	adr	M	Decide the IDL: adopt WIT, FIDL, Cap'n Proto schema or design new	GAP-0519,INV-0261,INV-0260,INV-0247	Written evaluation against ownership transfer, capability passing, versioning, optional methods, streams and multi-language codegen; records that the IDL ships with an evolution story (INV-0260) and that every interface carries an explicit evolution strategy. Depends on spike-ipc-prior-art. V0 exit requires an accepted IDL ADR with rejected options.	IPC-006
IPC-@adr-idl-wit-relationship	V0.5	adr	S	Decide the relationship between the native IDL and WIT	INV-0276,GAP-0522	Same language, bidirectional mapping or independent; must precede the V1 Wasm-component-on-native-Channel prototype owned by WASM (§13).	IPC-022
IPC-@adr-service-discovery	V0.5	adr	S	Decide service naming and discovery: kernel-held registry or user-space broker	INV-0609	Clients must rebind by interface identity across restarts for the V0.5 compositor crash-recovery gate; decided with SVC supervision semantics (§32).	IPC-023
IPC-@adr-spec-licence	V0.5	adr	S	License IDL files and the ABI specification under a permissive spec licence with patent non-assert	GAP-0008	Layer 2 interface definitions first appear in V0.5 (compositor, package, storage); the licence must be settled before third parties see them. Reviewed with GOV.	IPC-024
IPC-@adr-transport-abstraction	V0.5	adr	S	Decide the pluggable transport abstraction behind generated stubs	INV-0815,INV-0803,INV-0805,INV-0806	Fixes how generated stubs bind to same-component, same-machine (default) and later VM transports without regenerating interfaces (§43); distribution itself stays out of the kernel and remote transports remain LATER per the critique.	IPC-025
IPC-@adr-vm-transport-capabilities	V2	adr	S	Decide how capabilities and handles cross a VM transport boundary	INV-0807	Native guest components talking to host services need proxied capability semantics that honour attenuation and revocation (§43); precedes vm-transport-prototype and VIRT's guest tools.	IPC-056
IPC-@adr-wire-format	V0	adr	S	Decide the typed-message wire format and inline-payload threshold	INV-0291,INV-0302,GAP-0520	Chooses fixed-layout, self-describing or schema-indexed representation and its zero-copy properties, and resolves the size threshold and heuristics for inline small message versus MemoryObject transfer, from spike-wire-encoding measurements (§14, §15).	IPC-007
IPC-@batched-send-receive	V1	build	M	Implement batched Channel send and receive submission over Operations	INV-0297	Productionises the batching measured in spike-fast-path-techniques for high-rate streams (compositor frames, audio) that gate V1, using TSK's Operation submission path (§15, §18).	IPC-043
IPC-@bench-ipc-cross-os-baselines	1.0	build	M	Extend the IPC benchmark with Windows and macOS baselines for 1.0 publication	INV-0277	1.0 exit: every §54 metric published on Tier 1 hardware against Linux, Windows and macOS; adds ALPC and Mach-port ping-pong baselines to the V0 harness under BEN methodology with no unmeasured claim.	IPC-069
IPC-@bench-ipc-roundtrip	V0	benchmark	M	Build the IPC round-trip benchmark against Linux UDS and pipe ping-pong	INV-0277	V0 benchmark gate: small-message same-core and cross-core p50/p99 measured on reference hardware and QEMU and published beside Unix-domain-socket and pipe numbers, publish-only in V0; registered with BEN and run in CI on every merge. Also the vehicle for the OBS tracing-overhead gate.	IPC-008
IPC-@channel-abi-reference-pages	V3	docs	M	Write reference pages for every Channel Layer 1 entry point and object type		V3 exit requires reference pages for 100% of Layer 1 ABI entry points; DOC owns the build, IPC authors the channel, handle-transfer and error-type pages.	IPC-059
IPC-@channel-backpressure	V0	build	M	Define Channel<T> backpressure: bounded depth, slow-receiver policy, depth in os inspect	EXTRA-001	Critique extra item: bounded queue depth per channel, sender behaviour as block-as-Operation, fail or drop-by-policy, and queue depth exposed to OBS for `os inspect channel`.	IPC-009
IPC-@channel-close-semantics	V0.5	build	S	Define graceful close, drain and peer-closed delivery for Channel endpoints		Service restart and client rebind (V0.5 exit) need deterministic close ordering: in-flight messages drained or failed with a typed result, peer-closed observable as an Operation, no lost handles on close (§32).	IPC-026
IPC-@channel-conformance-suite	V4	build	M	Add conformance tests for every frozen Channel Layer 1 entry point		V4 exit: every Layer 1 entry point has a conformance test and binaries built against the freeze candidate run on every subsequent beta build.	IPC-065
IPC-@channel-fuzz-targets	V1	build	M	Add structure-aware fuzz targets for the Channel syscall surface	GAP-0129	Kernel-side counterpart of the generated interface fuzzers: targets for channel create, send, receive, handle transfer and close, handed to BLD's fuzzing infrastructure and required by the V3 continuous IPC fuzzing gate.	IPC-044
IPC-@channel-kernel-object	V0	build	L	Implement the Channel kernel object with typed endpoints, send, receive and inspect data	INV-0051,INV-0112,INV-0161,INV-0278,INV-1159,INV-1324	Kernel Core owns channel transport (§4); Object<Channel<Message>> handles, endpoint pairs, queueing, peer-closed state and the ownership/relationship data behind `os inspect channel` (V0 exit criterion). Built on the wrapper strategy from CMP and handle representation from ABI.	IPC-010
IPC-@channel-queue-charging	V0.5	build	S	Charge Channel queue memory and handle slots to the owning ResourceDomain		SCH scope includes kernel-object limits; queued messages must not evade the ResourceDomain memory budget proven in V0, and bounded depth from channel-backpressure needs an accounting home before real applications ship in V0.5 (§23).	IPC-027
IPC-@client-rebind-support	V0.5	build	M	Generate client-side disconnect, rebind and retry support for restartable services	INV-0591,INV-0609	V0.5 exit: killing the compositor rebinds all windows with no application exit, 100 consecutive times; generated proxies observe disconnect, re-resolve by interface identity via the discovery mechanism and re-establish per the interface's declared restart policy (§32).	IPC-028
IPC-@failure-semantics	V0	build	M	Define and implement typed error, peer-death and timeout semantics for calls	INV-0259	V0 fault demo: B panics and A observes a typed disconnect; IDL error taxonomy, disconnect result on peer death and Timeout result via Operation deadlines (§12, §32).	IPC-011
IPC-@feature-negotiation	V1	build	M	Implement feature negotiation between interface endpoints	INV-0253	Endpoints advertise and agree optional feature sets at connect time per adr-evolution-rules; needed by SDK v1 so applications built against v1.0.0 keep working across v1.x services (§12).	IPC-045
IPC-@idl-additional-language-backends	V2	build	L	Add IDL codegen backends for the remaining supported SDK languages	INV-0946	Languages beyond Rust and C selected by SDK's bindings adr; each backend passes the shared conformance corpus so all bindings interoperate over one wire format (§50).	IPC-057
IPC-@idl-backend-plugin-api	V1	build	M	Define the IDL compiler backend interface so SDK languages add codegen targets	INV-0946	Codegen must target every supported SDK language (§50); a stable backend API over the compiler's typed IR lets SDK add languages without touching the front end.	IPC-047
IPC-@idl-c-codegen	V1	build	M	Generate C bindings from the IDL for the Layer 1 ABI and core interfaces	INV-0946	V1 scope: C bindings for the Layer 1 ABI ship with SDK v1; C is the second codegen target and validates idl-backend-plugin-api.	IPC-048
IPC-@idl-compiler-fuzzing	V3	build	S	Fuzz the IDL compiler front end against malformed third-party interface files		Third-party packages in the V3 public repository submit IDL; the compiler becomes an attack surface in the build pipeline and joins BLD's continuous fuzzing.	IPC-060
IPC-@idl-compiler-rust	V0	build	L	Implement the IDL compiler with Rust wire layout, stub, ownership and tracing codegen	INV-0292,INV-0286,INV-0287,INV-0288,INV-1005,INV-0285,INV-0474,GAP-0007	Front end (parse, typecheck, move/borrow/share annotations) plus the first backend: generated wire representation, client and server stubs, ownership semantics and per-method tracing metadata so IPC calls appear as semantic spans in `os trace` (§14, §24). The IDL is the single schema source; emitted headers carry the generated-code licence exception.	IPC-012
IPC-@idl-doc-comment-ir	V1	build	S	Carry doc comments and semantic metadata through the IDL compiler IR		Critique: IDL-to-docs generation must exist at V1 with SDK v1 (DOC owns the generator); the compiler must preserve documentation and deprecation metadata for it.	IPC-049
IPC-@idl-fuzz-harness-emission	V0.5	build	M	Emit fuzz harnesses and structure-aware mutators from the IDL compiler	GAP-0129	Every typed IPC boundary is a trust boundary; harnesses generated for each interface and wire format feed BLD's fuzzing pipeline and the V3 continuous IPC fuzzing gate.	IPC-029
IPC-@idl-lint	V1	build	S	Add an IDL lint enforcing the interface design guidelines	EXTRA-033	Turns the V0.5 guidelines into CI checks (naming, error taxonomy, stream and capability-passing idioms) before third parties author interfaces against SDK v1.	IPC-050
IPC-@idl-semantic-annotations	V1	build	M	Add IDL annotations for semantic interfaces consumed by the semantic registry		V1 exit requires semantic interface v0 for Terminal and Editor; SEM owns the registry but needs IDL attributes for semantic verbs, object types and automation exposure, kept in dependency order registry before AI broker (§42, §57).	IPC-051
IPC-@in-process-transport	V0.5	build	M	Implement the same-component transport for generated interface stubs	INV-0805	First alternate transport proving adr-transport-abstraction: an interface served in-process with identical application semantics, used by component graphs and the toolkit (§43).	IPC-030
IPC-@inputs-outputs-endpoint-types	V0.5	build	S	Generate typed Inputs<T> and Outputs<T> endpoint bundles for Components	INV-0224,INV-0225	Components declare typed receiving and sending endpoints; the critique moves the Inputs/Outputs manifest to V0.5 with CMP component graphs, so codegen lands here and CMP consumes the types in the manifest (§10).	IPC-031
IPC-@interface-design-guidelines	V0.5	docs	M	Publish interface design guidelines for IDL authors including failure and restart semantics	EXTRA-033,INV-0591	Naming, error taxonomy, async and stream patterns, capability-passing idioms and required client behaviour on service loss (disconnect, rebind, retry, restore-state), reviewed before the first Layer 2 interface freezes (§12, §32).	IPC-032
IPC-@interface-diff-tool	V1	build	M	Build the interface compatibility tool that diffs two IDL versions	INV-0262	Classifies changes as compatible, forward-only or breaking against the frozen evolution rules and runs in CI on every Layer 2 interface change (§12).	IPC-052
IPC-@interface-evolution-guidelines	V1	docs	S	Publish interface evolution guidelines for SDK authors	INV-0262	Companion to the frozen rules and diff tool for SDK v1 authors; DOC publishes, IPC authors the content (§12).	IPC-053
IPC-@interface-stubs-async	V0	build	L	Generate Interface<T> proxies with async methods, futures and in-flight cancellation	INV-0058,INV-0248,INV-0254,INV-0256,INV-0258,INV-0279,INV-1316	Typed service contracts as declared in the IDL (interface ImageDecoder { async decode(Image) -> Bitmap; }); methods surface as Operation<Result> futures from TSK and cancelling the Operation cancels the in-flight call. Required by the V0 demo and cancellation demo (§12, §14, §59).	IPC-013
IPC-@interface-version-negotiation	V0.5	build	M	Generate interface version identities and negotiation code	INV-0249,INV-0289	Per-interface version identity and generated negotiation at connect time per adr-evolution-rules; required by the V0.5 exit criterion that bumps the UI protocol v0 to v0.1 with old clients still running (§12, §14).	IPC-033
IPC-@ipc-audit-remediation	V4	build	M	Close High and Critical findings from the external IPC security audit		V4 scope: external audit of IPC among kernel capability enforcement and personalities with all High/Critical fixed before RC1.	IPC-066
IPC-@ipc-ci-gates	V0.5	build	S	Add CI lints for IPC non-goals, transport-agnostic stubs and generator determinism	INV-0281,INV-0282,INV-0283,INV-0284,INV-0285,INV-1002,INV-1003,INV-1004,INV-0804,INV-1120,INV-0803,INV-0805,INV-0806,GAP-0098	Standing rules enforced once: no sockets, raw byte[] payloads, per-service serialization, hand-written protocols or duplicated schemas in native code; generated stubs must not assume same-process or same-machine endpoints and no distribution logic may enter the kernel; generator output is deterministic and matches checked-in IDL.	IPC-034
IPC-@ipc-fast-path-tuning	V1	build	L	Tune the IPC fast path to the V1 same-core and cross-core round-trip targets	INV-0277	V1 benchmark gate sets p50 ≤ 2 µs same-core and ≤ 5 µs cross-core on the reference desktop, published beside Linux UDS and futex ping-pong; the first rung where a numeric target applies.	IPC-054
IPC-@ipc-fuzz-coverage-gate	V3	build	S	Measure fuzz coverage of every Channel syscall and Layer 2 interface for the V3 gate		V3 exit: kernel and IPC fuzzing run continuously with no open crasher older than 14 days; this report proves every IPC surface has a generated or hand-built target and tracks crasher age.	IPC-061
IPC-@ipc-unsafe-inventory	V4	docs	S	Publish the unsafe-code inventory for IPC kernel and runtime code		V4 exit requires an unsafe-code inventory with justification per block; IPC contributes its fast-path and handle-transfer blocks (§51).	IPC-067
IPC-@l2-evolution-test-matrix	V3	build	M	Run old-client/new-service and new-client/old-service tests for every Layer 2 interface	INV-1285	V4 exit requires the interface-evolution test to pass for every core interface; the matrix is built in V3 when third-party packages start depending on Layer 2 versions so V4 locks on evidence.	IPC-062
IPC-@l2-interface-registry	V0.5	build	M	Register Layer 2 core platform interfaces with strong versions and a CI version check	INV-1285	Compositor, storage, network, audio and package interfaces are declared in the IDL with version identities; CI rejects an interface change without a version bump or evolution-rule compliance (§66).	IPC-035
IPC-@l2-interface-versions-lock	V4	build	M	Enumerate and lock the Layer 2 interface versions served for 1.x	INV-1285	V4 exit: Layer 2 versions for 1.x enumerated and locked with the evolution test matrix green for every core interface (§66).	IPC-068
IPC-@l2-supported-versions-document	1.0	docs	S	Publish the supported Layer 2 interface versions and deprecation policy for 1.x		1.0 exit: a published compatibility document lists supported Layer 2 versions with a minimum two-minor-release deprecation overlap; IPC owns the versioning rules, ABI and GOV sign off.	IPC-070
IPC-@large-payload-lowering	V0.5	build	M	Lower large and variable-size payload types to MemoryObject transfer in codegen	INV-0301,INV-0302	The IDL must make MemoryObject transfer the natural encoding for large data; the compiler applies the adr-wire-format threshold so image, buffer and file payloads in the V0.5 apps never move bytes (§15).	IPC-036
IPC-@message-handle-transfer	V0	build	M	Transfer Capability and MemoryObject ownership inside Channel messages	INV-0257,INV-1006,INV-1003,INV-0301	V0 demo and exit criterion: a MemoryObject capability moves between components without copying the payload, verified by physical-page identity; handle slots in the wire format with move semantics so large payloads never copy per hop (§15, §16).	IPC-014
IPC-@message-validation-hardening	V0.5	build	M	Harden receiver-side wire validation for bounds, handle counts and type tags		Typed IPC boundaries are the trust boundaries between components (GAP-0129 rationale, SEC threat model at V0); validation cost measured in spike-wire-encoding is spent here with hostile-message tests before untrusted Wayland-bridge and package clients appear in V0.5.	IPC-037
IPC-@optional-methods-schema-evolution	V0.5	build	M	Support optional methods and forward/backward schema evolution in the IDL	INV-0250,INV-0251,INV-0252	Adding fields without breaking old receivers, unknown-field preservation by new receivers and optional methods with typed unsupported results, as exercised by the V0.5 UI protocol bump (§12).	IPC-038
IPC-@remote-transport-prototype	LATER	build	L	Prototype a remote-machine transport honouring capabilities, identity and encryption	INV-0808,INV-0812,INV-0813	Distributed and remote interfaces are explicitly not promised by 1.0 and parked in LATER; the prototype must surface latency, expose explicit failure semantics and stay outside the kernel (§43, §57).	IPC-071
IPC-@remote-transport-readiness-review	V3	docs	S	Review that interfaces permit a remote transport with surfaced latency and failure	INV-0808,INV-0812,INV-0813	Design review of core interfaces confirming nothing precludes a future remote-machine transport, that latency would be surfaced not hidden and that disconnect, timeout and partial failure are explicit; no remote transport is built (1.0 non-promise, §43).	IPC-063
IPC-@scheduler-aware-handoff	V0	build	M	Switch directly to a waiting receiver on send without a run-queue round trip	INV-1007	§53 native IPC shape; V0 benchmark gate measures native task handoff versus Linux thread switch. Coordinated with SCH for the direct-switch hook and with adr-call-semantics.	IPC-015
IPC-@small-message-fast-path	V0	build	L	Implement the selected minimal-copy small-message fast path	INV-0293,INV-1002,INV-1004,INV-1324	Implements adr-fast-path-selection so the common small-message case needs no userland serialization or deserialization step (§15, §53); measured by bench-ipc-roundtrip.	IPC-016
IPC-@spike-fast-path-techniques	V0	spike	L	Prototype and measure ring, register, handoff and batched small-message fast paths	INV-0294,INV-0295,INV-0297,INV-0298,GAP-0480,GAP-0481	Single measured comparison on identical hardware (QEMU + reference AMD desktop) of shared ring buffers, register-carried messages, seL4/LRPC-style direct handoff, lock-free cross-core queues and io_uring-style batching; same-core and cross-core round trips recorded separately. Publish-only numbers (critique contradiction 5: no '< 1 µs' V0 target). Precedes adr-fast-path-selection and adr-call-semantics.	IPC-017
IPC-@spike-ipc-prior-art	V0	spike	S	Study Cap'n Proto RPC, FIDL/Overnet, Genode and QNX before fixing the Channel wire model	INV-0816,INV-1134	Written study of capability semantics across transports, synchronous message passing and restartable resource managers; feeds adr-idl-selection, adr-wire-format and adr-call-semantics (§43, §58). One of the research studies the critique keeps in V0 because it informs V0 surfaces.	IPC-018
IPC-@spike-versioning-revisions	V0	spike	M	Evolve one real V0 interface through three incompatible revisions to exercise the versioning scheme	GAP-0521	Critique ordering fix: the versioning design must fail on a real evolution before any rule is frozen; uses the V0 demo ImageDecoder-style interface and produces findings for adr-evolution-rules (§12).	IPC-019
IPC-@spike-wire-encoding	V0	spike	M	Benchmark in-place zero-copy access versus compact encode/decode including validation cost	GAP-0520,INV-0302	Measures encoding, decoding and receiver-side validation cost for representative message shapes and sizes so adr-wire-format and the inline-vs-MemoryObject threshold are decided on numbers (§14, §15, §53).	IPC-020
IPC-@streams	V0.5	build	M	Support stream (multi-value) results with flow control in the IDL and runtime	INV-0255	Compositor frame events, input events and file listings in V0.5 need multi-value results; stream flow control reuses channel-backpressure policy (§12).	IPC-039
IPC-@ui-protocol-bump-regression	V0.5	build	S	Add the permanent UI protocol v0 to v0.1 interface-versioning regression test		V0.5 exit criterion: interface versioning exercised end to end by bumping the UI protocol with an added optional method while old clients still run, retained permanently as a regression test; IPC verifies its own gate with UIP.	IPC-040
IPC-@vm-transport-prototype	V2	build	L	Build the virtio VM transport from a native guest component to a host service	INV-0818,INV-0807	First non-local transport behind adr-transport-abstraction, non-gated in V2 alongside VIRT's KVM manager and JakeOS guest images (§43); remote-machine transport remains out of scope through 1.0.	IPC-058
IPC-@wire-compat-tests	V0	build	M	Add the version header and forward/backward unknown-field compatibility tests	INV-0251,INV-0252	V0 exit criterion: a message with an unknown newer field is accepted by an older receiver and an older message by a newer receiver. Includes the message-level part of the Layer 1 negotiation handshake test that ABI owns (critique contradiction 12); the full schema-evolution feature set lands in optional-methods-schema-evolution.	IPC-021
KRN-@adr-1-0-phase-requirement	V3	adr	S	Decide which kernel evolution phase is required at 1.0	INV-0155	Which of Phases C, D or E is a hard 1.0 requirement is KRN divergence policy, not GOV legal. divergence-policy-document defines phases; phase-e-readiness-assessment is the 1.0 measurement. This adr picks the gate. Options: Phase C wrappers still allowed, Phase D controlled divergence required, or Phase E independent native ABI required.	KRN-050
KRN-@adr-ebpf-native-role	V1	adr	S	Decide eBPF's native role and the Linux personality's bpf() exposure	EXTRA-013	Decides whether eBPF is the tracing substrate, sched_ext host and network policy engine natively, and whether the personality exposes bpf() beyond a CAP_BPF-equivalent capability; OBS and NET tasks at V1/V2 depend on it.	KRN-024
KRN-@adr-kernel-service-boundary	V0	adr	S	Decide kernel-core vs user-space service boundary and the criteria for moving one	INV-0117,INV-0111,INV-0013,INV-1118,INV-0061	§4 places memory, IPC, capabilities and scheduler in the kernel core and UI/storage/network in user space; the ADR fixes that split for V0 with measured-cost criteria for crossing the boundary, so residency is decided by cost rather than ideology.	KRN-001
KRN-@adr-kernel-strategy-fork	V0	adr	S	Decide kernel strategy: Linux fork vs new microkernel vs Linux-as-hypervisor	INV-0002,INV-0013,INV-1118	V0 exit requires an accepted ADR for every V0 architectural choice; this records the hardware-maturity-vs-native-model rationale of §1/§5 and lists microkernel-for-purity and Linux-as-hypervisor as rejected options, which is how the two microkernel non-goals are enforced.	KRN-002
KRN-@adr-kvm-native-exposure	V1	adr	S	Decide how KVM is exposed natively as Capability<VirtualMachine>	INV-1329	Answers the §69 question of the native virtualization object and whether compatibility personalities may fall back to VMs; VIRT's V2 VM manager and the KVM object task depend on it.	KRN-025
KRN-@adr-live-patching-nongoal	V1	adr	S	Decide that kernel live-patching is a non-goal in favour of generations plus reboot	EXTRA-041	Records generations plus reboot as the update model with live-patching as a rejected option before the update channel ships at V1.	KRN-026
KRN-@adr-module-signing-policy	V1	adr	S	Decide module signing under Secure Boot for out-of-tree, GPU and local modules	GAP-0327	Pulled from V2 to V1 because the critique notes HW's V1 NVIDIA ADR depends on it; options include project key only, MOK enrolment, and local developer keys with taint.	KRN-027
KRN-@adr-native-kernel-code-license	V0	adr	S	Decide the licence for new native kernel code	GAP-0001	Options GPLv2-only, GPLv2-or-later, dual GPLv2/MIT for reusable abstractions; must precede the first native commit because it decides whether kernel-side abstractions can ever be shared with permissive user space. Coordinated with GOV's licensing policy.	KRN-003
KRN-@adr-out-of-tree-module-policy	V1	adr	S	Decide out-of-tree module policy: GPL-only native exports and taint semantics	GAP-0017,GAP-0018	Settles whether native kernel symbols are exported GPL-only and how taint behaves before the native ABI stabilises at V1; MODULE_LICENSE semantics for inherited modules are preserved as the baseline option.	KRN-028
KRN-@adr-phase-d-entry	V2	adr	S	Decide Phase D entry: when full upstream merges stop being mandatory	INV-0148,GAP-0050	Applies the measurable triggers from the divergence policy to the merge-bot and delta-report data and decides whether controlled divergence begins; the Phase D playbooks depend on it.	KRN-042
KRN-@adr-rust-toolchain-pinning	V0	adr	S	Decide kernel Rust toolchain pinning relative to the Rust-for-Linux minimum	GAP-0052,GAP-0162	Answers the V0.5 question early because the fork repository and CI need a toolchain on day one: track upstream's minimum, pin independently, or pin with a bounded lag, and what happens when upstream stabilises features the fork depends on.	KRN-004
KRN-@adr-upstream-base-version	V0	adr	S	Decide the upstream Linux tree and LTS series the fork is cut from	INV-0118,GAP-0534,GAP-0050,GAP-0348	Nothing in KRN can start before the base is chosen; the ADR decides mainline vs LTS and the specific series, with options and a six-month review hook fed by the V0.5 rebase-cost report.	KRN-005
KRN-@adr-upstream-first-policy	V0	adr	S	Decide the upstream-first policy for the hardware layer and Rust abstractions	GAP-0048,GAP-0052	Decides whether driver and subsystem fixes and reusable Rust abstractions go to upstream Linux and Rust-for-Linux before or alongside the fork, which bounds the divergence surface from the first patch.	KRN-006
KRN-@adr-upstream-tracking-strategy	V0	adr	S	Decide upstream tracking: rebase vs merge and cadence per divergence phase	GAP-0348,GAP-0050,INV-1100,GAP-0534	Separate from the base-version decision: fixes periodic-rebase vs merge, the cadence for phases A-C, and how stable-branch backports are automated; the merge bot, delta report and V1 rebase gate depend on it.	KRN-007
KRN-@arch-improvement-adoption	V3	docs	S	Establish the process for adopting upstream architecture improvements	INV-0151	Phase D source of architecture improvements (x86 mitigations, new CPU features) needs an adoption process with the mitigation benchmark as its acceptance check.	KRN-051
KRN-@arch-maintenance-ci	V2	build	M	Publish the architecture maintenance plan with build-only ARM64 and RISC-V CI	INV-1098,INV-0031,INV-0032	x86-64 is the only shipped target, but the fork must not break ARM64 or RISC-V; build-only per-architecture CI enforces that and the plan documents what a future port needs.	KRN-043
KRN-@attack-surface-pruning	V2	build	M	Prune the kernel attack surface for the three target machines	GAP-0186	§62 constrains hardware to three named machines, so unused legacy drivers, obsolete filesystems and protocols can be disabled; the pruned config must keep every facility the retained inventory and LNX's V1 decisions (seccomp, userns, overlayfs, ptrace, inotify, ia32) require.	KRN-044
KRN-@audit-findings-kernel-remediation	V4	build	M	Remediate external audit findings in kernel-resident native code		V4 exit: external security audit of kernel capability enforcement and IPC with all High/Critical findings fixed and re-verified by the auditor; KRN owns the kernel-side fixes.	KRN-054
KRN-@bench-mitigation-overhead	V1	benchmark	S	Benchmark security mitigation overhead with mitigations on versus off	GAP-0185	The V4 benchmark gate cites mitigation overhead measured and published; the harness lands with the hardening baseline so every later baseline change is costed on the IPC, component-creation and L2 workloads.	KRN-029
KRN-@cve-backport-diverged	V2	build	M	Extend the CVE pipeline to backport fixes into diverged subsystems	INV-0150	Phase D security fixes need patch-porting automation and applicability checks against diverged or removed code so the V3 21-day median and 1.0 14-day SLA remain reachable.	KRN-045
KRN-@cve-ingest-pipeline	V1	build	M	Build the CVE ingestion pipeline tagging applicability against the fork	GAP-0349	Pulls kernel CNA and upstream advisories, auto-tags applicability against forked or removed subsystems using the ledger, and opens triage tasks; required before the fork carries daily-driving users.	KRN-030
KRN-@cve-response-drill-v3	V3	build	M	Exercise kernel CVE response and publish the V3 response-time distribution	INV-1095,GAP-0349	V3 exit: inherited High/Critical CVEs fixed in a shipped generation with median under 21 days and the distribution published, and the process exercised via at least two advisories.	KRN-052
KRN-@cve-response-process	V1	docs	S	Write the kernel CVE response process: triage, backport, test, disclosure	INV-1095	Defines triage, upstream patch identification, backport, testing and disclosure timeline for the forked kernel; REL owns publication and advisories, KRN owns the kernel-side steps.	KRN-031
KRN-@cve-sla-compliance-report	1.0	docs	S	Publish the 90-day kernel CVE SLA compliance report for 1.0	INV-1095,GAP-0055	1.0 exit: trailing 90 days of CVE response meet the 14-day SLA for at least 90% of applicable CVEs with the distribution published, and the ledger shows zero unclassified patches at the gate.	KRN-057
KRN-@divergence-ledger	V0	build	M	Build the divergence ledger classifying every fork patch with a CI gate	GAP-0049,GAP-0055	Every patch is tagged upstream-candidate, fork-only or temporary with rebase status, exposed as a generated report; the CI gate fails a milestone roll-up on any unclassified patch. The SBOM half of GAP-0055 is verified by BLD's SBOM gate.	KRN-008
KRN-@divergence-policy-document	V0	docs	M	Write the kernel divergence policy defining phases A-E and their gates	INV-0156,INV-1100,GAP-0050,INV-1127	Defines what upstream tracking each phase requires and the measurable triggers for entering Phase D, and records that upstream mergeability is never preserved at the expense of the architecture (§57).	KRN-009
KRN-@driver-adaptation-tooling	V1	build	M	Build tooling to pull upstream driver changes into the fork per subsystem	INV-1096	Per-subsystem cherry-pick and adapt tooling with conflict reports and regression-matrix runs, so driver fixes keep flowing while native hooks grow (V1 risk).	KRN-032
KRN-@first-upstream-stable-merge	V0.5	build	M	Merge the first upstream stable release into the fork with boot matrix green	GAP-0534,INV-0140	Rehearses the tracking strategy on a real release before the V1 gate requires it, keeping Phase A close to upstream and producing the measured rebase cost the base-version ADR asked for.	KRN-020
KRN-@fork-repository-bootstrap	V0	build	M	Create the kernel fork repository with upstream remote and rebase workflow	INV-0119	Establishes the repository, upstream remote, patch-series tracking and a documented rebase workflow that every later KRN task builds on; boot from a tagged commit is a V0 exit criterion.	KRN-010
KRN-@gpu-driver-tracking	V1	build	S	Run the GPU driver update process tracking amdgpu, i915, xe and nouveau fixes	INV-1067	V1 requires GPU acceleration on the AMD desktop and Intel laptop; a nightly tracking job and documented cadence bring upstream GPU fixes into the fork without destabilising DRM.	KRN-033
KRN-@hardware-enablement-process	V2	docs	S	Write the hardware enablement process for new devices after divergence	INV-1099	V3 Tier 2 machines and the compatibility database require a process for enabling new devices when upstream merges are no longer mandatory.	KRN-046
KRN-@kernel-1x-maintenance-branch	1.0	build	S	Create the 1.x kernel maintenance branch with backport rules		1.0 scope: the 1.x maintenance branch and backport policy (GOV, KRN); the kernel branch pins the LTS base from the V4 policy and wires the CVE pipeline to it.	KRN-058
KRN-@kernel-config-fragments	V0	build	M	Maintain a base defconfig plus per-target fragments with a build-and-boot check	GAP-0097	QEMU minimal, QEMU desktop and reference AMD desktop fragments with a CI check that each still builds and boots; prevents CONFIG drift from silently breaking hardware, and keeps the retained facilities the personality needs enabled.	KRN-011
KRN-@kernel-hardening-baseline	V1	build	M	Define and CI-enforce the kernel hardening configuration baseline	GAP-0185,INV-0959,GAP-0184	KASLR, stack protector, kCFI, SMEP/SMAP, IBT, shadow stacks, init_on_alloc/free, hardened usercopy, W^X and randomized freelists as a checked-in config with a CI check that no fragment weakens it.	KRN-034
KRN-@kernel-identity-conventions	V1	build	S	Set kernel identity: uname strings, version scheme and bug-report routing	GAP-0051	Once developers daily-drive the OS at V1, crash and bug reports must never reach upstream Linux as Linux; fixes uname, version scheme, taint flag and the routing text in oops output.	KRN-035
KRN-@kernel-lts-support-policy	V4	docs	S	Draft the 1.x kernel base and support-window policy		V4 scope lists LTS branch policy and support policy drafts (CVE SLA, support window) with KRN as co-owner; decides which upstream LTS underpins 1.x and how stable backports flow for 24 months.	KRN-055
KRN-@kunit-rust-unit-tests	V0	build	M	Wire KUnit and Rust kernel unit tests for native primitives into pre-merge CI	GAP-0113	Capability derivation, channel semantics and Operation lifecycles need in-kernel unit coverage under QEMU on every pre-merge build before integration tests are viable.	KRN-012
KRN-@kvm-nested-virt-ci	V1	build	M	Test KVM and nested virtualisation in CI including the harness inside a guest	GAP-0158,INV-0029,INV-0133	Preservation claims for KVM need tests: the retained path and nested virtualisation run in CI and JakeOS runs its own test harness inside a guest.	KRN-036
KRN-@kvm-virtual-machine-object	V1	build	L	Expose retained KVM to native software as a capability-mediated VirtualMachine	INV-1328	Kernel-side object wrapping KVM VM and vCPU handles behind capabilities with MemoryObject-backed guest memory; the VIRT workstream builds the VM manager on it at V2.	KRN-037
KRN-@module-firmware-signing-enforcement	V1	build	M	Enforce signature verification for modules and driver firmware under Secure Boot	GAP-0182,GAP-0184	Kernel lockdown, module signature enforcement and verified firmware loading so the chain of trust does not end at the kernel image; V3 Secure Boot on all Tier 1 machines depends on it.	KRN-038
KRN-@native-subsystem-tree-layout	V0	build	M	Add the native platform as an in-tree kernel subsystem beside Linux facilities	INV-0140,INV-0138,INV-0015	Phase A mechanics: a self-contained native subsystem with its own Kconfig and minimal hooks into core files, such that a build with it disabled is functionally upstream; this keeps the fork close to upstream while ABI/CAP/CMP/IPC land their code in it.	KRN-013
KRN-@phase-d-driver-adaptation	V2	docs	S	Write the Phase D playbook for adapting upstream driver improvements	INV-0149	Once merges are no longer mandatory, driver improvements are adapted rather than merged; the playbook codifies selection, adaptation and regression-matrix steps on the V1 tooling.	KRN-047
KRN-@phase-e-readiness-assessment	1.0	docs	M	Assess Phase E readiness and open the 2.0 kernel divergence RFC	INV-0154,INV-0155	Measures the kernel against the §6 Phase E definition (independent native ABI, execution, security, IPC and system semantics) and lists the deferred divergence items in the 2.0 planning RFC required by the 1.0 exit.	KRN-059
KRN-@pstore-kdump-panic-capture	V2	build	M	Capture kernel panics to pstore/kdump and hand them to the crash reporter	GAP-0363	Kernel panics are the highest-severity regressions; persistent capture and hand-off after the next successful boot feed the V3 crash-reporting pipeline and panic-rate telemetry.	KRN-048
KRN-@rebase-cost-report	V0.5	docs	S	Publish the six-month rebase cost report and revisit the tracking ADRs	GAP-0534	GAP-0534 requires a measured rebase cost after the first six months; the report records engineer-days, conflict counts by subsystem and regressions, and reopens the base and tracking ADRs if thresholds are exceeded.	KRN-021
KRN-@retained-subsystem-regression-gate	V0	build	M	Define the retained-subsystem regression matrix as a merge-blocking gate	INV-1045,INV-1046,INV-1047,INV-1048,INV-1049,INV-1050,INV-1051,GAP-0018,INV-0030	The second of the two collapsed retain tasks: kselftest subsets for DRM, PCI, USB, NVMe/block, networking and ACPI plus a module-licence/GPL-only-symbol test, run on QEMU and the reference desktop; any regression blocks a native feature from merging. BLD hosts the runners; KRN owns the matrix contents.	KRN-014
KRN-@rewrite-versus-retain-policy	V0	docs	S	Write the rewrite-versus-retain policy for replacing inherited C with Rust	INV-0947,INV-0014,INV-0061,INV-1115,INV-0935,INV-0138,INV-0006	One document covers all the no-heroic-rewrite non-goals: a rewrite is allowed only with an ADR citing a semantic or measured benefit, and mature C is retained where rewriting adds insufficient value.	KRN-015
KRN-@rust-first-lint-gate	V0	build	S	Enforce Rust-first and rewrite-requires-ADR rules with a kernel-tree CI lint	INV-0934,INV-0935,INV-1115,INV-0014	V0 exit: all new kernel code is Rust unless an ADR exempts a specific file and clippy/rustfmt are clean; the lint enforces the exemption list and refuses patches that replace inherited C without a linked ADR, covering the standing rules as a gate rather than per-rule tasks.	KRN-016
KRN-@selective-upstream-adoption	V3	docs	M	Establish selective adoption of upstream mm, scheduler and subsystem patches	INV-0152,INV-0153	Defines how algorithms, scheduler ideas, memory-management improvements and subsystem patches are evaluated and adapted rather than blindly merged, with benchmark evidence required per adoption.	KRN-053
KRN-@spike-retained-mechanisms	V0	spike	M	Produce the retained-mechanism inventory from a study of Linux subsystems	INV-1131,INV-0015,INV-1337,INV-0063,INV-0064,INV-0068,INV-0121,INV-0122,INV-0123,INV-0133,INV-0030,INV-0031,INV-0032,INV-0115,INV-0029,INV-0026	Per the critique the 46 preserve/retain items collapse into one inventory task; it lists every retained mechanism (page tables, allocators, interrupts, scheduler, block, net, drivers, KVM, x86-64 plus untouched ARM64/RISC-V arch code) with the semantics each replaces, and is reviewed at every later gate.	KRN-017
KRN-@spike-rust-in-kernel-viability	V0	spike	M	Spike Rust-in-kernel viability and decide the C-versus-Rust boundary	GAP-0535,INV-0934	V0 risk: the Rust-for-Linux API surface may lack bindings to mm, scheduler, DRM and VFS; the spike identifies which subsystems need new abstractions for the native platform and reports the boundary the rewrite-vs-retain policy and lint gate enforce.	KRN-018
KRN-@subsystem-ownership-map	V1	docs	S	Publish the subsystem maintenance ownership map for retained Linux code	INV-1097	Assigns an owner to every inherited subsystem in the retained-mechanism inventory so CVE triage tasks and merge conflicts route to a person.	KRN-039
KRN-@target-machine-config-fragments	V2	build	S	Add kernel config fragments for the Intel and AMD target laptops	GAP-0097	V2 hardware scope adds two laptops; each gets a fragment in the build-and-boot check so laptop-specific drivers cannot drift out of the config.	KRN-049
KRN-@unsafe-code-inventory	V4	build	M	Publish the kernel unsafe-code inventory with a justification per block	INV-0934,INV-0935	V4 exit requires the unsafe-code inventory published with justification per block and unsafe authority minimised per §51; generated from the native subsystem tree and gated in CI.	KRN-056
KRN-@upstream-delta-report	V0.5	build	M	Generate the upstream delta report: patch delta, conflict hot-spots, unmerged fixes	INV-0157,INV-1101	Consumes ledger and bot output to publish patch delta, conflict hot-spots and unmerged upstream security fixes per subsystem; feeds the Phase D entry ADR and the CVE pipeline.	KRN-022
KRN-@upstream-merge-bot	V0.5	build	L	Build the upstream-tracking bot that trial-merges stable and mainline tags	GAP-0125	Attempts merges of each upstream stable and mainline tag, reports conflicts by subsystem and runs the boot matrix on the result, giving continuous visibility of divergence cost before Phase D.	KRN-023
KRN-@v1-upstream-rebase-gate	V1	build	M	Rebase or adapt one upstream stable release during V1 per the divergence policy	INV-1337,INV-0140	V1 exit criterion: at least one upstream stable release rebased or adapted following the divergence policy with L0 still green; includes the milestone review of the retained-mechanism list.	KRN-040
KRN-@verify-v0-kernel-gates	V0	docs	S	Verify V0 kernel gates: reproducible boot from a tagged commit and L0 parity	INV-1337,INV-0139	V0 exit criteria: the fork boots on QEMU and the reference desktop from a CI-built image reproducible from a tagged commit, with native components started from the retained initramfs per the critique, and the L0 corpus matches the unforked kernel; includes the first milestone review of the retained-mechanism list.	KRN-019
KRN-@watchdog-lockup-wiring	V1	build	M	Retain watchdog, softlockup, hung-task and NMI detection and wire them to supervision	EXTRA-012	Daily-driving needs lockups surfaced: kernel detectors stay enabled and emit typed events to the SVC supervisor and the OBS crash-capture path.	KRN-041
LAB-@automate-laptop-events	V2	build	M	Automate lid, dock, hibernate and RTC-wake cycles on laptops	GAP-0143	GAP-0143 and V2 laptop gate: suspend/resume, hibernate and lid/dock events with RTC wake across the milestone cycle count on each laptop Reference machine. Extends automate-suspend-cycles. PWR/HW own policy daemons; LAB owns the fixture and repetition.	LAB-014
LAB-@automate-suspend-cycles	V1	build	M	Automate suspend and resume cycle testing on V1 Reference machines		V1 exit requires automated suspend/resume on the Intel laptop and AMD desktop with Wi-Fi, display and audio functional afterwards (B-030 harness consumes the traces). Lid, dock, hibernate and the V2 cycle-count gate are automate-laptop-events (GAP-0143).	LAB-009
LAB-@build-photodiode-rig	V0	build	M	Build the Input-to-photon photodiode rig on the reference desktop	EXTRA-049,GAP-0138,GAP-0546	Critique EXTRA-049: build the rig on the reference desktop before V0.5 compositor benchmarks. GAP-0138's physical half (HID injection plus photodiode or high-speed capture) lands here; later racks reuse the fixture. GFX-@bench-input-to-photon and BEN INV-1028 publish B-020.	LAB-001
LAB-@decide-lab-architecture	V0	adr	S	Decide lab site and the remote power, console and capture stack	GAP-0372	Baseline gap: LAB has no §; CONVENTIONS requires the first adr to define that open scope. Critique Missing workstreams: LAB owns machines and rigs. Options: colocation with PDU plus serial versus office Redfish/IPMI versus hybrid. Must precede EXTRA-052 racking. Scheduler family is decide-lab-scheduler.	LAB-002
LAB-@decide-lab-scheduler	V0.5	adr	S	Decide lab job-scheduler family and unbootable-machine recovery		GAP-0141 needs an accepted choice (LAVA versus KernelCI versus custom) and a recovery path via firmware boot-order fallback to a known-good SystemGeneration. Adr sits on the same rung as the spike and before V1 deploy. BLD owns CI tiers that consume job results.	LAB-005
LAB-@deploy-lab-scheduler	V1	build	L	Deploy lab scheduling that reserves, flashes and recovers machines	GAP-0141	GAP-0141: scheduler reserves machines, flashes images, runs jobs and returns results to CI, with automatic recovery of an unbootable machine. V1 nightly hardware lab (BLD GAP-0109) and INV-1052 regression matrix depend on this. Infrastructure as code is shared with BLD GAP-0108.	LAB-010
LAB-@equip-reference-lab	V1	build	L	Equip the lab with netboot, capture, USB switching and radio peers	GAP-0140,GAP-0372	GAP-0140: physical lab holding §62 Reference machines with network boot, consoles, HDMI/DisplayPort capture, USB device switching, programmable HID, two Wi-Fi access points for the V1 roaming gate, Bluetooth peers, and audio loopback for B-028. QEMU cannot validate GPU, suspend, wireless or peripherals (§55).	LAB-011
LAB-@install-linux-baselines	V1	build	S	Install Linux comparison baselines on lab Reference machines		B-020, B-031 and V1 energy and Input-to-photon gates require a mainline Linux baseline on the same Reference machine. LAB images dual-boot or swap disks; BEN publishes comparisons. Windows dual-boot waits for V2 W1/HDR gates.	LAB-012
LAB-@install-windows-baselines	V2	build	S	Install Windows dual-boot baselines on the AMD desktop		V2 B-027, HDR/VRR gaming and battery comparisons need Windows on the same AMD desktop where dual-boot exists. LAB owns the disk image and boot-order; WIN owns W1 scenarios; INS owns end-user dual-boot policy.	LAB-015
LAB-@instrument-energy-path	V1	build	M	Instrument lab machines with external meters and battery-drain cycles	GAP-0139	V1 B-031 publishes idle draw and battery runtime on the Intel laptop; software counters are not evidence. Pulled from the jsonl V2 slot because the V1 energy gate is earlier (critique). BEN owns methodology (GAP-0547); this wires meters and drain cycles into scheduler jobs.	LAB-013
LAB-@maintain-firmware-matrix	V2	build	M	Maintain a firmware version matrix and test vendor updates	GAP-0144	GAP-0144: firmware silently changes ACPI, TPM and boot behaviour. Lab matrix records versions per machine and runs before/after vendor updates as scheduler jobs. Firmware update service and LVFS policy are HW (EXTRA-043, GAP-0343).	LAB-016
LAB-@procure-at-hardware	V3	build	S	Procure assistive-technology hardware including a braille display		ACC-@braille-output schedules braille at V3 so LAB can procure a display before the V4 assistive-technology script gate. USB switching from equip-reference-lab attaches the device. Screen-reader software is ACC.	LAB-020
LAB-@procure-hdr-colorimeter	V2	build	S	Procure an HDR reference display and colorimeter	EXTRA-051	Critique and EXTRA-051: V2 HDR10 and VRR gates need a reference HDR display and colorimeter. GFX-@hdr-output-pipeline and ICC profiles consume the fixture; LAB owns the hardware. Color pipeline adr is GFX.	LAB-017
LAB-@procure-power-meters	V0.5	build	S	Procure external power meters for the energy-measurement path	EXTRA-050	Critique: power meters at V0.5 before V1 battery gates (B-031). LAB owns the meters; BEN GAP-0547 owns energy methodology and workloads. Installation and drain cycles are instrument-energy-path.	LAB-006
LAB-@rack-intel-laptop	V0.5	build	M	Procure and rack the Intel laptop with remote power and console		Critique Hardware before the milestone: laptop procurement must be V0.5 so V1 Wi-Fi roaming, suspend-cycle and B-031 gates have a named Intel laptop. V0.5 hardware scope allows exploratory laptop use with no V0.5 gate. SKU is HW's Intel laptop adr.	LAB-007
LAB-@rack-reference-desktop	V0	build	M	Procure and rack the reference AMD desktop with power and capture	EXTRA-052	V0 hardware scope is QEMU plus one AMD desktop; EXTRA-052 and the V0 boot-on-hardware gate need remote power, serial or USB-debug console and display capture. Later racks expand per milestone hardware scope. SKU choice is HW GAP-0550; soak scheduling is GAP-0141.	LAB-003
LAB-@rack-tier1-six	V3	build	M	Procure and rack the six-machine V3 Tier 1 lab fleet		V3 hardware scope: three V2 targets plus one NVIDIA desktop (gated) and one extra laptop per vendor, six machines fully tested each release. Critique: lab build-out spans V1–V3 and is on the critical path of later gates. NVIDIA SKU follows the HW NVIDIA adr.	LAB-021
LAB-@rack-tier1-ten	V4	build	M	Procure and rack the ten-machine V4 Tier 1 lab fleet		V4 hardware scope and demo: at least ten named Tier 1 machines (second GPU generations, Intel desktop, NVIDIA, laptops per vendor) and a ten-machine run of the full suite with per-machine results. HCL publication is HW/REL; LAB owns the fleet.	LAB-023
LAB-@rack-v2-targets	V2	build	M	Procure and rack V2 target machines, dock and extra displays		V2 hardware scope: AMD desktop, Intel laptop and AMD laptop, plus an experimental NVIDIA desktop with no gate. Attach Input-to-photon and energy fixtures, a dock and a second display so B-020 at 60 Hz and maximum refresh, B-031 per laptop, and multi-monitor/lid-dock jobs can run. SKUs are HW target adrs.	LAB-018
LAB-@run-fleet-qualification	V3	build	M	Run installer and Secure Boot qualification across the Tier 1 fleet		V3 installer gate (automated runs across the fleet with FDE) and Secure Boot on every Tier 1 machine need LAB scheduler jobs, key enrolment and capture. INS owns the installer; BOOT owns Secure Boot strategy; LAB drives the fleet and recovery.	LAB-022
LAB-@run-gpu-cts-nightly	V2	build	M	Run Vulkan CTS and compositor tests nightly on lab GPUs	GAP-0142	GAP-0142 and §56.1: nightly Vulkan CTS, dEQP and compositor tests on AMD, Intel and NVIDIA lab machines with pass rates tracked per driver generation. NVIDIA remains non-gating at V2. GFX owns compositor tests; LAB runs them on hardware via the scheduler.	LAB-019
LAB-@run-multiday-soak	V4	build	L	Run multi-day soak and release-candidate fleet soaks on Tier 1	GAP-0134	GAP-0134: multi-day soaks covering suspend/resume, generation accumulation, repeated launches and compositor uptime with memory and latency trend alerts. Also verifies the V4 RC soak-on-Tier-1 gate. OBS leak detection and BEN dashboards consume the traces; LAB owns calendar and execution.	LAB-024
LAB-@run-release-soak	1.0	build	M	Run the public-stable soak on the full Tier 1 fleet		1.0 exit: final release candidate soaked on the full Tier 1 fleet with zero open P0/P1, and HCL test-lab results per machine. REL owns channel launch; LAB executes the fleet soak and publishes per-machine hardware results used by HW/REL HCL.	LAB-025
LAB-@spike-lab-scheduler	V0.5	spike	M	Prototype lab reservation, image flash and unbootable recovery		Critique: without automation the lab is a manual queue CI cannot depend on (GAP-0141). Spike on the V0 desktop plus Intel laptop compares LAVA, KernelCI and a custom scheduler, including firmware boot-order fallback, before decide-lab-scheduler.	LAB-008
LAB-@spike-photon-method	V0	spike	S	Prototype photodiode versus camera Input-to-photon measurement		Critique: schedule the Input-to-photon rig at V0 before V0.5 compositor benches (B-020). Report must choose photodiode or high-speed camera, HID injection, and calibration so build-photodiode-rig is not a guess. BEN owns published results.	LAB-004
LNX-@accept-compat-reports	V3	build	S	Accept community Linux compatibility reports		V3 community-submitted compatibility reports with a documented verification process into the compatibility database.	LNX-091
LNX-@adr-container-engine	V1	adr	S	Decide the Linux personality container engine surface	INV-0675,INV-0676	Pulled to V1 because the L2 corpus requires 100% OCI container runtime; answers Docker socket vs podman.	LNX-012
LNX-@adr-default-cap-bundle	V1	adr	S	Decide the default Capability bundle for Linux apps	GAP-0231,INV-0868,INV-0933	Unmanifested Linux apps need a default directory/network/device bundle plus portal upgrades; wrong default breaks apps or hollows §9.	LNX-013
LNX-@adr-device-coexistence	V1	adr	S	Decide /dev, sysfs and udev coexistence with native drivers	INV-0625	User-space native drivers vs Linux-personality /dev, sysfs and udev for the same device; GPU and input at V1.	LNX-014
LNX-@adr-ia32-emulation	V1	adr	S	Decide whether ia32 emulation is retained	EXTRA-028	Critique: ia32 decision before any syscall-pruning; Steam and many Windows titles depend on it.	LNX-015
LNX-@adr-incremental-native	V2	adr	S	Decide incremental native-interface adoption	GAP-0456	Whether a Linux-personality app may adopt native file chooser, semantic interfaces and capabilities without eroding the §3 firewall.	LNX-062
LNX-@adr-native-opt-in	V1	adr	S	Decide how native applications opt into a Personality	INV-0102	§3 question: capability to a Personality, embedded Linux Component, or SDK shim, and what authority that grants.	LNX-016
LNX-@adr-packaging-formats	V1	adr	S	Decide first-class Linux packaging formats	GAP-0424	Flatpak, AppImage, deb/rpm via container, or Nix, and which is first-class; L2 corpus includes Flatpak.	LNX-017
LNX-@adr-personality-depth	V0.5	adr	S	Decide Linux personality depth and translation phase	GAP-0502,INV-0863	Earliest adr for per-milestone depth and the KRN-reassigned phase B–D move from direct syscall ABI to translation; must precede V1 Phase B and V2 translation.	LNX-003
LNX-@adr-portal-strategy	V1	adr	S	Decide xdg-desktop-portal as the native grant bridge	GAP-0505	V1 D-Bus/portal strategy ADR; portals are the sandbox interface Linux apps already speak.	LNX-018
LNX-@adr-posix-storage-view	V1	adr	S	Decide the POSIX path view of native storage	INV-0493	How the Linux personality presents native storage objects as POSIX paths while respecting Capability scope; STO owns the objects.	LNX-019
LNX-@adr-primary-selection	V1	adr	S	Decide X11 primary selection stays inside the bridge	EXTRA-047	Critique contradiction: primary selection is emulated inside the Wayland/X11 bridge and never crosses the native clipboard.	LNX-020
LNX-@adr-terminal-authority	V1	adr	S	Decide terminal-session authority for Linux programs	GAP-0311	V1 developer terminal is the one place users expect ambient Linux authority; policy must be explicit or §9 erodes.	LNX-022
LNX-@adr-userland-origin	V1	adr	S	Decide source-built versus redistributed Linux userland	GAP-0022	Trademark and license obligations of redistributing another distribution versus building from source; locks the V1 userland.	LNX-023
LNX-@adr-usr-lib-namespace	V1	adr	S	Decide glibc /usr/lib interoperation with Packages	INV-0552	Native dependency model vs Linux shared libraries that expect a global /usr/lib namespace; required for unmodified glibc at V1.	LNX-024
LNX-@adr-wayland-hosting	V0.5	adr	S	Decide Wayland hosting and X11 via Xwayland	GAP-0504	V0.5 Wayland bridge depends on nested vs in-compositor hosting and X11-only-via-Xwayland; adr no later than the bridge.	LNX-004
LNX-@apply-default-cap-bundle	V1	build	M	Apply the default Capability bundle to Linux apps		V1 daily-driving of browser/IDE without ambient home access; implements the default-bundle Decision and portal upgrades.	LNX-025
LNX-@bench-linux-overhead	V1	benchmark	M	Publish Linux compatibility overhead on L2 workloads		B-026 V1 publish-only gate: syscall latency and L2 non-graphics throughput vs upstream Linux on the same hardware.	LNX-026
LNX-@bench-overhead-final	1.0	benchmark	S	Publish Linux compatibility overhead at 1.0		B-026 1.0 publish of L5 workload overhead beside upstream Linux on every Tier 1 machine; no superiority claim without the table.	LNX-108
LNX-@bench-overhead-l3	V2	benchmark	S	Publish Linux compatibility overhead on L3 workloads		B-026 V2 publish on L3 workloads vs upstream Linux on the three target machines.	LNX-063
LNX-@bench-overhead-l4	V3	benchmark	S	Publish Linux compatibility overhead on L4 workloads		B-026 V3 publish on L4 workloads across Tier 1.	LNX-092
LNX-@bench-overhead-l5	V4	benchmark	S	Publish Linux compatibility overhead on L5 workloads		B-026 V4 publish on L5 workloads on every Tier 1 machine.	LNX-102
LNX-@bound-posix-authority	V0.5	build	M	Bound POSIX authority by Component capabilities	GAP-0188	A Linux process must not reach a resource its enclosing Component was not granted, regardless of uid or file mode; capability model would otherwise be hollow.	LNX-005
LNX-@bridge-cups-print	V3	build	M	Expose the native print service as a CUPS-compatible IPP socket	GAP-0271	Linux personality print bridging; Wine spooler follows WIN. Native print dialog stays APP.	LNX-093
LNX-@bridge-linux-ime	V2	build	M	Bridge native IME via text-input and IBus	GAP-0255	zwp_text_input_v3 plus IBus/Fcitx D-Bus so one active IME types into Linux windows; Wine IMM32/TSF is WIN out of scope.	LNX-064
LNX-@bridge-linux-notifs	V2	build	M	Bridge org.freedesktop.Notifications to native	GAP-0273	V2 notification center and do-not-disturb for Linux apps via Notifications and portal D-Bus; Windows toast is WIN out of scope.	LNX-065
LNX-@bridge-wayland-windows	V0.5	build	L	Bridge Wayland apps as native compositor windows	INV-0758,INV-0761,INV-0870,INV-0878,INV-1191	V0.5 gate and demo: a Wayland Linux app appears as a normal window with input and clipboard, using existing Linux mechanisms underneath.	LNX-006
LNX-@capture-linux-crashes	V1	build	M	Capture Linux core dumps and Crashpad minidumps		EXTRA-009 Crashpad path plus gdb/strace; V1 browser and IDE crash capture must work under the Personality.	LNX-027
LNX-@close-audit-findings	V4	build	M	Close High findings from the Personality audit		V4 external security audit of personalities; all High/Critical Linux-personality findings fixed and re-verified.	LNX-103
LNX-@define-steam-runtime	V2	build	M	Define the Steam runtime sub-corpus	EXTRA-027	V2 L3 Steam-on-Linux: pressure-vessel, gamescope, userns, 32-bit multilib, /dev/input via udev, SDL evdev, with scenario scripts.	LNX-066
LNX-@define-upstream-policy	V1	docs	S	Define freedesktop, Mesa and systemd engagement policy	GAP-0053	Linux compatibility is a product whose Wayland, PipeWire, portals, Mesa and systemd components must not be forked casually.	LNX-028
LNX-@document-unsupported	1.0	docs	S	Document unsupported Linux software classes		1.0 statement of what is not supported: kernel-level anti-cheat, vendor DRM, and Broken corpus entries with reasons.	LNX-109
LNX-@emulate-linux-security	V2	build	L	Emulate Linux uid, gid, DAC, seccomp and LSM hooks	INV-0857	Linux security semantics as needed for Chromium, Flatpak and containers, always bounded by the enclosing Component Capability set.	LNX-067
LNX-@emulate-networkmanager	V2	build	M	Emulate NetworkManager D-Bus and resolv.conf	GAP-0295	Browsers, chat clients and package managers query NM and nsswitch; Windows proxy/WinINet is WIN out of scope.	LNX-068
LNX-@emulate-systemd-surface	V1	build	L	Satisfy systemd assumptions for Linux desktop apps	INV-1083	sd-bus, socket activation, logind sessions/seats, user units, journald and XDG_RUNTIME_DIR per the glibc/systemd spike.	LNX-029
LNX-@emulate-upower-logind	V2	build	M	Emulate UPower and logind power D-Bus APIs	GAP-0314	Battery, inhibitors, session and seat queries for Linux apps backed by native power and Session services on V2 laptops.	LNX-069
LNX-@enter-phase-b	V1	build	M	Make Linux a Personality rather than the default model	INV-0144,INV-0850,INV-1330	Phase B: Linux becomes a compatibility Personality with its own entry path; long-term layer between ELF binaries and native primitives; native is default.	LNX-030
LNX-@epoll-over-operations	V3	build	L	Implement epoll over native Operations	INV-0860	epoll as Personality behaviour over native Operations; native API stays free of POSIX readiness.	LNX-094
LNX-@fork-over-native	V3	build	L	Implement fork as Personality behaviour	INV-0859	fork() becomes compatibility-layer behaviour over native primitives, never a native abstraction; correctly late per critique.	LNX-095
LNX-@gpu-accelerate-linux	V1	build	L	GPU-accelerate Linux apps via Mesa EGL, Vulkan and dma-buf	INV-0882	V1 exit: GPU-accelerated Linux browser WebGL plus OpenGL and Vulkan samples with dma-buf import into the native compositor.	LNX-031
LNX-@hold-l5-threshold	1.0	build	M	Hold L5 pass rate with zero Gold regressions		1.0 compatibility gate: L5 ≥90%, zero regressions on V4 Gold entries, integration requirements hold for every passing Linux entry.	LNX-110
LNX-@host-at-spi-bus	V3	build	M	Host AT-SPI2 for native screen-reader bridging		V3 Linux apps must be accessible; ACC owns the native reader and AT-SPI bridge; LNX hosts the bus inside the Personality.	LNX-096
LNX-@host-dev-env-runtimes	V1	build	M	Host development runtimes inside the Personality	INV-0869,INV-1203	V1 self-hosting and os env: compilers, build systems, CLI tooling and Linux-personality services such as postgres inside native isolation.	LNX-032
LNX-@host-gamescope	V2	build	M	Host gamescope for Steam and Linux games		V2 Steam runtime sub-corpus and L3 games via Steam; gamescope nested compositor inside the Personality.	LNX-070
LNX-@host-pipewire-clients	V1	build	M	Host PipeWire clients inside the Linux personality	INV-1090	V1 audio for Linux apps; AUD owns the PipeWire/PulseAudio server and native stream objects; LNX hosts the client socket.	LNX-033
LNX-@host-pressure-vessel	V2	build	M	Host pressure-vessel for the Steam runtime		V2 Steam runtime sub-corpus: pressure-vessel container on personality namespaces and overlayfs.	LNX-071
LNX-@host-wine-userspace	V1	build	M	Host Wine userspace on the Linux personality		V1 non-gated Wine-on-LNX bring-up from the ladder; WIN owns the Wine test suite and W1 corpus and consumes this host.	LNX-034
LNX-@implement-ia32-userland	V1	build	L	Ship ia32 userland if emulation is retained		Implements the ia32 Decision before syscall pruning; required so 32-bit Steam/Wine titles remain possible at V1/V2.	LNX-035
LNX-@implement-native-bridge	V2	build	M	Implement the incremental native-interface bridge		V2 migration path so existing Linux apps are not all-or-nothing rewrites; limits keep the §3 firewall.	LNX-072
LNX-@implement-xdg-portals	V1	build	L	Implement xdg-desktop-portal onto native choosers	INV-0874,INV-0883,INV-0888,INV-1091	V1 L2 integration check: file chooser, notifications, screenshot and settings portals backed by native Capability choosers.	LNX-036
LNX-@integrate-conformance-ci	V1	build	M	Integrate LTP, glibc tests and syzkaller into nightly CI	GAP-0116,INV-0865	Nightly LTP, glibc tests, differential syzkaller vs upstream Linux, and the application smoke corpus; compatibility as a product.	LNX-037
LNX-@integrate-linux-desktop	V1	build	L	Integrate Linux GUI apps into the native desktop	INV-0877,INV-0879,INV-0880,INV-0884,INV-0885,INV-0886	V1 L2 integration check: launcher, task switcher, clipboard both ways, drag/drop, notifications, fractional and per-display scaling.	LNX-038
LNX-@integrate-oci-runtime	V1	build	L	Integrate an OCI runtime inside the Personality	INV-0670,INV-0671,INV-0674	Pulled to V1: L2 corpus 100% container runtime; OCI never becomes a native platform feature; uses personality namespaces, cgroups and overlayfs.	LNX-039
LNX-@integrate-wayland-v1	V1	build	M	Host Wayland clients through the Personality bridge in the native compositor	INV-1088	V1 polish beyond the V0.5 existing-mechanism bridge so Linux GUI apps are compositor-native for daily-driving.	LNX-040
LNX-@keep-l0-l1-green	V1	build	S	Keep L0 and L1 Corpus results green		V1 compatibility gate: L0 and L1 pass with zero regressions while L2 is added.	LNX-041
LNX-@keep-l2-green	V2	build	S	Keep L0 through L2 Corpus results green		V2 compatibility gate: L0, L1 and L2 pass with zero regressions while L3 is added.	LNX-073
LNX-@keep-l3-gold-green	V3	build	S	Keep L0 through L3 Gold Corpus entries green		V3 compatibility gate: L0–L3 pass with zero regressions on Gold entries.	LNX-097
LNX-@keep-l4-gold-green	V4	build	S	Keep L0 through L4 Gold Corpus entries green		V4 compatibility gate: L0–L4 pass with zero regressions on Gold entries while L5 is added.	LNX-104
LNX-@linux-gamepad-evdev	V2	build	S	Expose SDL game-controller evdev to Linux games		V2 Steam runtime sub-corpus: SDL game-controller evdev and /dev/input via udev inside the Personality.	LNX-074
LNX-@linux-hdr-present	V2	build	M	Present HDR and VRR to Linux fullscreen applications		V2 HDR/VRR gates for Linux/Steam fullscreen via the Personality and gamescope, not a native GPU stack rewrite.	LNX-075
LNX-@linux-multi-monitor	V2	build	M	Support per-display scaling for Linux applications		V2 multi-monitor hot-plug with different scale factors; Linux windows follow native per-display and fractional scaling.	LNX-076
LNX-@linux-settings-portal	V2	build	S	Bridge appearance through the settings portal		V2 desktop polish: light/dark, accent and font scale to GTK/Qt via the settings portal so Linux windows match the shell.	LNX-077
LNX-@lock-compat-contracts	V4	docs	S	Lock Linux personality product contracts for 1.x		V4 feature freeze: Personality product contracts (translation present, portals, corpora) locked for 1.x; POSIX is not an L1 freeze.	LNX-105
LNX-@map-file-descriptors	V2	build	L	Map file descriptors onto native capabilities	INV-0853	§46 fd namespace over native capabilities so Linux fds cannot outlive or exceed the enclosing Component grant.	LNX-078
LNX-@map-linux-components	V1	build	L	Map Linux processes onto Components and ResourceDomains	INV-0864	Linux software must be accounted, inspectable and cancellable like native software for V1 daily-driving and os inspect.	LNX-042
LNX-@pidns-over-components	V3	build	L	Implement pid namespaces over Components	INV-0862	pid namespaces inside the Personality over native Components and ResourceDomains for containers at alpha quality.	LNX-098
LNX-@polish-linux-desktop	V2	build	M	Polish Linux desktop integration on target machines	INV-1223	V2 three-machine desktop: taskbar, clipboard, drag/drop and notifications for Linux apps at preview quality.	LNX-079
LNX-@portal-camera	V2	build	M	Bridge camera portal to native camera Capability		V2 permissions demo: a Linux-personality video app denied camera access does not crash and receives no frames.	LNX-080
LNX-@portal-screencast	V2	build	M	Bridge ScreenCast portal to native screen-share		V2 screen-share capability and L3 conferencing: Linux apps get a granted surface or a denial, with a persistent indicator.	LNX-081
LNX-@provide-dbus-buses	V1	build	M	Provide D-Bus session and system buses	INV-0873,INV-1084	V1 Linux personality as a product: session and system buses with bridges to native services; L2 browsers and IDEs.	LNX-043
LNX-@provide-dev-sys-udev	V1	build	M	Provide udev and /dev nodes for Linux-personality devices		V1 GPU/input for browser and IDE; precursor to Steam /dev/input via udev in the V2 sub-corpus.	LNX-044
LNX-@provide-linux-namespaces	V1	build	L	Provide Linux namespaces inside the Personality	INV-1087	pid, mount, net, user, uts, ipc and cgroup namespaces for containers and sandboxes; L2 100% container runtime.	LNX-045
LNX-@provide-linux-signals	V2	build	M	Provide signals inside the Linux personality	INV-0854	POSIX signals as Personality-provided semantics; V3 later reimplements delivery over native primitives.	LNX-082
LNX-@provide-pam-nss-logind	V1	build	M	Provide PAM, NSS and logind from the native Session	GAP-0225	getpwuid, $HOME, XDG_RUNTIME_DIR and session lock/idle signals for V1 desktop apps, fed from native identity and Session.	LNX-046
LNX-@provide-posix-home-view	V1	build	M	Present native storage as POSIX home and XDG paths		V1 L2 corpus home and XDG paths for Git/IDE/browser; §46 POSIX path namespace starts here and is completed at V2 translation.	LNX-047
LNX-@provide-posix-processes	V2	build	L	Provide the POSIX process model in the Personality	INV-0852	PIDs, parent/child, wait and exit codes as Personality behaviour over native Components, not as native abstractions.	LNX-083
LNX-@provide-procfs-view	V1	build	M	Provide procfs semantics inside the Personality	INV-1085	§56.3 procfs inside the Personality for L2 apps; V2 later synthesises /proc over native inspectables.	LNX-048
LNX-@provide-ptrace-debug-cap	V1	build	M	Provide a ptrace equivalent gated by a debug Capability	EXTRA-009	Critique: gdb, strace, Wine debugging and Crashpad at V1, gated by an explicit debug Capability rather than same-uid attach.	LNX-049
LNX-@provide-sysfs-view	V1	build	M	Provide sysfs semantics inside the Personality	INV-1086	§56.3 sysfs inside the Personality for device enumeration used by Mesa, udev and desktop apps at V1.	LNX-050
LNX-@provide-usr-lib-view	V1	build	M	Provide a glibc /usr/lib view over Package contents		V1 unmodified glibc and compiler toolchain in the L2 corpus need a global /usr/lib view without making FHS the native storage model.	LNX-051
LNX-@provide-xdg-fhs-view	V1	build	M	Provide XDG and FHS conventions in the Personality	INV-0875,INV-1092	XDG base dirs, .desktop entries, icon themes, MIME database, /tmp /home /etc as a personality view, not the native storage model.	LNX-052
LNX-@provide-xwayland	V1	build	M	Provide X11 via Xwayland inside the Personality	INV-0871,INV-1089	V1 L2 corpus includes an XWayland-only application; X11 never becomes the native UI API.	LNX-053
LNX-@publish-compat-guide	V3	docs	M	Publish the Linux compatibility guide		V3 public documentation: compatibility guide for strangers installing Linux software; 1.0 docs consume this.	LNX-099
LNX-@publish-corpus-data	V4	docs	S	Publish Corpora and results as machine-readable data		V4 gate: compatibility corpora and results published machine-readable so third parties can reproduce pass rates.	LNX-106
LNX-@publish-five-minute-guide	V1	docs	S	Publish a five-minute Linux application launch guide	GAP-0459	Recommended first developer experience: run an existing Linux application via the Personality.	LNX-054
LNX-@publish-l5-final	1.0	docs	M	Publish the final L5 compatibility report		1.0 final compatibility reports for L5 with per-title results and scenario scripts.	LNX-111
LNX-@retain-inotify-watches	V1	build	S	Retain inotify for Linux IDE file watching		Critique pulls file-watch/inotify to V1 for VS Code; STO owns the native change-notification Operation and its bridge.	LNX-055
LNX-@retain-linux-syscalls	V0	build	M	Retain Linux syscall ABI for unmodified userspace	INV-0004,INV-0082,INV-0083,INV-0084,INV-0085,INV-0086,INV-0087,INV-0088,INV-0089,INV-0090,INV-0091,INV-0092,INV-0093,INV-0105,INV-0849,INV-0858,INV-1168,INV-0865	Phase A retain of the Linux syscall ABI, ELF/glibc loading and POSIX process/fd/signal/proc/sys/socket/fork/exec/epoll/path surfaces so unmodified userspace boots beside native Components; critique collapse of LNX V0 retain items; V0 Linux-intact gate.	LNX-001
LNX-@run-l0-corpus	V0	build	M	Run the L0 Corpus with zero regressions	INV-0141	V0 compatibility gate: LTP syscall subset plus busybox, bash, coreutils, python3 and a static Go binary matching the unforked kernel pass rate.	LNX-002
LNX-@run-l1-corpus	V0.5	build	M	Define and run the L1 Corpus		V0.5 compatibility gate: 20 CLI/dev tools at 100% plus 5 Wayland GUI apps at ≥80% window/input/clipboard.	LNX-007
LNX-@run-l2-corpus	V1	build	L	Define and run the L2 Corpus	INV-1093,INV-0892,INV-1103,INV-1105,INV-1198,INV-1199,INV-0865	V1 compatibility gate: 50 apps including Chromium, Firefox, IDE, GIMP-class, LibreOffice-class, Qt, GTK, Electron, XWayland, OCI, Flatpak; ≥90% with 100% browser, IDE, container runtime and Git.	LNX-056
LNX-@run-l3-corpus	V2	build	L	Define and run the L3 Corpus		V2 compatibility gate: 150 applications including Flatpak, Steam-on-Linux, media players, creative tools and conferencing at ≥85% with integration scoring.	LNX-084
LNX-@run-l4-corpus	V3	build	L	Define and run the L4 Corpus	INV-1245	V3 public-alpha quality: L4 300 applications from Flathub/distro/Steam-on-Linux popularity at ≥85% against the conformance suite.	LNX-100
LNX-@run-l5-corpus	V4	build	L	Define and run the L5 Corpus		V4 compatibility gate: 500 applications at ≥90% with 100% for browser, IDE, container runtime, Steam client and office suite.	LNX-107
LNX-@run-unmodified-libc	V1	build	M	Run unmodified glibc and musl in the Personality	INV-1082	§56.3: glibc and musl must run unmodified; vDSO/vsyscall retained; V1 L2 browsers and toolchains.	LNX-057
LNX-@shim-libsecret	V2	build	M	Shim org.freedesktop.secrets onto native secrets	GAP-0224	Linux libsecret/org.freedesktop.secrets with per-application scoping; Windows Credential Manager/DPAPI is WIN out of scope.	LNX-085
LNX-@ship-32bit-multilib	V2	build	M	Ship 32-bit multilib for the Steam runtime		V2 Steam runtime sub-corpus 32-bit multilib, contingent on the V1 ia32 Decision remaining retain.	LNX-086
LNX-@ship-flatpak-runtime	V1	build	L	Ship Flatpak runtimes inside the Linux personality		V1 L2 corpus includes Flatpak; bubblewrap/userns/overlayfs from the sandbox-primitives task.	LNX-058
LNX-@signals-over-native	V3	build	L	Implement signal delivery over native primitives	INV-0861	Signal delivery reimplemented over native primitives inside the Personality; correctly late per critique.	LNX-101
LNX-@spike-flatpak-snap	V2	spike	M	Evaluate Flatpak and Snap as Personality package sources	INV-0891	Runtime, portals and sandbox fidelity of Flatpak and Snap as Linux-personality package sources beyond the V1 Flatpak ship.	LNX-087
LNX-@spike-glibc-systemd	V1	spike	M	Survey glibc and systemd needs of top desktop apps	GAP-0506	Evidence for real systemd vs compatible service manager vs none from the top 200 desktop applications; precedes systemd emulation.	LNX-059
LNX-@spike-linux-env-gap	V0.5	spike	M	Inventory Linux environment gaps by application class	INV-1081	§56.3 gap between running binaries and a complete Linux environment for CLI, GUI, games, IDEs and containers; scopes V1 product work.	LNX-008
LNX-@spike-personality-depth	V0.5	spike	M	Measure Linux personality implementation depth options		GAP-0502 requires measured syscall overhead for in-kernel retain, in-kernel translation and gVisor-style userspace; informs B-026 and the V0.5 depth adr; critique personality-depth vs V1 daily-driving.	LNX-009
LNX-@spike-process-mapping	V1	spike	M	Prototype Linux process to Component mapping	GAP-0503	Decides whether Linux processes are first-class Components or personality-managed constructs; ResourceDomain, tracing and permissions uniformity.	LNX-060
LNX-@spike-wayland-hosting	V0.5	spike	M	Prototype nested versus in-compositor Wayland hosting		Informs GAP-0504; V0.5 Wayland-app-as-native-window gate cannot switch compositor architecture later.	LNX-010
LNX-@synthesise-posix-mounts	V2	build	L	Synthesise POSIX mounts over native storage	INV-0856	§46 mounts and POSIX path namespace over the native storage model; not a native filesystem.	LNX-088
LNX-@synthesise-procfs	V2	build	M	Synthesise /proc over native inspectables	INV-0855	§46 /proc as a synthesised Personality view over native Component/Task inspectables rather than ambient kernel proc.	LNX-089
LNX-@translate-syscalls	V2	build	L	Translate Linux syscalls onto native primitives	INV-0851	Long-term Personality layer: syscall translation onto native primitives per the V0.5 depth Decision and Phase C.	LNX-090
LNX-@treat-compat-as-product	V0.5	docs	S	Treat Linux compatibility as a product	INV-1080,INV-0876	§56.3 product invariant and §47 GUI-machinery-belongs-to-personality collapsed into owner, conformance-suite plan, UX criteria and release-note template.	LNX-011
LNX-@verify-sandbox-primitives	V1	build	L	Verify seccomp, user namespaces, overlayfs and FUSE	EXTRA-008	Critique: Chromium sandbox, Flatpak/bubblewrap and podman at V1 require these retained mechanisms verified from the Personality.	LNX-061
MED-@camera-app	V2	build	M	Ship a first-party Camera capture application	GAP-0303	GAP-0303 requires a first-party Camera app; APP GAP-0318 decides the broader native set, this task ships the capture client that exercises Capability Camera.	MED-011
MED-@camera-cold-start	V2	benchmark	S	Instrument Camera cold start for the B-045 harness		B-045 V2 publish includes Camera cold start; MED owns the Camera service the desktop-essentials harness measures.	MED-012
MED-@camera-hcl-suite	V4	build	M	Add Camera to the Tier 1 hardware test suite every RC		V4 hardware gate: every Tier 1 machine passes Camera in the full hardware test suite each RC, including the NVIDIA desktop and both vendor laptops.	MED-037
MED-@camera-hotplug	V3	build	S	Survive UVC Camera hot-plug without restarting the service	GAP-0303	V3 scope in cameras, webcams and USB classes: the Camera service must enumerate and drop UVC devices on hot-plug without losing other sessions.	MED-029
MED-@camera-service	V2	build	L	Mint per-session Camera Capabilities with in-use signalling	EXTRA-059,GAP-0303,INV-0167	EXTRA-059 and GAP-0303: the Camera service mints per-session Capabilities, never ambient, and emits in-use state for the GFX shell indicator.	MED-013
MED-@camera-service-model	V1	adr	S	Decide Camera service model over V4L2 and libcamera	EXTRA-057,GAP-0303	EXTRA-057 and GAP-0303 require the Camera service model Decision, retaining V4L2 as a mechanism and placing libcamera only where ISP pipelines need it.	MED-001
MED-@camera-tier1	V3	build	M	Run Camera capture on every V3 Tier 1 machine	GAP-0303,EXTRA-059	V3 scope in cameras and webcams across six Tier 1 machines; the Camera service must open built-in and UVC sensors and mint Capabilities on each.	MED-030
MED-@codec-package-schema	V1	build	M	Define codec Package capability sets and licensing metadata	EXTRA-058	EXTRA-058 is a V1 deliverable: per-codec Capability sets, licensing metadata, and a stub isolated decoder Package so V2 royalty-free codecs are schema-compatible.	MED-002
MED-@conferencing-pipeline	V2	build	M	Integrate Camera encode with the audio echo-cancellation path		Critique missing requirement 23 and workstreams.md AUD echo cancellation with MED; V2 L3 corpus includes video conferencing.	MED-014
MED-@container-demux	V2	build	M	Isolate container demux Components for MP4 WebM and Matroska		Workstreams.md sandboxed codec Components and the GAP-0299 native pipeline: demux must be an isolated Component ahead of decode so container parsers cannot escape into the player.	MED-015
MED-@decoder-fuzz	V3	build	M	Fuzz isolated decoder Components in continuous CI		V3 continuous-fuzzing gate applied to §11 decoder isolation, the flagship MED isolation surface named in the critique missing-workstream note.	MED-031
MED-@drm-out-of-scope	1.0	docs	S	Publish native CDM and Layer 1 secure-path as 1.0 non-goals	GAP-0302	GAP-0302 and the 1.0 compatibility statement of what is not supported: vendor DRM, native CDM and Layer 1 secure-path playback stay out of 1.0.	MED-041
MED-@frame-formats	V2	build	M	Negotiate pixel format color range and HDR metadata on Frames		GAP-0300 zero-copy Frames to the compositor; V2 HDR and VRR desktop gates require negotiated pixel format, color range and HDR metadata without copies.	MED-016
MED-@hardware-decode-path	V1	build	M	Expose hardware video decode into MemoryObjects	INV-1112	Codecs and hardware decode are MED. Whether a first-party player ships is APP GAP-0318. VA-API/Vulkan Video into MemoryObjects.	MED-003
MED-@hdr-video-path	V4	build	M	Deliver HDR decoded Frames zero-copy to the compositor	GAP-0300	GAP-0300 feature completion for V4 freeze: HDR decoded Frames reach the compositor by MemoryObject transfer on every HDR-capable Tier 1 machine.	MED-038
MED-@hw-decode-nvidia	V3	build	M	Enable hardware video decode on the NVIDIA Tier 1 desktop	GAP-0300	GAP-0300 on the V3 NVIDIA Tier 1 desktop: hardware decode through the chosen VA-API or Vulkan Video path once NVIDIA joins the gated fleet.	MED-032
MED-@hw-only-encumbered	V3	build	M	Restrict patent-encumbered codecs to hardware decode Packages	EXTRA-058	Workstreams.md codecs as isolated Packages; implements GOV codec-shipping policy for the V3 public image so H.264 and HEVC arrive only as hardware decode Packages.	MED-033
MED-@hw-video-decode	V2	build	L	Expose hardware video decode through ComputeDevice	GAP-0300,INV-1112	GAP-0300 V2 deliverable: VA-API and Vulkan Video on retained Mesa, decoded Frames as MemoryObjects transferred zero-copy to the compositor, not a native GPU stack.	MED-017
MED-@hw-video-encode	V2	build	M	Expose hardware video encode through ComputeDevice	GAP-0300,EXTRA-060	GAP-0300 encode half and EXTRA-060 screen-recording encode: hardware encode of MemoryObject Frames through ComputeDevice on V2 target GPUs.	MED-018
MED-@hw-video-path	V1	adr	S	Decide VA-API versus Vulkan Video for hardware codecs	EXTRA-057	EXTRA-057 requires the hardware-decode Decision; GAP-0300 V2 builds depend on which retained Mesa path is native, exposed through ComputeDevice rather than as a native GPU stack.	MED-004
MED-@hw-video-spike	V1	spike	M	Measure VA-API and Vulkan Video decode on reference machines		Critique freeze-before-spike for GAP-0300: V2 hardware decode cannot start without a measured VA-API versus Vulkan Video choice on the V1 AMD desktop and Intel laptop.	MED-005
MED-@libcamera-spike	V1	spike	M	Measure libcamera versus V4L2 on the Intel laptop ISP	GAP-0303	GAP-0303 requires a libcamera-adoption Decision for laptop ISP pipelines; the spike reports whether V4L2 alone is enough on the V1 Intel laptop.	MED-006
MED-@media-framework	V1	adr	S	Decide native media pipeline versus GStreamer or FFmpeg	GAP-0299,EXTRA-057	GAP-0299 and EXTRA-057 require the framework Decision, with codecs as separately updatable Packages, before any V2 decoder or encoder Component ships.	MED-007
MED-@media-interface-lock	V4	build	S	Lock Layer 2 media Interface versions for the 1.x line		V4 Layer 2 Interface versions locked: decoder, encoder, Camera, Frame and playback-session Interfaces are enumerated and locked for 1.x.	MED-039
MED-@media-interfaces	V1	build	M	Define Layer 2 decoder encoder Camera and Frame Interfaces		Workstreams.md MED sandboxed codec Components; V1 freeze-candidate Layer 2 Interfaces for decoder, encoder, Camera and Frame must exist before V2 implementation and the V4 Layer 2 lock.	MED-008
MED-@media-rebind	V2	build	S	Restart the media and Camera services with client rebind		Workstreams.md Camera service and sandboxed codec Components; §32 recovery so the V2 conferencing and Camera-permission demos survive a codec or Camera service crash.	MED-019
MED-@multi-user-camera	V3	build	S	Scope Camera grants per user session for multi-user	EXTRA-059	V3 multi-user exit criterion of separate capability stores: Camera in-use state and grants must not leak across user sessions.	MED-034
MED-@personality-camera	V2	build	M	Grant Linux-personality Camera access only via native Capabilities	EXTRA-059	V2 demo of a Camera permission prompt for a Linux-personality video app and the V2 permissions gate tested with Camera: personality apps receive no V4L2 device node, only a minted Capability.	MED-020
MED-@pipeline-prototype	V1	spike	M	Prototype sandboxed decoder Components exchanging MemoryObjects		Critique freeze-before-spike: the GAP-0299 and EXTRA-057 media-framework Decision needs a measured native pipeline versus retained GStreamer versus retained FFmpeg before V2 codec Components.	MED-009
MED-@playback-clock	V2	build	M	Implement media clock and audio-video synchronization		Critique MED ~40-task pipeline scope and GAP-0299 native pipeline: playback clock and AUD-path synchronization are required for native media players at V2.	MED-021
MED-@playback-session	V2	build	M	Expose a native playback session for shell media controls		Critique MED missing-workstream list names media-session; APP GAP-0304 owns shell UI and MPRIS, MED owns the playback session object play, pause, seek and now-playing metadata bind to.	MED-022
MED-@protected-content	V2	adr	S	Decide Widevine L3 personality path and native CDM non-goals	GAP-0302	GAP-0302 Decision placed at V2 so the native player never grows a CDM; options include personality Widevine L3, no DRM, and native or Layer 1 secure-path CDM rejected for 1.0.	MED-023
MED-@sandboxed-decoder	V2	build	L	Ship isolated decoder Components for royalty-free codecs	EXTRA-058,GAP-0299	Implements the GAP-0299 native pipeline and EXTRA-058 isolated Packages for AV1 and VP9 software decode; each decoder holds only input bytes, output Frames and a ResourceDomain budget per §11.	MED-024
MED-@sandboxed-encoder	V2	build	M	Ship isolated encoder Components with per-codec rights	EXTRA-058	EXTRA-058 and workstreams.md sandboxed codec Components: screen-recording and conferencing encode need isolated encoder Packages with no network or filesystem rights.	MED-025
MED-@screen-record-encode	V2	build	M	Encode screen-capture MemoryObjects through codec Components	EXTRA-060	EXTRA-060: encode Frames obtained only through the explicit screen-capture Capability; GFX owns capture and tools, MED owns the encoder path.	MED-026
MED-@screenshare-call-encode	V3	build	M	Encode screen-share Frames into a conferencing session	EXTRA-060	EXTRA-060 live path and V3 demo of screen shared into a video call through the explicit screen-share Capability.	MED-035
MED-@virtual-camera	V2	build	M	Provide a virtual Camera source for conferencing and tests	GAP-0303	GAP-0303 virtual Camera support: a capability-scoped virtual source for conferencing tests and CI without depending on a physical sensor.	MED-027
MED-@widevine-l3-verify	V3	build	M	Verify Widevine L3 playback through the Linux-personality browser	GAP-0302	GAP-0302 V3 compatibility: Widevine L3 through the Linux-personality browser CDM is available; native CDM is not shipped.	MED-036
MED-@zero-copy-media-bench	V2	benchmark	M	Publish the zero-copy media path harness for B-046		B-046 V2 publish gate; workstreams.md hardware video via MemoryObject; measures copies per stage on the §17 storage-or-NIC to decoder to GPU to scanout path.	MED-028
MED-@zero-copy-stable-publish	1.0	benchmark	S	Publish B-046 versus Linux and Windows on every Tier 1 machine		1.0 gate that every §54 metric is published versus Linux, Windows and macOS; B-046 is the media-path metric with GStreamer dma-buf as the Linux baseline.	MED-042
MED-@zero-copy-v4-regression	V4	benchmark	S	Re-run B-046 on every Tier 1 machine for V4 regression		V4 benchmark gate re-runs prior metrics including B-046; regression versus V3 is the register target, not a prose number.	MED-040
MEM-@bench-cow-fault-cost	V0.5	benchmark	S	Benchmark CoW snapshot creation and first-write fault cost	INV-0309	§53/§57: no performance claim without a harness; CoW cost at 4 KiB, 1 MiB and 1 GiB is published against Linux fork+write and memfd copy before CoW is relied on for V0.5 startup and file mapping.	MEM-013
MEM-@bench-page-sharing	V0.5	benchmark	S	Benchmark resident-page sharing across the four V0.5 applications	INV-0632	Publishes the shared-versus-private resident page ratio for the four native apps against Linux shared-library sharing on the same hardware; the V0.5 deduplication gate covers store size, this covers memory.	MEM-014
MEM-@bench-pipeline-copies	V1	benchmark	M	Benchmark copies and bytes moved in the NIC to Decoder to Renderer to GPU path	INV-0321	Each avoidable copy is a defect to be measured and removed; the harness counts copies and bytes per frame against a Linux socket-plus-decoder-plus-Wayland pipeline on the same hardware.	MEM-033
MEM-@charge-follows-owner	V0.5	build	M	Move MemoryObject charging with ownership and never double-charge a borrow	EXTRA-003	Critique EXTRA-003: budget enforcement tested across a transfer between ResourceDomains and across a borrow, jointly with SCH.	MEM-015
MEM-@content-store-page-sharing	V0.5	build	L	Share identical code pages across applications via content-store MemoryObjects	INV-0632	V0.5 exit: two applications using the same library share one set of resident pages; immutable content-addressed objects are mapped shared and sealed, with PKG/STO providing the store and CMP the address-space layout.	MEM-016
MEM-@decide-backing-provider-model	V0.5	adr	M	Decide the MemoryObject backing-provider abstraction for future memory media	INV-0704,INV-0706,INV-0707,INV-0709,INV-0710,INV-0711,INV-0712,INV-0713	Standing §38 rules are decided once: a MemoryObject is properties plus a pluggable backing provider (DRAM, CXL, persistent, disaggregated, unified CPU/GPU, accelerator-local) rather than a DRAM page list; options include a fixed DRAM object with later retrofit versus a provider interface from day one.	MEM-017
MEM-@decide-borrow-lifetimes	V0.5	adr	S	Decide how borrowing lifetimes are enforced across Component boundaries	INV-0338	Answers the §17 question before borrowing is built: options are revocation on return, deadline-bound borrows with forced unmap, or trust in the borrower with audit.	MEM-018
MEM-@decide-coherence-model	V0	adr	S	Decide the MemoryObject sharing coherence model across CPUs and devices	INV-0329,INV-0703	Shared mappings need a defined coherence contract before the V0 shared property lands; options are CPU-coherent-only with explicit device sync operations versus a per-mapping coherence attribute, honouring the rule not to assume coherent memory between all devices.	MEM-001
MEM-@decide-dma-gpu-backing	V0.5	adr	S	Decide whether dma-buf backs DMA- and GPU-compatible MemoryObjects	GAP-0499	The V0.5 compositor needs GPU buffers; options are dma-buf as the backing, a native object exported as dma-buf on demand, or a native object only; cites spike-dma-buf-backing.	MEM-019
MEM-@decide-encrypted-property	V2	adr	S	Decide encrypted MemoryObject key ownership and hardware encryption	INV-0319	No MEM adr yet for encrypted MemoryObject semantics (key owner, who may map plaintext, hardware memory encryption). Parallel to STO INV-0318 for the persistent property. Options: per-Component key in the secrets service versus domain-held key versus hardware memory encryption (SME/TDX) with no software plaintext map.	MEM-045
MEM-@decide-file-mapping-semantics	V0.5	adr	S	Decide mapping of Capability<File> into a MemoryObject	EXTRA-006	Critique EXTRA-006: fixes coherence with Write Operations, the msync equivalent and interaction with CoW filesystem snapshots, jointly with STO; options are page-cache-shared mapping versus private CoW view with explicit sync.	MEM-020
MEM-@decide-huge-page-policy	V0.5	adr	S	Decide the per-Component page-table and huge-page policy for MemoryObjects	GAP-0549	Fixes the policy for MemoryObjects and immutable package mappings using spike-page-table-policy evidence; options include shared page-table fragments, transparent huge pages, or explicit huge-page property.	MEM-021
MEM-@decide-memoryobject-basis	V0	adr	S	Decide the MemoryObject kernel implementation basis	INV-0317	V0 exit requires an accepted ADR for every architectural choice; options are shmem/memfd, dma-buf, or a new native object over retained Linux mm, each with dma-buf interoperation consequences. Depends on spike-transfer-backings.	MEM-002
MEM-@decide-placement-model	V1	adr	S	Decide the MemoryObject locality and placement attribute model	INV-0720,INV-0333	Fixes the attribute vocabulary (NUMA node, device-local, remote, persistent) exposed to placement and dispatch jointly with HET before the V2 ComputeDevice dispatch demo.	MEM-034
MEM-@decide-transfer-enforcement	V0	adr	S	Decide whether ownership transfer is kernel-enforced or advisory	GAP-0498	Semantics must be fixed before the SDK types and the V0 transfer demo are built; the decision attaches the measured enforcement cost from spike-transfer-backings.	MEM-003
MEM-@decoder-renderer-transfer	V0.5	build	M	Transfer Decoder output MemoryObjects to the Renderer without copying	INV-0324	§17 pipeline stage for the V0.5 Image Viewer: the sandboxed decoder Component hands its output by ownership to the renderer, verified by physical-page identity, jointly with MED and GFX.	MEM-022
MEM-@device-local-backing	V2	build	L	Implement accelerator-local and unified-memory backing providers	INV-0712,INV-0713	V2 exit: a ComputeDevice workload runs on the GPU; MemoryObjects can live in device memory or unified CPU/GPU memory via decide-backing-provider-model, consumed by HET's device-locality items.	MEM-046
MEM-@domain-charging	V0	build	S	Charge MemoryObject pages to the owning ResourceDomain memory budget		V0 exit criterion 'a Component in a ResourceDomain with a 64 MiB memory budget cannot exceed it' requires MemoryObject allocations to be charged to the owner's domain and to fail with a typed error at the limit; SCH owns the budget, MEM owns the charging hook.	MEM-004
MEM-@file-backed-memoryobject	V0.5	build	L	Implement file-backed MemoryObjects with sync and snapshot interaction	EXTRA-006	The V0.5 Text Editor and Image Viewer map files; implements decide-file-mapping-semantics with tests for Write coherence, sync durability and snapshot isolation.	MEM-023
MEM-@fossilization-review	V4	docs	S	Run the MemoryObject fossilization review before the L1 freeze	INV-0703,INV-0704,INV-0706,INV-0707,INV-0709,INV-0710,INV-0711,INV-0712,INV-0713	Standing §38 rules are verified at the freeze: the report feeds ABI's 1.0 fossilization review and lists any surface deferred by decision.	MEM-053
MEM-@freeze-candidate-review	V1	docs	M	Review MemoryObject L1 surfaces for freeze candidacy against future hardware	INV-0052,INV-0703,INV-0704,INV-0706,INV-0707,INV-0709,INV-0710,INV-0711,INV-0712,INV-0713	V1 nominates L1 freeze candidates; the review checks every MemoryObject entry point against the §38 rules (CXL, persistent, disaggregated, unified, accelerator-local, non-coherent) and records surfaces to keep prototyped.	MEM-035
MEM-@gpu-buffer-allocation	V0.5	build	L	Implement GPU buffer allocation through MemoryObject with dma-buf interoperability	INV-0736	V0.5 exit requires GPU-accelerated composition on inherited DRM drivers; MEM provides the allocation and dma-buf export/import primitive that GFX's Buffer abstraction wraps.	MEM-024
MEM-@huge-page-package-mappings	V1	build	M	Apply the huge-page policy to immutable package and MemoryObject mappings	GAP-0549	V1 benchmark gate: warm startup p50 target for Terminal and Editor; implements decide-huge-page-policy and measures the startup effect.	MEM-036
MEM-@iommu-dma-isolation	V1	build	M	Map DMA-compatible MemoryObjects through per-domain IOMMU translation	INV-0310,INV-0332	User-space drivers (§33) and network zero-copy at V1 need device DMA confined to the objects a Component owns; defines the fallback when no IOMMU is present and the HW compatibility requirement.	MEM-037
MEM-@isolation-invariant-tests	V3	build	M	Build a property-based MemoryObject isolation invariant suite	INV-0953,INV-0327,INV-0307,INV-0312	V3 multi-user and V4 external audit need machine-checked evidence that ownership, sealing and W^X hold across every path (transfer, borrow, CoW, file-backed, dma-buf import); runs on every kernel build.	MEM-050
MEM-@linux-dma-buf-interop	V0.5	build	M	Import and export Linux personality dma-buf and memfd descriptors as MemoryObjects	INV-0736,INV-0317	V0.5 exit: a Wayland Linux application appears as a native window; its buffers cross the bridge as MemoryObjects without copying, and native objects can be handed to personality processes as descriptors.	MEM-025
MEM-@memory-pressure-discardable	V2	build	M	Add a discardable property and pressure-driven release of MemoryObjects		V2 laptops with limited RAM: caches held as discardable MemoryObjects are reclaimed under ResourceDomain pressure with a typed notification instead of an OOM kill, jointly with SCH.	MEM-047
MEM-@memoryobject-abi-reference	V3	docs	M	Write the MemoryObject Layer 1 ABI reference pages		V3 exit: 100% of L1 reference pages; every MemoryObject entry point, property and Capability right documented through DOC's IDL-to-docs pipeline.	MEM-051
MEM-@memoryobject-borrowing	V0.5	build	L	Implement MemoryObject borrowing with return to owner	INV-0328,INV-0338	Temporary access that returns to the owner per decide-borrow-lifetimes; the compositor and renderer borrow application buffers in V0.5; tests cover return, revocation and borrower death.	MEM-026
MEM-@memoryobject-conformance-suite	V4	build	M	Add conformance tests for every MemoryObject Layer 1 entry point		V4 exit: L1 frozen with a conformance test per entry point and deprecated entry points removed; MEM owns its portion of the ABI conformance suite.	MEM-054
MEM-@memoryobject-copy-on-write	V0.5	build	M	Implement the copy-on-write property and CoW mappings	INV-0309,INV-0331	Moved from V0 to V0.5 per the critique; CoW snapshots of a MemoryObject back file-mapping snapshots and cheap private views of immutable package pages needed by the V0.5 apps.	MEM-027
MEM-@memoryobject-core-object	V0	build	L	Implement the MemoryObject kernel object over retained Linux mm	INV-0052,INV-0163,INV-0305,INV-1318,INV-1323	V0 exit: create and destroy MemoryObjects with kernel-tracked size, properties, owner and mapping table, reclaimed on Component destruction; exports owner, mappers and properties to the tracing interface so `os inspect memory` (SDK) can print state, ownership and relationships.	MEM-005
MEM-@memoryobject-dma-compatible	V0.5	build	M	Implement the DMA-compatible property and DMA suitability query	INV-0310,INV-0332	Pulled to V0.5 because GPU buffer allocation depends on it: physically contiguous or IOMMU-mappable allocation with a queryable suitability attribute per decide-dma-gpu-backing.	MEM-028
MEM-@memoryobject-encrypted	V2	build	M	Implement the encrypted MemoryObject property and key-ownership semantics	INV-0315,INV-0319	§16 encrypted property with who may map plaintext and how hardware memory encryption is used. Parallel to STO encrypted-at-rest; keys are Capabilities, never ambient.	MEM-048
MEM-@memoryobject-executable-wx	V0	build	M	Implement the executable property with W^X enforcement	INV-0312	Component code pages are executable MemoryObjects; the kernel refuses any mapping that is simultaneously writable and executable and refuses to add executable to a writable-mapped object; regression test in CI.	MEM-006
MEM-@memoryobject-fuzz-targets	V3	build	M	Add MemoryObject syscall fuzz targets with ownership and W^X oracles		V3 exit: continuous syscall fuzzing with no open crashers; MEM supplies the targets and invariant oracles (single owner, no post-transfer access, sealed never writable) for BLD's fuzzing fleet.	MEM-052
MEM-@memoryobject-mapping	V0	build	M	Implement MemoryObject map and unmap in a Component address space	INV-1161,INV-0306	V0 exit: a Component creates and maps a MemoryObject; the writable property governs mapping protection; mappings are tracked per Component and torn down on destroy.	MEM-007
MEM-@memoryobject-pinned	V1	build	M	Implement the pinned property so a MemoryObject is never swapped or migrated	INV-0314	Low-latency audio and DMA in V1 need pinned buffers; pinned pages are limited per ResourceDomain with SCH and released on owner death.	MEM-038
MEM-@memoryobject-sealing	V0	build	M	Implement the immutable property and sealed read-only mappings	INV-0307,INV-0330	Sealing is one-way and kernel-enforced; a sealed object rejects writable mappings and write faults; needed by the V0 demo result object and later by immutable package mappings.	MEM-008
MEM-@memoryobject-security-semantics	V0	docs	S	Document MemoryObject security semantics for the V0 threat model	INV-0953	Critique moves the threat model to V0; SEC needs MEM's section on transfer enforcement, sealing, W^X, shared-mapping side channels and ownership as a §51 memory-safety layer before CAP/SEC designs are fixed.	MEM-009
MEM-@memoryobject-shared-mappings	V0.5	build	M	Implement the shared property with multiple concurrent mappers	INV-0308,INV-0329	Multiple readers per decide-coherence-model with mapper accounting; a non-shared object rejects a second mapper with a typed error; covered by tests in the V0 acceptance suite.	MEM-029
MEM-@mm-cve-support-runbook	1.0	docs	S	Write the retained-mm CVE triage runbook for MemoryObject in 1.x support	INV-1323	1.0 support commitment: upstream shmem, dma-buf and mm CVEs must be mapped to MemoryObject exposure and fixed within the 14-day SLA; the runbook records the mapping and the regression tests to run.	MEM-055
MEM-@network-to-decoder-transfer	V1	build	L	Transfer network-received MemoryObjects to a Decoder without copying	INV-0323	§17 first stage: NIC DMA lands in a MemoryObject that NET hands to the media decoder by ownership; jointly with NET and MED on the V1 Intel laptop and reference desktop.	MEM-039
MEM-@numa-locality	V1	build	M	Track and expose NUMA locality of a MemoryObject	INV-0334,INV-0333	§17: the system understands NUMA locality; allocation honours a preferred node and the locality is queryable for placement and `os inspect`.	MEM-040
MEM-@ownership-transfer	V0	build	L	Implement single-owner MemoryObject transfer over a Channel with sender losing access	INV-0327,INV-0300,INV-1162,INV-0953,INV-1297	V0 exit and §59 demo: a MemoryObject Capability moves from Component A to B without copying; per decide-transfer-enforcement the sender's mappings are revoked or its handle invalidated; ABI message encoding of the move is done with IPC.	MEM-010
MEM-@placement-attributes	V1	build	M	Implement MemoryObject placement attributes exposed to dispatch	INV-0720,INV-0333	Implements decide-placement-model so HET's ComputeDevice dispatch can read where an object lives and request placement.	MEM-041
MEM-@reclaim-and-migration-policy	V1	build	M	Define reclaim, swap and migration behaviour for unpinned MemoryObjects		V1 daily-driving on a laptop needs memory pressure handled: which MemoryObjects Linux mm may swap or migrate, how ownership and shared mappings survive migration, and typed pressure signals to the owner.	MEM-042
MEM-@spike-bounded-views	V1	spike	M	Study bounds-enforced pointers and bounded MemoryObject views in the ABI	INV-0191	§8 study that must land before L1 freeze candidates: whether the ABI can express bounded sub-views of a MemoryObject without committing to a hardware model.	MEM-043
MEM-@spike-disaggregated-backing	LATER	spike	L	Study CXL-attached and disaggregated memory as MemoryObject backing providers	INV-0707,INV-0709,INV-0711	Parked research: exercises decide-backing-provider-model against remote and CXL memory on hardware not in any 1.0 tier, keeping distributed memory out of the 1.0 promise.	MEM-056
MEM-@spike-dma-buf-backing	V0.5	spike	M	Prototype dma-buf-backed MemoryObjects with a NIC-to-GPU zero-copy path	GAP-0499	Demonstrates on the reference desktop that a dma-buf-backed MemoryObject can be filled by NIC DMA and imported by the GPU driver without a copy; evidence for decide-dma-gpu-backing.	MEM-030
MEM-@spike-hardware-capability-mappings	V2	spike	M	Study hardware memory capabilities as an enforcement backend for mappings	INV-0193	§8 study, with CAP's CHERI work, of whether MemoryObject mappings could be enforced by hardware capabilities without ABI change; informs the V4 freeze.	MEM-049
MEM-@spike-page-table-policy	V0.5	spike	M	Measure page-table and huge-page effects on startup and TLB for package mappings	GAP-0549	The V0.5 warm-startup benchmark gate depends on how cheaply verified immutable pages are mapped and shared; measures per-Component page-table cost and huge-page TLB effects.	MEM-031
MEM-@spike-transfer-backings	V0	spike	M	Prototype MemoryObject ownership transfer over shmem, dma-buf and native backings	GAP-0497	Measures transfer cost for 4 KB and 64 MB objects including TLB shootdown on QEMU and the reference desktop; input to the basis and enforcement decisions and to BEN's transfer-cost benchmark.	MEM-011
MEM-@suspend-resume-memoryobject-state	V1	build	S	Preserve pinned and DMA-compatible MemoryObjects across suspend and resume		V1 exit: 200 of 200 suspend cycles with display and audio functional afterwards requires GPU and audio buffers backed by MemoryObjects to survive; adds a check to the PWR cycle harness.	MEM-044
MEM-@transfer-acceptance-tests	V0	build	S	Verify MemoryObject transfer by physical-page identity in the V0 demo pipeline	INV-0300,INV-1162,INV-1161	V0 exit criterion: transfer verified by physical-page identity check and the 1 GiB transfer measured against the register target; also asserts the sender faults after transfer and that a leaked object is reclaimed with its Component.	MEM-012
MEM-@zero-copy-api-lint	V0.5	build	S	Add an interface review lint that large payloads move MemoryObjects by default	INV-1297,INV-0321	Enforces Principle 6 where it first matters: the V0.5 SDK and IDL surfaces expand; the lint flags interface methods that carry large byte arrays inline or copy where a MemoryObject move is possible.	MEM-032
NET-@address-assignment	V1	build	M	Implement DHCPv4 and IPv6 SLAAC/DHCPv6 with privacy extensions	GAP-0292,INV-1200	V1 gate: DHCP works on Ethernet and Intel Wi-Fi, including IPv6-only networks named by GAP-0292. Address assignment is a userspace service over retained kernel autoconfig, gated by network Capabilities. Split DNS waits for VPN at V2.	NET-003
NET-@airplane-mode	V2	build	S	Implement airplane-mode that drops radio Capabilities without tearing profiles		V2 laptop-day and desktop-essentials fill: radios off while connection profiles remain so Wi-Fi reconnects on restore. NET owns radio Capabilities; HW owns Bluetooth power. Needed before public alpha enthusiasts check the quick-settings tile.	NET-022
NET-@bench-netconn-throughput	V1	benchmark	M	Publish NetworkConnection throughput and latency against Linux sockets		GAP-0538 requires measured throughput and latency for the placement decision; §54 tracks throughput. Harness compares native NetworkConnection to Linux TCP on the same hardware and publishes only; no superiority claim. BEN owns the B-ID; NET owns this harness.	NET-004
NET-@decide-native-remote-shell	LATER	adr	S	Decide whether to ship a native typed remote shell after 1.0	EXTRA-020	EXTRA-020 later half: sshd via the personality is V1; a native typed remote shell is post-1.0. Options: keep sshd only; a Channel-based remote shell honouring capabilities; an SSH-compatible native daemon. §43 forbids making distribution a kernel concern; this adr stays in userspace.	NET-040
NET-@decide-native-tls	V1	adr	S	Decide the native TLS library and how it consumes the CA trust store		Critique missing requirement 19: native TLS consumes the SEC CA trust store. Options: rustls in the native runtime, OpenSSL linked into native Components, or kernel TLS offload. Personality TLS stays in LNX/WIN. Must precede native-tls. No POSIX sockets as the native API.	NET-005
NET-@decide-net-capability	V1	adr	M	Decide per-application network Capability granularity and inbound firewall	GAP-0293,INV-0203	V1 exit requires an accepted network capability-model ADR and that a Component without a network Capability cannot connect. Options: binary any/none; the GAP-0293 set (any, internet-only, local-network, specific hosts/ports, listen); flow-level per connection. Default-deny inbound is retained nftables, not a rewritten filter.	NET-006
NET-@decide-net-scope	V1	adr	S	Decide NET baseline-gap scope: preserved stack versus native objects		Synthesis: NET carries a Baseline gap header and its first adr defines scope. Options: preserve Linux TCP/IP, nftables and inherited drivers with native NetworkConnection plus SVC-hosted management; rewrite a userspace TCP stack; expose Linux sockets as the native API (rejected by §57). Must precede every V1 NET build. V0 cap forbids placing this adr in V0.	NET-007
NET-@decide-netconn-placement	V1	adr	S	Decide whether NetworkConnection wraps the kernel TCP/IP stack	GAP-0538,INV-0110	GAP-0538 and INV-0110: data path versus capability broker placement shapes firewall and VPN. Options: wrap retained TCP/IP directly; pass every byte through a userspace service; hybrid kernel data path with userspace policy. Cites spike-netconn-placement. Surface stays prototyped until V4.	NET-008
NET-@decide-smb-server	V3	adr	S	Decide whether 1.0 ships an SMB server and where it is hosted	GAP-0434	GAP-0434 pulled from V4 to V3 so a V4 implementation can land before feature freeze. Options: do not ship a server; Samba in the Linux personality; a native sharing service. STO owns SMB clients (reassigned GAP-0433).	NET-029
NET-@decide-wifi-supplicant	V1	adr	S	Decide the Wi-Fi supplicant: iwd, wpa_supplicant or native Rust	GAP-0291	GAP-0291 names the supplicant ADR; the choice is the security and maintenance surface for V1 laptop daily-driving. Options: iwd, wpa_supplicant, or a native Rust supplicant. Must precede wifi-station-personal. APP owns the shell picker UI.	NET-009
NET-@docs-net-programming	V1	docs	S	Write the native NetworkConnection programming model for SDK v1		V1 SDK v1 gate needs a native networking guide so developers never reach for sockets. Documents Capability rights, Operations, resolver use and TLS. SDK packages it; NET owns the model text.	NET-010
NET-@fuzz-netconn	V2	build	M	Fuzz NetworkConnection Connect, Accept, Send and Receive without panic		V3 gate: continuous syscall and IPC fuzzing with no known open crasher. NetworkConnection is a new L1 object and must have a harness before that gate. Runs in BLD nightly; NET owns the target.	NET-023
NET-@hcl-wifi-verify	1.0	build	S	Verify published HCL Wi-Fi claims on every Tier 1 machine for 1.0		1.0 definition: Tier 1 HCL lists Wi-Fi as working on at least ten named machines. Re-runs tier1-wifi-suite on the soak candidate and attaches results to the published HCL. REL publishes; NET owns pass/fail.	NET-038
NET-@hotspot-tethering	V3	build	M	Implement Wi-Fi hotspot and USB/Bluetooth tethering	GAP-0296	GAP-0296 hotspot and USB/Bluetooth tethering for public alpha. Bluetooth PAN depends on HW's V2 Bluetooth stack; USB tethering uses retained gadget/cdc. Listen/forward rights are network Capabilities.	NET-030
NET-@lock-net-l2	V4	build	S	Lock Layer 2 network management and resolver interface versions for 1.x		V4 exit: Layer 2 interface versions for 1.x are enumerated and locked with old-client/new-service tests. NET-owned L2 surfaces are netmgr, resolver, mDNS and VPN. NetworkConnection remains L1 and freezes with ABI, not here.	NET-035
NET-@mdns-dnssd	V2	build	M	Provide native mDNS/DNS-SD with Avahi and Bonjour personality compatibility	GAP-0435,GAP-0292	GAP-0435 plus the mDNS/DNS-SD clause of GAP-0292. Native .local and DNS-SD for printers, NAS and developer tooling; Avahi and Bonjour APIs exist only inside personalities. SVC hostname is an input.	NET-024
NET-@metered-mac-random	V3	build	M	Implement metered-connection flagging and MAC address randomisation	GAP-0296	GAP-0296 public-alpha laptop checks: metered flag for update/backup policy and per-network MAC randomisation. Native only; personalities observe the same flags via LNX GAP-0295.	NET-031
NET-@native-tls	V1	build	M	Implement native TLS on NetworkConnection using the system CA store		Critique missing requirement 19: native TLS consumes SEC's CA trust store with per-application pinning. Implements decide-native-tls so signed-repo fetch and native HTTPS do not go through POSIX sockets. Personality certificate stores stay in LNX/WIN.	NET-011
NET-@net-capability-broker	V1	build	L	Implement the network Capability broker and default-deny inbound firewall	INV-0110,INV-0203,GAP-0293	INV-0110 userspace broker above kernel TCP; INV-0203 no ambient network access; GAP-0293 default-deny inbound on retained nftables. A Component with no network Capability cannot open or listen; listen is an explicit right. Enforces decide-net-capability. SCH owns the ResourceDomain policy field this broker applies.	NET-012
NET-@net-cve-runbook	1.0	docs	S	Write the retained TCP/IP and Wi-Fi CVE triage runbook for 1.x support		1.0 support: inherited High/Critical CVEs ship within the CVE SLA. Maps tcp/ip, nftables, cfg80211 and supplicant CVEs onto NetworkConnection and netmgr exposure and names the regression tests to run.	NET-039
NET-@net-inspect-export	V1	build	S	Export link, route and network Capability state to os inspect		V1 daily-driving and the capability-denial demo need os inspect to show links, routes, NetworkConnection objects and held network Capabilities. OBS owns the inspect command; NET owns this data. Fills workstream observability of network objects.	NET-013
NET-@netconn-object	V1	build	L	Implement Object<NetworkConnection> over the retained TCP/IP stack	INV-0165,INV-0065	§7 Object<NetworkConnection> with Connect, Accept, Send and Receive Operations on the placement chosen by decide-netconn-placement. Preserves Linux TCP/IP as the mechanism; native software never sees sockets. Needed for V1 Ethernet/Wi-Fi through capabilities.	NET-014
NET-@netmgr-service	V1	build	L	Build the restartable network management service with connection profiles	GAP-0291,INV-0595	GAP-0291 connection profiles and INV-0595 restart/rebind: killing the network service re-establishes links or fails clients explicitly under SVC supervision. Hosted as an SVC service, not in-kernel. APP binds the shell picker to this interface. V1 daily-driving on desktop Ethernet and laptop Wi-Fi.	NET-015
NET-@network-namespace	V1	build	M	Expose network namespace isolation as a Capability-scoped primitive		Synthesis NET scope: network namespaces for ENV and LNX. V1 os env creates a NetworkNamespace isolating service ports without ambient network authority. NET provides the primitive; ENV INV-0659 consumes it. Retained kernel namespaces underneath, not a rewritten stack.	NET-016
NET-@nic-dma-recv	V2	build	L	Deliver NIC DMA receive directly into a MemoryObject	INV-0322	INV-0322 §17: NIC DMA lands in a MemoryObject for ownership transfer to decoder/GPU. Implements spike-nic-dma on retained drivers; MEM owns DMA-compatible properties and the NIC-to-decoder transfer. No native NIC driver rewrite.	NET-025
NET-@remote-sshd	V1	build	S	Provide sshd remote shell via the Linux personality with listen Capability	EXTRA-020	Critique item 20 / EXTRA-020: developers need remote shell at V1. sshd runs in the Linux personality; the host listen right is an explicit network Capability, never ambient. Native typed remote shell is a later adr.	NET-017
NET-@retained-net-inventory	V0.5	docs	S	Inventory retained TCP/IP, nftables and network drivers under native objects	INV-0023,INV-0024,INV-0065,INV-0129	Collapse NET retain-Linux items into one inventory listing TCP/IP, nftables, Ethernet and Wi-Fi drivers as the mechanism under native objects, feeding KRN's retained-mechanism list. V0 hardware is wired Ethernet only; Wi-Fi driver retention is recorded here and exercised at V1. KRN already runs networking kselftests, so NET does not add a second retain-regression task.	NET-001
NET-@smb-folder-share	V4	build	L	Ship folder sharing to Windows and macOS clients per the SMB-server decision	GAP-0434	Implements decide-smb-server if 1.0 ships sharing. Feature-freeze at V4 RC1 requires the server, if accepted, to exist here. Listen Capability is explicit. Dropped if the adr chooses not to ship.	NET-036
NET-@spike-netconn-placement	V0.5	spike	M	Prototype NetworkConnection wrap versus userspace broker with measurements		Critique requires an explicit V0 spike for every Layer 1 surface; Object<NetworkConnection> is a §7 kernel object. The report measures throughput and latency of wrapping retained TCP/IP versus a userspace broker so decide-netconn-placement (GAP-0538) is evidence-based. Does not freeze the surface.	NET-002
NET-@spike-nic-dma	V1	spike	M	Investigate NIC-to-MemoryObject DMA on retained drivers via AF_XDP	INV-0336	INV-0336: feasibility of NIC DMA into a MemoryObject on retained Linux drivers (AF_XDP/zero-copy receive) before the V2 deliverable. Report documents driver constraints for MEM's NIC-to-decoder path. Does not rewrite the NIC driver stack.	NET-018
NET-@split-dns	V2	build	S	Implement split DNS per interface and per VPN tunnel	GAP-0292	Remaining GAP-0292 clause: split DNS per interface or VPN so corporate resolvers do not leak to the public interface. Depends on vpn-tunnels and system-resolver.	NET-026
NET-@system-proxy	V3	build	M	Implement system proxy configuration applied to native and personality traffic	GAP-0296	GAP-0296 system proxy. Native TLS and resolver honour the proxy Capability; LNX GAP-0295 and WIN propagate the same settings. APP owns the settings panel.	NET-032
NET-@system-resolver	V1	build	M	Implement the system resolver with DNS-over-TLS, DNS-over-HTTPS and DNSSEC	GAP-0292,INV-1200	V1 gate: DNS works and must not leak plaintext when DoT/DoH is configured. DNSSEC validation is on by default for native resolution. mDNS/.local is stubbed until mdns-dnssd; split DNS per VPN is V2. SEC CA store is the trust root.	NET-019
NET-@tier1-wifi-suite	V4	build	M	Run the Tier 1 Wi-Fi hardware suite on every V4 release candidate		V4 hardware gate: every Tier 1 machine passes the full suite including Wi-Fi each RC. Turns V1/V2 connect, roam, suspend-restore and enterprise scenarios into a published per-machine matrix. LAB hosts the runs; NET owns the cases.	NET-037
NET-@v1-network-gate	V1	build	M	Verify the V1 network gate: Wi-Fi, DHCP, DNS and Capability denial	INV-1200,INV-0203	Gate-verifying task for V1-G Wi-Fi/DHCP/DNS and 'a component without a network capability cannot open a connection', plus Wi-Fi up after 200 suspend cycles on the Intel laptop. Permanent CI scenarios on qemu and hw-intel-laptop.	NET-020
NET-@vpn-tunnels	V2	build	L	Implement WireGuard tunnels and personality VPN clients as Capabilities	GAP-0294	GAP-0294: WireGuard is the native tunnel primitive; OpenVPN/IPsec/proprietary clients run in the Linux personality. Tunnels are Capabilities with per-app routing; APP owns the shell toggle. Always-on VPN must compose with decide-net-capability.	NET-027
NET-@wifi-enterprise-full	V2	build	L	Implement WPA2/WPA3 enterprise, captive portals and full roaming	INV-1218,GAP-0291	INV-1218 and remaining GAP-0291: enterprise EAP, captive-portal login, and roaming on Intel and AMD laptops for the V2 laptop-day demo (open lid, Wi-Fi reconnects). Personal WPA2/WPA3 already landed at V1.	NET-028
NET-@wifi-hardware-breadth	V3	build	M	Verify Wi-Fi on community hardware via inherited drivers and the HCL probe		V3 scope: Wi-Fi hardware breadth beyond target machines via inherited Linux drivers and the compatibility database. NET supplies connect/scan/DHCP scenarios the REL probe and HCL publish; HW owns chipset listing.	NET-033
NET-@wifi-station-personal	V1	build	L	Bring up WPA2/WPA3 personal Wi-Fi with hidden networks and roaming	GAP-0291,INV-1200,INV-0023	V1 exit: WPA2/WPA3 connects, roams between two access points, and survives suspend on the Intel laptop. Implements decide-wifi-supplicant with hidden-network and captive-portal detection. Enterprise EAP is INV-1218 at V2. Retained Wi-Fi drivers, not a native MAC stack.	NET-021
NET-@wired-8021x	V3	build	M	Implement wired 802.1X authentication on Ethernet profiles	GAP-0296	GAP-0296 wired 802.1X for office Ethernet at public alpha. Shares EAP machinery with wifi-enterprise-full but is a distinct link type in netmgr profiles.	NET-034
OBS-@ai-action-audit	V2	build	M	Log and inspect AI assistant action graphs and their Capability grants	INV-0827,INV-0829	V2 exit: the AI demo's full action graph is logged and revocable. Depends on SEM's semantic registry and broker tasks (§57 ordering); records into audit-log-store and appears in `os inspect` and `os trace`.	OBS-042
OBS-@audit-log-query	V2	build	M	Expose audit log queries via os inspect for Settings and the Permissions UI	GAP-0234	Typed query interface over audit-log-store consumed by `os inspect`, the Settings app (APP) and Permissions UI v1 (SEC).	OBS-043
OBS-@audit-log-store	V2	build	L	Build the tamper-evident size-bounded security audit log	GAP-0234	Records authentication failures, elevation grants, capability escalations, Secure Boot state changes and key enrolments as hash-chained, size-bounded records for incident response.	OBS-044
OBS-@bench-tracing-overhead	V0	benchmark	S	Measure tracing overhead enabled versus disabled on the IPC benchmark	GAP-0532	V0 benchmark gate: tracing overhead under 3% on the IPC benchmark; publishes the number against the ceiling set by decide-tracing-substrate.	OBS-001
OBS-@capability-audit-events	V0	build	M	Trace and inspect Capability grant, derivation, transfer and revocation	INV-0183,INV-0463,INV-0451	V0 isolation demo requires a typed denial visible in the audit log and `os inspect capability` showing holder, target, rights, derivation chain and revocation state. Live events only; the durable tamper-evident log is audit-log-store at V2.	OBS-002
OBS-@capability-gated-traces	V0.5	build	M	Require a Capability to read another Component traces	INV-0470	Tracing is security-aware: no ambient payload leak; reading another Component requires a Capability. OBS substrate; SEC policy cites this.	OBS-012
OBS-@capability-usage-history	V3	build	M	Record per-grant usage history for the Permissions UI audit view		V3 exit: a user can see for any application every grant and when it was used. Aggregates capability-audit-events into per-grant last-use records in audit-log-store.	OBS-048
OBS-@component-crash-capture	V1	build	L	Capture Component crashes with typed exit cause, async Task stacks and trace window		Implements decide-crash-capture-format: panic, stack-overflow and OOM-abort exit causes from the supervisor, logical Task stacks, held Capabilities and the flight-recorder window.	OBS-026
OBS-@compositor-frame-tracing	V0.5	build	M	Trace compositor frame timing, queueing and presentation events	INV-0755	V0.5 compositor frame-latency and input-to-photon benchmark gates need commit, queue and scanout events in the native trace; OBS owns the event schema, GFX emits them.	OBS-013
OBS-@computequeue-observability	V2	build	M	Trace and inspect ComputeQueue dispatches, latency and completions	INV-0455,INV-0699	V2 exit: `os inspect` shows the ComputeQueue for the ComputeDevice demo. INV-0455 moved from V0.5 because heterogeneous compute is out of scope before V2.	OBS-045
OBS-@crash-artifact-capture	V1	build	M	Capture kernel crash artifacts with symbolised Rust panic backtraces in CI and field	GAP-0151	pstore/kdump retained and wired so QEMU CI and reference hardware persist panics; KRN's watchdog and lockup detectors feed this path.	OBS-027
OBS-@crash-signature-dedup	V3	build	S	Define crash and panic signatures for symbolicated deduplication	GAP-0151	V3 exit: crash reports symbolicated and deduplicated within 24 hours; the stable signature over symbolised frames is part of the capture format, computed on device where symbols allow.	OBS-049
OBS-@debug-symbol-packaging	V1	build	M	Package build-id keyed debug symbols and a symbolication tool for every build	GAP-0151,GAP-0362	Produces debuginfo artifacts and a local symbolicator for stripped release builds; hosting the debuginfod-style server is REL's pipeline scope.	OBS-028
OBS-@decide-crash-capture-format	V1	adr	S	Decide the Component crash capture format		OBS scope names 'crash capture format'. Options: minidump-compatible, native typed record with async Task stacks, core-file plus sidecar. Consumers are the SDK debugger (V1 async task stacks) and INS crash-report client (V3).	OBS-029
OBS-@decide-journal-format	V1	adr	S	Decide the persistent journal record format and retention model	GAP-0290	Options: systemd-journal-compatible export format, native typed records over the trace schema, or plain structured text; sets retention, per-boot indexing and how personalities' logs are ingested.	OBS-030
OBS-@decide-trace-access-policy	V0.5	adr	S	Decide who may trace and inspect which Components		§24 requires tracing to be security-aware; the V0.5 file-chooser demo (Image Viewer cannot see other files) would be defeated by unrestricted tracing. Depends on the SEC threat model (V0). Options: ambient debug right per session, Capability<Trace> per ResourceDomain subtree, owner-only with elevation.	OBS-014
OBS-@decide-trace-export-format	V0.5	adr	S	Decide the trace event schema and export format	GAP-0533,INV-0473	Options: Perfetto/CTF-compatible, OpenTelemetry mapping, native binary. No V0 gate needs export (V0 only shows flow live); the V1 offline-export gate does, so this is the last rung it can sit in. GAP-0533 moved V0 to V0.5 for that reason.	OBS-015
OBS-@decide-tracing-substrate	V0	adr	S	Decide the tracing substrate and its measured overhead ceiling	GAP-0532,INV-0472	One decision: extend ftrace/tracepoints/eBPF, build a native per-Component structured ring, or layer a native semantic schema over eBPF. Sets the overhead ceiling that bench-tracing-overhead verifies. Depends on spike-tracing-substrates.	OBS-003
OBS-@docs-crash-data-inventory	V3	docs	S	Document every field in crash dumps, journal exports and telemetry for privacy review		V3 exit: crash reporting privacy review documented. OBS supplies the data inventory GOV's review and INS's consent screens depend on.	OBS-050
OBS-@docs-instrumentation-guide	V1	docs	S	Write the instrumentation guide for semantic events and inspect providers		SDK v1 ships at V1; third-party Components must know how to emit semantic events and register inspect providers so the inspect-review-gate is achievable outside the core team.	OBS-031
OBS-@flight-recorder-triggers	V1	build	M	Add an always-on flight recorder with trigger-based dumps on failure	INV-0462	Field debugging for daily-driving: low-overhead ring kept on within the overhead ceiling, dumped to the journal on Component crash, deadline miss or revocation storm; V3 crash reports attach the last trace window.	OBS-032
OBS-@frame-deadline-miss-metrics	V2	build	S	Derive per-display frame deadline-miss metrics across multi-monitor and VRR		V2 benchmark gate: compositor frame deadline misses under 0.1% at 60 Hz. Extends compositor-frame-tracing to multiple displays and variable refresh; BEN's harness reads these metrics.	OBS-046
OBS-@idl-tracing-metadata	V0	build	M	Generate tracing metadata from the IDL so every Channel call is observable by name	INV-0290	IDL codegen plugin emitting event ids, method names and message types; crosses into IPC codegen but the metadata schema is OBS-owned. Needed for the V0 demo trace to show Channel<Request> by name.	OBS-004
OBS-@inspect-app-graph	V0.5	build	M	Inspect an application's live component graph via os inspect	INV-0246	Depends on CMP component graphs (V0.5). Renders components, channels and capabilities of one application as a graph using inspect-interface-kernel relationship edges.	OBS-016
OBS-@inspect-component-task	V0	build	M	Expose Component and Task inspection data including the awaited Operation	INV-1263,INV-0447,INV-0448,INV-0383,INV-0459	Delivers the §64 example: name, state, memory, CPU %, held capabilities, tasks, owner TaskGroup and the Operation a suspended Task waits on.	OBS-005
OBS-@inspect-interface-kernel	V0	build	L	Build the typed kernel inspection interface for per-object metadata	INV-1264,INV-0457,INV-0458	V0 exit: `os inspect component|task|channel|capability|memory|resource` prints state, ownership and relationships for every live object. Enumeration per kind plus relationship edges; the CLI rendering is SDK's, the typed interface and data are OBS's.	OBS-006
OBS-@inspect-interface-versioning	V1	build	M	Define inspection and trace schemas as versioned Layer 2 interfaces		V1 freezes L2 evolution rules and ships SDK v1 tools that consume inspection data; the inspect and trace schemas must be IDL-defined versioned interfaces with the forward/backward test applied.	OBS-033
OBS-@inspect-kernel-object-kinds	V0	build	L	Expose Channel, Operation, MemoryObject and ResourceDomain inspection data	INV-0450,INV-0452,INV-0372,INV-0453,INV-0320,INV-0444,INV-0454,INV-0461,INV-0459	Remaining four of the six V0 inspect kinds: Channel endpoints, message type, queue depth and blocked parties; a uniform enumerable representation of outstanding Operations per Task, Component and ResourceDomain with deadline and latency; MemoryObject size, properties, owner and mappings; ResourceDomain budgets, consumption and members.	OBS-007
OBS-@inspect-review-gate	V0.5	build	S	Add the observability review gate requiring inspect and trace support per primitive	INV-0446,INV-1266,INV-0471,INV-1302	Enforces the cross-cutting invariants where they first matter: a CI check that every registered kernel object kind has an inspect provider and lifecycle events, plus a PR review checklist item. Covers four standing rules with one gate task.	OBS-017
OBS-@inspect-taskgroup-tree	V0.5	build	S	Expose the TaskGroup ownership tree with membership and cancellation state	INV-0397,INV-0449	TaskGroup is not one of the six V0 inspect kinds; critique defers it. Needed at V0.5 for supervising service restart and structured cancellation debugging.	OBS-018
OBS-@inspect-trace-interface-lock	V4	build	M	Lock inspection and trace interface versions for 1.x with evolution tests		V4 exit: Layer 2 interface versions enumerated and locked, old-client/new-service and new-client/old-service tests pass for every core interface; inspect and trace schemas are among them.	OBS-052
OBS-@inspect-userspace-providers	V0.5	build	M	Let platform services publish inspection data through the typed inspect interface		V0.5 exit requires the accessibility tree and compositor objects to be inspectable via `os inspect`; INV-1266 extends inspect support to platform primitives, so services need a provider registration path.	OBS-019
OBS-@journal-redaction-export	V1	build	M	Add privacy redaction and bug-report export to the journal	GAP-0290	Redaction rules per field class and a bug-report bundle (journal, inspect snapshot, flight-recorder dump) consumed by the INS crash-report client at V3.	OBS-034
OBS-@journal-store	V1	build	L	Build the persistent structured journal with retention and per-Component attribution	GAP-0290	Durable logs from previous boots distinct from the tracing pipeline; required for V1 daily-driving issue tracking and later crash reports.	OBS-035
OBS-@leak-detection-tests	V0.5	build	M	Assert zero leaked kernel objects after every integration test via the inspect interface	GAP-0133	Uses inspect-interface-kernel enumeration to assert no leaked Capabilities, MemoryObjects, Channels or Tasks after each integration test in CI.	OBS-020
OBS-@leak-soak-nightly	V1	build	M	Run nightly multi-hour soak with leak detection on reference hardware	GAP-0133	Second half of GAP-0133: multi-hour desktop soak on the reference machines with leak assertions, scheduled through the LAB soak calendar.	OBS-036
OBS-@lifecycle-events	V0	build	M	Emit lifecycle and ownership trace events for every V0 primitive	INV-1166,INV-0456,INV-0457,INV-0468,INV-0366	Creation, destruction and owner-change events for Component, Task, TaskGroup, Channel, Capability, Operation, MemoryObject and ResourceDomain; Operation submit events carry identity, submitter and parent span. Feeds `os trace` at V0.	OBS-008
OBS-@memory-transfer-history	V0.5	build	S	Record MemoryObject transfer history and property-change events	INV-0453,INV-0320	Transfer history and property-change tracing go beyond the V0 inspect minimum; first needed when the compositor and Image Viewer pass buffers across several Components.	OBS-021
OBS-@os-trace-daily	V1	build	L	Make os trace usable for daily performance and correctness debugging	INV-1209	V1 scope: debugging and tracing tools for daily-driving developers. Record, filter, aggregate, latency histograms, timeline view and live follow.	OBS-037
OBS-@os-trace-flow-sched	V0	build	L	Ship the os trace first cut showing IPC flow, scheduling delays and failures	INV-0464,INV-0465,INV-0460,INV-0461,INV-0462,INV-1209	V0 exit: `os trace` shows IPC flow and scheduling delays for the §59 demo. IPC flow graph between Components, wakeup-to-run per Task, Operation latency, run-queue wait and failure events (Operation errors, Component crashes, revocations).	OBS-009
OBS-@panic-tracking-fleet	V4	build	M	Attribute kernel panics per SystemGeneration and hardware for the beta fleet dashboard		V4 stability program names OBS: kernel panic rate below 1 per 1,000 machine-days. Panic reports carry generation, H-ID and signature so REL's dashboard can attribute regressions.	OBS-053
OBS-@personality-tracing	V1	build	L	Attribute Linux-personality processes and syscalls in os trace and os inspect		V1 daily-driving runs browser and IDE via the Linux personality; the L2 compatibility-overhead benchmark needs syscall-translation events attributed to the owning Component. Windows personality rides on this since Wine runs inside LNX.	OBS-038
OBS-@profiler-sampling-data	V1	build	L	Provide sampling profiles attributed to Task, Component and TaskGroup		Critique missing requirement 31 and V1 scope 'profiler': kernel sampling with attribution to Task and Component rather than threads, flame-graph aggregation by TaskGroup, exportable alongside traces. The profiler UI is SDK's.	OBS-039
OBS-@resource-throttling-events	V0.5	build	S	Emit ResourceDomain throttling and budget-exhaustion events	INV-0454	V0 exposes budgets and consumption; throttling events and kernel-object-limit exhaustion (critique missing req 2) are added once SCH enforces them on real applications.	OBS-022
OBS-@sched-latency-per-intent	V1	build	M	Expose wakeup-to-run latency histograms per Task and intent class	INV-0465,INV-0460	SCH intent classes complete at V1 (Realtime); the V1 audio round-trip gate needs scheduling delay attributed to intent class, not just per Task.	OBS-040
OBS-@soak-leak-hang-report	1.0	docs	S	Publish the 30-day soak leak and hang report for the release candidate		1.0 exit: 30-day release-candidate soak with zero open P0/P1. Runs leak-detection and hang-detection across the soak on the Tier 1 fleet and publishes the result.	OBS-055
OBS-@spike-tracing-substrates	V0	spike	M	Study eBPF, ftrace, Fuchsia tracing and Perfetto for the native tracing layer	INV-0476,INV-1145	Precedes decide-tracing-substrate; critique requires the spikes informing V0 decisions to be explicit V0 tasks. Report compares overhead, in-kernel filtering safety, semantic-event fit and what retained Linux tooling (perf, bpftrace) can still provide.	OBS-010
OBS-@telemetry-local-metrics	V3	build	M	Record crash-free session and kernel panic metrics locally for opt-in telemetry		V3 exit: alpha telemetry from 500 machines with crash-free session rate. OBS defines and records the on-device counters; consent client is INS, intake and dashboards are REL.	OBS-051
OBS-@trace-access-capability	V0.5	build	M	Gate tracing and inspection behind Capabilities with payload redaction	INV-0470	Implements decide-trace-access-policy: trace and inspect requests carry a Capability, message payloads are redacted unless the holder has rights on the Channel, and trace buffers are charged to the requester's ResourceDomain.	OBS-024
OBS-@trace-export-offline	V1	build	M	Export os trace sessions in the decided format for offline viewing	INV-0473,GAP-0533	V1 exit: `os trace` exports a session that can be viewed offline. Implements decide-trace-export-format including the schema registry external tools use to decode events.	OBS-041
OBS-@trace-filter-dynamic	V0.5	build	M	Enable and disable tracing at runtime per primitive, Component and ResourceDomain	INV-0469	Critique moves per-domain dynamic enable out of V0; V0.5 multi-application desktop is where selective tracing first matters. Includes in-kernel filtering so disabled scopes pay near zero.	OBS-025
OBS-@trace-interface-stability-doc	1.0	docs	S	Publish the 1.x stability statement for inspection and trace interfaces		1.0 exit: Layer 2 supported interface versions listed in a published compatibility document with deprecation policy; covers the inspect and trace interfaces.	OBS-056
OBS-@trace-ring-core	V0	build	L	Implement the structured semantic trace ring with runtime global enable	INV-0467,INV-0468,INV-0471	V0 exit requires `os trace` for the demo; typed-field records named in primitive terms (Channel send, Operation complete), never free-form strings or raw kernel internals. Depends on decide-tracing-substrate.	OBS-011
OBS-@wait-graph-hang-detection	V2	build	M	Detect hung Tasks and wait cycles from waiting-on relationships and dump them		V2 exit demands zero P0/P1 on the 40-scenario desktop script; hangs are the hardest class. Uses the waiting-on Operation data (INV-0383) to detect cycles and deadline overruns and emit a failure event with a wait-graph snapshot.	OBS-047
PKG-@advisory-matching-client	V3	build	M	Match installed SystemGenerations against advisories and surface fixing generations	GAP-0353	V3 security response process; REL publishes advisories, PKG matches locally.	PKG-081
PKG-@atomic-generation-commit-test	V3	build	M	Add the power-cut fault-injection test for atomic SystemGeneration commit	INV-0560	V3 updater auto-rollback and the 1.0 power-cut demo require that an interrupted update leaves either N or a complete N+1.	PKG-082
PKG-@bench-generation-rollback-time	V0.5	benchmark	S	Benchmark SystemGeneration rollback time		V0.5 benchmark gate: rollback time measured and published; re-cited by V3 and V4 gates.	PKG-001
PKG-@bench-generation-switch-time	V0.5	benchmark	S	Benchmark SystemGeneration switch time		V0.5 benchmark gate: generation switch time measured and published.	PKG-002
PKG-@bench-package-install-time	V0.5	benchmark	S	Benchmark Package install time on the 20-Package corpus		V0.5 benchmark gate: package install time measured and published; B-ID registered by BEN.	PKG-003
PKG-@bench-package-set-restore-time	V2	benchmark	S	Benchmark Package-set restore time	INV-0586	V2 benchmark gate: snapshot creation and restore time measured and published; STO owns snapshot creation.	PKG-068
PKG-@bench-store-dedup-ratio	V0.5	benchmark	S	Benchmark store deduplication ratio on the 20-Package corpus	INV-0547,INV-0512	V0.5 benchmark gate: store deduplication ratio measured and published.	PKG-004
PKG-@decide-app-state-restore-scope	V2	adr	S	Decide whether application-state restore is a 1.0 goal or non-goal	GAP-0544,INV-0587	Depends on spike-app-state-restore; §31 ambition must be settled before V4 feature freeze.	PKG-069
PKG-@decide-content-hash	V0.5	adr	S	Decide the content hash algorithm and chunking strategy for the store	GAP-0526,INV-0514,INV-0540	Hash identity appears in Package identifiers and signatures and cannot change later; depends on spike-store-dedup-measurement.	PKG-005
PKG-@decide-dependency-resolution	V0.5	adr	S	Decide dependency resolution semantics and lockfile location	INV-0549	Exact content-hash pins vs version ranges resolved at install time; §53 forbids launch-time resolution so this must be settled before the install path is built.	PKG-006
PKG-@decide-dependency-security-updates	V1	adr	S	Decide how security fixes reach a library pinned by many Packages	INV-0550	Rebuild and republish dependents vs grafting/substitution vs runtime relinking, without global mutation; needed before REL's first CVE response.	PKG-046
PKG-@decide-generation-boundary	V0.5	adr	S	Decide what is excluded from a SystemGeneration and how mutable state is separated	INV-0565	Answers the §30 question (user data, ApplicationData, logs, caches) so rollback never touches user data; prerequisite for generation-compose and the 1.0 rollback guarantee.	PKG-007
PKG-@decide-generation-materialisation	V0.5	adr	S	Decide how a SystemGeneration is materialised on disk	INV-0564	V0.5 exit requires the generation switching mechanism ADR; options: profile tree over the store, filesystem snapshot per generation, verified image per generation. Depends on STO filesystem adr.	PKG-008
PKG-@decide-immutable-packages	V0.5	adr	S	Decide that Package mutation is replaced by immutable Packages and SystemGenerations	INV-0077,INV-0526,INV-0041,INV-0043,INV-0553,INV-1298	§2 ADR; records the immutability invariants (no in-place mutation, no shared-filesystem writes, versioned generations) as the standing rule the immutability gate enforces.	PKG-009
PKG-@decide-lgpl-relinking	V0.5	adr	S	Decide how immutable Packages preserve LGPL relinking rights	GAP-0019	LGPL §6 substitution must survive content-addressed packaging (dynamic linking as separate objects vs shipped object files, and how a user substitutes a modified library object in a local generation); coordinated with GOV licensing policy.	PKG-010
PKG-@decide-manifest-schema	V0.5	adr	S	Decide the Package manifest schema shape and its Layer 2 evolution rules	INV-0527,INV-0233	V0.5 exit requires an accepted package manifest schema ADR; critique flags the schema as a hard-to-change Layer 2 decision depending on the SEC authority-source adr and grant taxonomy.	PKG-011
PKG-@decide-package-format	V0.5	adr	S	Decide the on-disk and on-wire Package format and its relation to the store	INV-0539	Content-addressed tree with manifest vs single signed archive; must be decided before the first immutable install.	PKG-012
PKG-@decide-per-package-dependencies	V0.5	adr	S	Decide that global dependency installation is replaced by per-Package dependency objects	INV-0078,INV-0544,INV-0546	§2 ADR deciding content-identity dependency references and the no-global-conflict invariant.	PKG-013
PKG-@decide-personality-packaging	V1	adr	S	Decide how Linux and Windows compatibility applications are packaged immutably	INV-0541	OCI images, Flatpak-like bundles and Wine prefixes must satisfy the no-mutation rule; V1 L2 corpus needs OCI and Flatpak.	PKG-047
PKG-@decide-reboot-free-switch	V2	adr	S	Decide whether SystemGeneration switches may apply without reboot	GAP-0244	kexec vs userspace-only live switch vs reboot-only; constrains BOOT lockdown and PCR policy and the V2 update UX promise.	PKG-070
PKG-@decide-restorable-state-classes	V1	adr	S	Decide which state classes are restorable at each milestone and in scope for 1.0	INV-0587	§31 long-term ambition must be scoped before V2 restore UI work; precedes restore-package-set and selective restore.	PKG-048
PKG-@decide-running-app-update	V1	adr	S	Decide running-application behaviour when its Package is replaced by a new generation	EXTRA-017	Critique missing requirement 17; options: old objects stay mapped until exit, restart prompt, deferred activation.	PKG-049
PKG-@decide-selective-restore	V2	adr	S	Decide selective restore semantics and how partial restore avoids inconsistency	INV-0589	Restore only apps or only OS must not produce unbootable or mismatched combinations.	PKG-071
PKG-@decide-store-layout	V0.5	adr	S	Decide the content-addressed store layout for Packages and SystemGenerations	GAP-0525,INV-0516	Persistent on-disk format shared by packages, generations and dev environments; V0.5 exit requires an accepted content-addressing scheme ADR. Options: Nix-style store paths, OSTree-style object repository, casync-like chunk store.	PKG-014
PKG-@decide-verified-once-trust	V1	adr	S	Decide the verified-once launch trust mechanism	INV-0639	Cached verification of mapped package objects needs a written mechanism before V1 signed activation. verification-cache implements hash caching; system-store-verity is STO's generation verity chain. Options: dm-verity-style block verification, signed content-store index, or per-launch hash of a small manifest.	PKG-050
PKG-@delta-object-transfer	V3	build	M	Implement delta object transfer for repository updates		V3 scope: updater with delta updates; store-level chunk or object diff fetch used by INS updater.	PKG-083
PKG-@dependent-rebuild-pipeline	V1	build	L	Implement the pinned-dependency fix propagation chosen by the security-updates adr	INV-0550	V1 signed repository delivers updates; a fixed library must reach every dependent package through the store.	PKG-051
PKG-@ecosystem-package-count	V2	build	S	Track and publish counts of native and personality Packages in the repository	INV-1108	§56.5 ecosystem metric; package kind metadata in the manifest, publication with REL.	PKG-072
PKG-@generation-boot-rollback-test	V0.5	build	M	Add the automated boot-menu test restoring previous kernel, compositor and Packages	INV-0568,INV-1186,INV-0560	V0.5 exit criterion and demo: install a package, roll back at the boot menu, package gone and previous state intact.	PKG-015
PKG-@generation-compose	V0.5	build	L	Compose SystemGeneration N+1 as a content-addressed tree sharing objects with N	INV-0560,INV-0522,INV-0516,INV-0043	§30 update creates a new generation and leaves N intact and bootable; new generation costs only its changed objects. INS image builder consumes this.	PKG-016
PKG-@generation-excluded-state	V0.5	build	M	Separate ApplicationData, logs and caches from the immutable SystemGeneration tree	INV-0565	Implements decide-generation-boundary so rollback never touches user data; with STO.	PKG-017
PKG-@generation-format-migration	V4	build	M	Implement store and generation format migration for V3 to V4 upgrades with rollback		V4 exit: 100 V3 installs upgraded through the update channel with rollback to V3 possible.	PKG-089
PKG-@generation-health-state	V2	build	M	Implement SystemGeneration health states so a failed boot auto-selects the previous one		V2 exit: fault-injected broken update automatically boots the previous generation on all three machines; BOOT boot counter and SVC boot-success reporting feed the state machine.	PKG-073
PKG-@generation-kernel-pin	V0.5	build	M	Pin the kernel image and modules in a SystemGeneration with BOOT selection	INV-0555	§30; selecting a previous generation at boot must restore the previous kernel (V0.5 exit). BOOT owns the bootloader entry format.	PKG-018
PKG-@generation-management-interface	V2	build	M	Expose a typed SystemGeneration management interface for settings and rollback UI		V2 exit: restore a previous generation from the settings UI; INS rollback UX (INV-1226, reassigned) and APP settings consume this interface.	PKG-074
PKG-@generation-object	V0.5	build	M	Define SystemGeneration as the platform object naming one bootable configuration	INV-0056,INV-0554	§30 fundamental abstraction; content-addressed tree with reserved signing fields.	PKG-019
PKG-@generation-retention-gc	V1	build	M	Implement SystemGeneration garbage collection with user-controlled retention	INV-0566	§30; daily-driving at V1 accumulates generations.	PKG-052
PKG-@generation-switch-cli	V0.5	build	M	Build `os generation list|switch|previous` setting the next-boot default	INV-0568,INV-1186	§60 simple system generations: create, list, boot previous.	PKG-020
PKG-@generation-userspace-pins	V0.5	build	M	Pin shell, compositor, system services and installed Packages in a SystemGeneration	INV-0556,INV-0557,INV-0558,INV-0559	§30 generation contents; consumed by SVC native init to start the pinned services.	PKG-021
PKG-@history-event-types-v1	V1	build	S	Record driver update and environment events in history	INV-0577	V1 exit: `os history` lists generation, package and environment events; HW firmware update service and ENV emit through the PKG log.	PKG-053
PKG-@history-log	V0.5	build	M	Implement the durable typed history event log for system state changes	INV-0571	§31 all state changes recorded as explicit typed events.	PKG-022
PKG-@history-package-events	V0.5	build	S	Record Package install, update and OS update events in history	INV-0573,INV-0574,INV-0576	§31 event catalogue for V0.5.	PKG-023
PKG-@immutability-gate	V0.5	build	S	Add the CI gate proving store and generation trees are never mutated in place	INV-1298,INV-0043,INV-0553,INV-0526	Enforcing task for Principle 7 and the §30 invariants: writes into the store or active generation fail with a typed error; lint forbids mutable paths in PKG code.	PKG-024
PKG-@install-make-available	V0.5	build	L	Implement install as make-available into the store and next SystemGeneration	INV-0533,INV-1183,INV-0041	§28 install semantics: fetch objects, register in the current or next generation, expose the launcher entry; V0.5 exit criterion.	PKG-025
PKG-@install-path-threat-model	V1	docs	S	Write the install and update path threat model citing the threat register		V1 risk: signed repository and trust roots are security-critical; SEC owns the system threat model, PKG contributes the supply-chain section.	PKG-054
PKG-@install-signature-verification	V1	build	M	Verify Package signatures against trust roots before activation and reject tampering	INV-0630,GAP-0323,INV-0540	V1 exit: tampered package rejected (tested); fills the reserved signing fields and extends the verification cache to signatures.	PKG-055
PKG-@manifest-dependencies	V0.5	build	S	Implement manifest Dependencies as content-addressed Package references	INV-0532,INV-0544	§29 dependencies referenced by content identity, never by mutable global name lookup.	PKG-026
PKG-@manifest-handler-declarations	V1	build	S	Declare handled content types and URL schemes in the Package manifest		Manifest side of the default-application registry (GAP-0280, reassigned to SVC); V1 daily-driving needs file and link opening to route through capabilities.	PKG-056
PKG-@manifest-lint	V0.5	build	S	Build the Package manifest validator and CI lint	INV-0536,INV-1182	Rejects manifests that request persistent services without an explicit capability grant (§21) and enforces schema validity for the four V0.5 apps.	PKG-027
PKG-@manifest-optional-capabilities	V2	build	M	Distinguish optional from required RequestedCapabilities and support degraded launch	INV-0531	V2 exit: capability requests denied at install while the application still launches in degraded mode where it declares optional capabilities.	PKG-075
PKG-@manifest-requested-capabilities	V0.5	build	M	Implement RequestedCapabilities in the manifest and launcher-time initial grant	INV-0531,INV-0212	§9.1 small initial capability set granted at start; drives SEC install-time review; depends on the SEC grant-taxonomy adr.	PKG-028
PKG-@manifest-reserve-signing-fields	V0.5	build	S	Reserve signature, signer and trust-policy fields in Package and generation manifests	EXTRA-067,GAP-0323	Critique ordering fix: fields reserved before the first immutable install so V1 signing is not a breaking format migration.	PKG-029
PKG-@manifest-resources-packagedata	V0.5	build	M	Implement Package Resources and read-only PackageData access	INV-0529,INV-0483	§25 PackageData storage object exposing bundled assets and localisation data read-only to the owning components.	PKG-030
PKG-@manifest-schema-core	V0.5	build	M	Implement the Package manifest schema with identity, version, Components and Interfaces	INV-0527,INV-1182,INV-0055,INV-0528,INV-0233,INV-0530	§28 Package definition; describes multi-component graphs with entry points, code objects, per-component capability requirements, connections and exposed typed interfaces.	PKG-031
PKG-@manifest-schema-lock	V4	build	S	Lock Package and generation manifest schema versions for 1.x with evolution tests	INV-0527	V4 exit: Layer 2 interface versions enumerated and locked with old/new evolution tests.	PKG-090
PKG-@manifest-semantic-interfaces	V1	build	S	Declare exposed semantic interfaces in the manifest Interfaces section	INV-0801,INV-0530	§42 semantic interface v0 for Terminal and Editor at V1; SEM registry consumes the declarations.	PKG-057
PKG-@multi-version-dependency-binding	V0.5	build	M	Bind each Package to its own dependency versions so multiple library versions coexist	INV-0545,INV-0546,INV-0544	§29 App A → Library 1.4, App B → Library 2.1 with no global conflict state.	PKG-032
PKG-@object-package-capability	V0.5	build	M	Define Object<Package> and Capability<Package> rights including a distinct install right	INV-0171,INV-0243	§7 kernel object model; install authority is a separate right so a test proves ImageDecoder and the other V0.5 apps hold no package installation authority. Coordinated with ABI and CAP.	PKG-033
PKG-@oci-layers-as-packages	V1	build	L	Import OCI images and Flatpak bundles into the store as immutable Packages	INV-0541	V1 L2 corpus requires an OCI container runtime and Flatpak; LNX owns the runtime, PKG owns storing layers as content-addressed objects.	PKG-058
PKG-@os-history-cli	V1	build	M	Build `os history` listing generation, Package and environment events	INV-0571	V1 exit: system history v1.	PKG-059
PKG-@os-package-cli-v0	V0.5	build	M	Build `os package install|remove|list` for local Package files	INV-0533,INV-0542	V0.5 scope: packages installed from local files; the four apps and the demo need it.	PKG-034
PKG-@os-restore-generation	V1	build	M	Build `os restore` to a previous SystemGeneration verified after a simulated bad update	INV-0579	V1 exit: restores kernel, packages and system configuration; CI test after a simulated bad update.	PKG-060
PKG-@package-builder-tool	V0.5	build	M	Build `os package build` producing deterministic content-addressed Packages	INV-0055,INV-0514	Needed to produce the four V0.5 application packages; two builds of identical content yield the same identity.	PKG-035
PKG-@package-corpus	V0.5	build	M	Assemble the 20-Package benchmark corpus from native apps and dependencies		V0.5 benchmark gate measures install time and dedup ratio on a corpus of 20 packages.	PKG-036
PKG-@package-format-reference	V1	docs	S	Write the Package format and manifest reference for SDK v1		SDK v1 ships at V1 and developers must package applications; DOC generates IDL docs but the format reference is PKG-authored.	PKG-061
PKG-@package-load-map	V0.5	build	M	Precompute the Package load map so Components map objects without launch-time lookup	INV-0999,INV-1013,INV-0628,INV-1009,INV-1011,INV-0629	§53 native startup path: resolution at build/install time, direct mapping of known objects; includes a trace-based test that launch performs no path lookup or dependency resolution. CMP performs the mapping.	PKG-037
PKG-@package-manager-update-query	V1	build	M	Build `os package update|query` creating a new SystemGeneration per update	INV-1201,INV-0560	§61 native package manager; update transactions land in generation N+1.	PKG-062
PKG-@package-object-store-schema	V0.5	build	L	Store Packages, binaries, assets and dependencies as deduplicated content-addressed objects	INV-0518,INV-0519,INV-0520,INV-0521,INV-0547,INV-0514	§27 object model over the STO content store; PKG owns the tree and manifest encoding, STO owns the storage substrate.	PKG-038
PKG-@package-publish-tool	V3	build	M	Build `os package publish` for third-party submission to the public repository		V3 exit: third-party developer publishes a native package from the SDK; REL owns review and signing service.	PKG-084
PKG-@packaging-guide	V3	docs	S	Write the public packaging guide for native and personality applications		V3 exit: public SDK guide reviewed; strangers must package and publish unaided.	PKG-085
PKG-@personality-runtime-pinning	V2	build	M	Pin personality runtime versions per application via Package multi-version	INV-0545	Critique missing requirement 30: multiple Wine/Proton builds coexist and are pinned per application; WIN surfaces it in UI.	PKG-076
PKG-@precompiled-artefacts	V1	build	M	Support content-addressed precompiled artefacts in Packages	INV-0633	§34 prelinked images, precompiled shaders and AOT Wasm stored as objects; WASM and GFX produce them.	PKG-063
PKG-@repository-client	V1	build	L	Build the repository client fetching Package objects and metadata from signed repositories	INV-1201	V1 exit: an update delivered from the repository creates a new generation; REL owns the repository server and signing.	PKG-064
PKG-@reproducible-package-identity-ci	V1	build	S	Add the two-builder identical Package identity CI check	INV-0514	V1 self-hosting exit requires bit-for-bit image reproducibility across two machines; BLD owns build reproducibility, PKG checks identity equality.	PKG-065
PKG-@restore-configuration	V3	build	M	Implement restore of system and application configuration from history	INV-0582	§31; 1.0 requires `os restore` to cover configuration.	PKG-086
PKG-@restore-package-set	V2	build	M	Implement restore of installed application set and Package versions from history	INV-0580,INV-0581,INV-0586	V2 exit: restore a previous package set from the UI relying on content-addressed sharing, not duplicate images.	PKG-077
PKG-@revocation-enforcement	V3	build	S	Refuse activation of revoked Packages and flag affected SystemGenerations		V3 exit: revocation drill; client must honour revocation lists from REL.	PKG-087
PKG-@rollback-guarantee-verification	1.0	build	M	Verify the update and rollback guarantee on every Tier 1 machine		1.0 exit: N ≥ 3 generations bootable, rollback preserves user data, fault-injected failure returns automatically, `os history` and `os restore` cover OS, packages and configuration; with INS and BOOT.	PKG-091
PKG-@running-app-update-behaviour	V1	build	M	Implement running-app update behaviour and the no-mixed-version-tree test	EXTRA-017	V1 update channel means packages are replaced under running components; test that no running Component observes a mixed-version tree.	PKG-066
PKG-@selective-restore	V2	build	M	Implement selective restore with consistency checks	INV-0589,INV-0586	V2 snapshots and rollback UI exposes partial restore; depends on decide-selective-restore.	PKG-078
PKG-@shared-verified-pages	V0.5	build	M	Share already-verified pages of identical objects across launches and applications	INV-1014,INV-0634	§34/§53 deduplicated dependency objects loaded once; physical-page identity test across two applications. Depends on MEM file mapping.	PKG-039
PKG-@spike-app-state-restore	V2	spike	M	Prototype application-state restore via checkpointing and cooperative state interfaces	GAP-0544	Evidence needed before scoping app-state restore in or out of 1.0.	PKG-079
PKG-@spike-store-dedup-measurement	V0.5	spike	M	Measure dedup ratio, update size and hash throughput on a realistic package set	GAP-0525,GAP-0526	GAP-0525 requires measuring dedup ratio and update size before choosing the store layout; GAP-0526 needs sha256 vs BLAKE3 and whole-object vs content-defined chunking numbers. Runs on Linux package corpora so it needs nothing from V0 native surfaces.	PKG-040
PKG-@store-object-gc	V1	build	M	Implement unreferenced store object collection safe for running Components	INV-0542,INV-0566	Objects no longer referenced by any generation or mapped component are reclaimed; complements generation retention.	PKG-067
PKG-@store-verify-repair	V3	build	M	Build `os store verify` and repair for corrupted generations in recovery		V3 exit: recovery environment restores a system whose current generation is corrupted; INS owns the recovery environment.	PKG-088
PKG-@study-nix-ostree-store	V0.5	spike	M	Study Nix, OSTree and casync stores, generations and rollback for PKG design	INV-1140	§58 research study that informs every V0.5 PKG adr (store layout, hash, materialisation); non-gating in V0, must precede the V0.5 decisions.	PKG-041
PKG-@test-conflicting-library-versions	V0.5	build	S	Add the two-application conflicting-library test with dedup verified by store size	INV-0548,INV-0547,INV-0545	V0.5 exit criterion: both run, share no mutable state, identical content deduplicated.	PKG-042
PKG-@uninstall-next-generation	V0.5	build	M	Implement uninstall as removal from the next SystemGeneration without deleting shared content	INV-0542	§28/§30; content referenced by other generations or packages must survive.	PKG-043
PKG-@verification-cache	V0.5	build	M	Verify Package content once and cache the result keyed by object identity	INV-0630	§34 verify once, cache aggressively; hash verification at V0.5, extended to signatures by install-signature-verification at V1.	PKG-044
PKG-@verified-once-launch	V0.5	adr	S	Decide verified-once launch trust for cached package objects	INV-0639	dm-verity-style, signed content-store index, or per-launch manifest hash. Must precede V0.5 immutable package mapping.	PKG-045
PKG-@wine-prefix-packaging	V2	build	M	Package Wine prefixes as immutable base layers with ApplicationData overlays	INV-0541	V2 Windows personality W1 gates; prefix mutation must land in ApplicationData, never in the package.	PKG-080
PWR-@attribute-energy-domains	V2	build	M	Attribute energy use to ResourceDomain for Settings		APP GAP-0312 requires per-application energy attribution that only ResourceDomain accounting can give (§23 energy policy). PWR maps RAPL/powercap samples onto domains so Settings can list them. SCH owns budgets; this task is the meter.	PWR-016
PWR-@bench-energy-intel	V1	benchmark	M	Publish idle power draw and battery runtime on the Intel laptop		V1 benchmark gate: idle power draw and battery runtime on the Intel laptop measured and published beside mainline Linux, no superiority claim. Runs B-031 under the V0.5 energy method; BEN owns the register.	PWR-006
PWR-@bench-energy-v3	V3	benchmark	S	Publish idle and mixed-workload energy on V3 laptops		V3 benchmark gate: energy and battery runtime re-measured on the laptops and published (B-031). Also required for the V3 rule that every §54 item has a public number on at least one Tier 1 machine.	PWR-025
PWR-@bench-energy-v4	V4	benchmark	S	Publish idle and mixed-workload energy on every Tier 1 laptop		V4 benchmark gate: idle and mixed-workload battery runtime published for every Tier 1 laptop beside mainline Linux on the same machine (B-031). Regression versus V3 per the register.	PWR-027
PWR-@bench-suspend-latency	V2	benchmark	S	Publish suspend and resume latency on both laptops		V2 benchmark gate: suspend and resume latency measured and published (B-030) from the cycle harness, beside mainline Linux and Windows on the same laptop where dual-boot exists.	PWR-017
PWR-@decide-hibernate-policy	V1	adr	S	Decide hibernation policy for 1.0		Synthesis PWR includes hibernation policy; V2 lists hibernate as optional. Decision must precede V2 implementation. Options: no hibernate in 1.0; suspend-then-hibernate after idle; full hibernate with encrypted image. SEC GAP-0201 owns disk-key eviction; STO owns swap/hibernate layout.	PWR-007
PWR-@decide-power-service-model	V0.5	adr	S	Decide the Layer 2 power service model over retained ACPI		Workstreams.md PWR scope (suspend/resume, battery, thermal, DPMS, frequency via Scheduling intent) needs a Decision before V1 implementation. Options: userspace Power Component over retained Linux ACPI; native kernel Object<Power> as Layer 1; logind-shaped native API (reject under §57). Must record that ACPI is preserved, not rewritten.	PWR-001
PWR-@decide-suspend-state	V0.5	adr	S	Decide the suspend state for V1 reference machines		V1 exit requires 200 of 200 suspend cycles on the Intel laptop and 100 of 100 on the AMD desktop. Options: s2idle only; S3 only; s2idle default with per-machine S3 fallback. Depends on spike-laptop-power-paths; hibernation is a later adr.	PWR-002
PWR-@declare-l2-candidates	V1	build	S	Declare Layer 2 power Interface freeze candidates		Ladder: Layer 2 evolution rules freeze at V1 with SDK v1; versions lock at V4. Names Power, Battery, DisplayPower, InhibitIdle and InhibitSuspend as freeze candidates citing the V0.5 spike and adr. ABI owns the surfaces register entry.	PWR-008
PWR-@enable-platform-pm	V1	build	M	Enable platform idle and frequency power management on reference machines	INV-1206,GAP-0313	Workstreams.md: frequency via Scheduling intent (§22). V1 B-031 idle-power gate needs retained Linux runtime PM, ASPM, NVMe APST and cpufreq/EPP modes that honour SCH hints, not a rewritten governor. SCH owns hint mapping; PWR enables and constrains the platform.	PWR-009
PWR-@implement-battery-reporting	V1	build	M	Implement Battery reporting for the Intel laptop	INV-1220	V1 scope: battery reporting on the Intel laptop (§61). Typed Battery Interface: charge fraction, rate, AC/DC, remaining-time estimate from platform data. APP owns the indicator; this task is the service.	PWR-010
PWR-@implement-brightness	V2	build	M	Implement display brightness policy including ambient-light option		V2 scope lists brightness. Critique item 36 (sensors: ambient-light auto-brightness) is in-or-out per HW; this task implements the brightness Interface and optional ALS path if HW leaves the class in. APP owns the slider.	PWR-018
PWR-@implement-charge-profiles	V2	build	M	Implement charge thresholds and power profiles	INV-1220	V2 scope: batteries and power-profile policy. Charge start/stop thresholds, low-battery actions (notify, dim, suspend), and performance/balanced/power-saver profiles mapped onto ResourceDomain energy policy that PWR reads as frequency and idle ceilings. APP GAP-0312 is the Settings UX.	PWR-019
PWR-@implement-display-power	V1	build	M	Implement display power management tied to idle, lock and lid	EXTRA-021	Critique item 21 / EXTRA-021: DPMS, panel self-refresh, idle dim and off tied to idle, lock and lid state at V1. Consumes Session idle/lock from SEC and lid events from HW; GFX retains KMS. Full lid-close-to-suspend policy is V2.	PWR-011
PWR-@implement-hibernate	V2	build	M	Deliver the accepted hibernation policy on V2 laptops		V2 scope: hibernate optional. Implements the V1 hibernation Decision: either a tested suspend-then-hibernate/full-hibernate path on both laptops, or inspectable unsupported status with no hibernation image in use.	PWR-020
PWR-@implement-inhibit-caps	V1	build	M	Implement InhibitIdle and InhibitSuspend Capabilities	GAP-0285	Incoming reassign GAP-0285: idle and sleep inhibition as Capability<InhibitIdle> and Capability<InhibitSuspend> granted per app, listed by inspect, replacing ambient D-Bus inhibitors for native software. LNX owns UPower/logind shims; APP owns shell visibility of the list this Interface exports.	PWR-012
PWR-@implement-lid-dock-power	V2	build	M	Implement lid, dock and external-display power behaviour		Synthesis: lid/dock/external-display power behaviour. V2 laptop-day demo: open lid, close lid, resume; external display at a different scale. Policy: blank versus suspend on lid with and without external displays; dock undock. LAB automates the events.	PWR-021
PWR-@implement-power-service	V1	build	M	Implement the Power Component with suspend and shutdown Operations		V1 scope and §61 require power management as a native service. Implements the accepted Layer 2 Power Component: suspend, resume, shutdown and reboot as Operations, restartable under SVC, called by SVC shutdown sequencing. Native software never sees logind.	PWR-013
PWR-@implement-suspend-resume	V1	build	L	Implement suspend and resume cycle gates on laptop and desktop	INV-1207,INV-1221	V1 exit: suspend/resume succeeds in 200 of 200 automated cycles on the Intel laptop and 100 of 100 on the AMD desktop, with Wi-Fi, display and audio functional afterwards. Owns the RTC-wake cycle harness, wake-source policy (lid, power button, RTC; USB wake off by default) and post-resume checks that MEM and TSK hook.	PWR-014
PWR-@implement-thermal-policy	V2	build	M	Implement thermal policy with capacity-loss signal to ResourceDomain	GAP-0313	V2 scope: laptops thermal. Synthesis PWR owns thermal management. Trip points, cooling and a capacity-loss signal that SCH-@thermal-intent-coordination consumes so Background and Throughput shrink first. HW owns thermal-zone drivers and function keys.	PWR-022
PWR-@inspect-power-state	V1	build	S	Expose battery, thermal, inhibit and suspend state through inspect		V1 daily-driving and the suspend/battery gates are unverifiable without inspectable power state. PWR supplies the data OBS renders via os inspect: Battery, inhibitors, suspend state, wake sources and governor. SDK owns the command surface.	PWR-015
PWR-@prove-battery-estimate	V2	build	M	Prove battery estimate accuracy against measured runtime		V2 exit: battery estimate within the register tolerance of measured runtime on both laptops. Calibrates remaining-time against B-031 discharge runs and fails CI when estimate error exceeds the gate.	PWR-023
PWR-@publish-energy-stable	1.0	benchmark	S	Publish energy numbers versus Linux and Windows on 1.0		1.0 exit: every §54 metric published for every Tier 1 machine against Linux and Windows where dual-boot exists; energy gate is idle and mixed-workload battery runtime (B-031) with no superiority claim without the table.	PWR-029
PWR-@run-v2-suspend-cycles	V2	build	M	Run the V2 suspend cycle gate on both laptops	INV-1221	V2 exit: 500 automated suspend/resume cycles per laptop with the milestone success rate and full function after. Extends the V1 harness onto the AMD laptop and both Intel and AMD lid/dock paths; LAB owns the physical rig.	PWR-024
PWR-@soak-suspend-hcl	1.0	build	S	Prove Tier 1 suspend on the 1.0 soak and HCL		1.0 definition and HCL: every listed Tier 1 feature works, including suspend and resume. Confirms the soak fleet has no open P0/P1 suspend defects and that HCL entries name the verified suspend path.	PWR-030
PWR-@spike-energy-method	V0.5	spike	M	Prototype the energy measurement method against Linux on the Intel laptop		Critique: the V1 battery gate needs the energy methodology and power meters at V0.5. Synthesis gives PWR energy measurement methodology with BEN; this spike defines meter placement, idle and mixed workloads, and comparison-image rules before B-031 is published. LAB owns meter procurement.	PWR-003
PWR-@spike-laptop-power-paths	V0.5	spike	M	Probe suspend, battery, thermal and frequency paths on reference machines		Critique ordering: laptop procurement and PWR bring-up must be V0.5 so the V1 Intel-laptop suspend and battery gates are not a cliff. Report s2idle versus S3, cpufreq drivers, battery and thermal sysfs, and lid/power-button events on the Intel laptop and AMD desktop without gating V0.5.	PWR-004
PWR-@spike-power-interfaces	V0.5	spike	M	Prototype Layer 2 Power, Battery and inhibit Interface shapes		Freeze discipline: explore Layer 2 power Interfaces before V1 freeze candidates; no Layer 1 freeze before V4 and PWR has a V0 cap of zero. Prototypes Power, Battery, DisplayPower, InhibitIdle and InhibitSuspend over Channels so the service-model adr is not a paper decision.	PWR-005
PWR-@verify-power-tier1-v3	V3	build	M	Verify suspend, battery and thermal on V3 Tier 1 machines		V3 hardware scope adds an NVIDIA desktop and one extra laptop per vendor. Re-runs the suspend harness, battery reporting, thermal policy and lid/dock paths on every new Tier 1 machine so energy republish is not on unproven suspend.	PWR-026
PWR-@verify-power-tier1-v4	V4	build	M	Verify the suspend cycle gate on every V4 Tier 1 machine		V4 exit: every Tier 1 machine (at least ten named) passes the hardware test suite including suspend/resume at the milestone cycle count and success rate each RC.	PWR-028
REL-@adr-prebuilt-policy	V3	adr	S	Decide whether the repository accepts publisher prebuilts or rebuilds every Package	GAP-0329	Release-engineering and channel integrity Decision before public third-party packages.	REL-016
REL-@automate-qualification	V3	build	M	Automate release qualification as a CI checklist	GAP-0148	Mechanical gate: milestone gates green, reproducibility, Tier 1 hardware, no unexplained benchmark regressions, upgrade and rollback chains. Implements decide-release-readiness.	REL-017
REL-@bench-crash-free-rate	1.0	benchmark	S	Publish crash-free-session and boot-success rates per channel	GAP-0367	1.0 stability gate: crash-free-session and boot-success rates that stable-channel generations must meet. Targets and method live in the benchmark register; this publishes the soak measurement.	REL-062
REL-@bench-cve-response	V3	benchmark	S	Publish inherited-CVE time-to-generation measurements	GAP-0054	V3 security-response gate requires inherited High/Critical CVE latency measured and published. Target lives in the benchmark register (BEN); this harness records time from disclosure to a shipped generation.	REL-018
REL-@build-artifact-pipeline	V3	build	L	Build once, sign and promote identical release artifacts	GAP-0147	Generation images, installer media, repository and SDK must be signed once and promoted through channels without rebuild, or testing that justified promotion is void. BLD produces; REL signs and publishes.	REL-019
REL-@build-download-site	V3	build	M	Build a download site with signatures and verification instructions	GAP-0376	Public alpha begins with a verifiable download: signature files, checksums and mirror or torrent distribution consistent with decide-distribution.	REL-020
REL-@build-publisher-pipeline	V3	build	L	Build the publisher submission, review and signing pipeline	GAP-0335,GAP-0460	V3 public repository must gate submissions: identity enrolment, manifest and Capability lint, malware and license scan, reproducibility check, human review and appeal. SDK publish tool is PKG; REL is the service.	REL-021
REL-@build-trust-store	V2	build	M	Deliver a rotatable trust store inside SystemGenerations	GAP-0324	A leaked release key must be replaceable with a normal update before public alpha enrolls devices. Lands in generations composed by PKG.	REL-010
REL-@collect-compat-reports	V3	build	M	Collect opt-in Personality compatibility reports	GAP-0366	V3 community compatibility reports into the public database: app identity, Personality version, result, workarounds. Extends publish-compat-corpus with user submissions.	REL-022
REL-@crash-dedup-dashboard	V3	build	M	Build crash deduplication, grouping and a triage dashboard	GAP-0364	V3 exit: reports appear in the tracker within a bounded window, linked to SystemGenerations and task IDs. Completes the REL end-to-end pipeline.	REL-023
REL-@decide-distribution	V3	adr	S	Decide origin, CDN and volunteer-mirror topology	GAP-0332,GAP-0397	Public alpha volume exceeds a single origin. Records the 1.0 nongoal of a project-owned global mirror network: CDN plus verified volunteer mirrors, with health checks that cannot tamper signed metadata.	REL-024
REL-@decide-hardware-tiers	V2	adr	S	Define hardware support tiers as the HCL unit	GAP-0145	§62 constrains target hardware; V2's three machines seed Tier 1. The HCL unit must exist before the V3 community database. HW owns probes; REL owns the published tier schema.	REL-011
REL-@decide-publisher-identity	V3	adr	S	Decide publisher identity and Package naming	GAP-0328,GAP-0462	A public repository without namespace ownership, key attestation and a name-squatting rule cannot stop impersonation. Trademark policy remains GOV; this ADR fixes the operational identity scheme.	REL-025
REL-@decide-rel-nongoals	V3	adr	S	Declare fleet-management and paid-app non-goals for 1.0	GAP-0396,GAP-0467	Collapse REL 1.0 nongoals into one ADR before the public repository: no MDM/fleet provisioning (SEC already scopes out directory join) and no paid applications or payouts. Options are defer versus build a store commerce stack.	REL-026
REL-@decide-release-readiness	V3	adr	S	Define release-readiness gates and freeze policy	GAP-0378	V3 public releases need blocker definition, go/no-go roles and per-channel freeze rules so qualification is not renegotiated under time pressure. Feeds automate-qualification.	REL-027
REL-@decide-release-versioning	V0.5	adr	S	Decide release, SystemGeneration and channel versioning	GAP-0061,GAP-0344	Packages and generations need one public vocabulary before the first immutable install; ABI/SDK keep Layer evolution rules. Options include generation counters plus channel names versus semver for every artifact. Earliest dependents are V0.5 PKG manifests and the V1 signed repository.	REL-001
REL-@decide-repo-curation	V3	adr	S	Define repository curation and free versus non-free channels	GAP-0076	V3 ADR for repository review and revocation; Steam and proprietary drivers need an explicit non-free channel with consent. Options include full human review versus automated scan plus audit.	REL-028
REL-@decide-repo-retention	V3	adr	S	Decide repository retention of past generations	GAP-0334	Rollback and restore promises are only honest if referenced objects remain downloadable. Bounds the 1.0 N-previous-generations guarantee and PKG garbage collection.	REL-029
REL-@decide-repository-model	V2	adr	S	Decide the repository model and source trust display	GAP-0461,GAP-0329	Curated store versus open repository versus third-party repos and sideloading shapes Package identity, signing and the permissions UI before third parties publish at V3. V2 store client needs the trust-level display contract.	REL-012
REL-@decide-signing-hierarchy	V0.5	adr	S	Decide the signing key hierarchy and custody model	GAP-0322	Every update, rollback and later Secure Boot chain rests on an offline root, per-channel intermediates and publisher keys; the shape must be fixed before V1 devices enroll trust. Options include HSM-backed threshold root versus software-held root with delayed HSM.	REL-002
REL-@decide-signing-scheme	V1	adr	S	Decide Package and SystemGeneration signing scheme	GAP-0542	V1 exit requires a signed repository and trust-root ADR; pulled from V2 so the scheme exists before the first signed artifacts. Options include a simple signed index now with TUF roles at V3 versus TUF from the first channel.	REL-003
REL-@decide-support-lifecycle	V4	adr	S	Decide release cadence, LTS window and support lifecycle	GAP-0062,GAP-0345	V4 support-policy drafts: time-based versus feature-based cadence, LTS window, which layers receive backports, security-only phase and EOL communication. The 1.0 support promise is this ADR accepted.	REL-053
REL-@decide-transparency-log	V3	adr	S	Decide whether releases use a transparency log	GAP-0325	Binary transparency is the defence against a compromised pipeline shipping targeted builds; decide Sigstore/Rekor-style logging and client inclusion proofs before the public repo hardens. Operate the log at V4.	REL-030
REL-@decide-update-channels	V1	adr	S	Define update channels and promotion criteria	GAP-0338	V1 daily-driving needs a nightly channel and a written path to testing and later stable/LTS, including soak and who may promote. V3 channel-policy ADR is this decision landed early.	REL-004
REL-@define-infra-as-code	V3	build	M	Define release infrastructure as code with a status page	GAP-0392	Repository or CDN outages block updates for the installed base. Records whether REL infrastructure itself must run on JakeOS (V3/V4, not V2 per critique CI-on-self ordering).	REL-031
REL-@define-key-custody	V3	docs	S	Define root signing key ceremony, quorum and rotation	GAP-0045	Production keys for public alpha need ceremony, HSM storage, signing quorum, rotation, revocation and named governance roles. Implements decide-signing-hierarchy for the public root.	REL-032
REL-@drill-key-rotation	V4	build	M	Execute a signing-key rotation drill on the testing channel		V4 exit: signing-key rotation drill on testing without breaking updates, using the generation trust store. Verifies operate-signing-keys and build-trust-store.	REL-054
REL-@drill-third-party-publish	V3	build	S	Rehearse third-party submit, review, sign, publish and revoke		V3 exit: a third-party submission is reviewed, signed, published and revoked in a drill, and packages from outside the core team are in the repository. Verifies the publisher pipeline and emergency pull.	REL-033
REL-@exercise-advisory-process	V3	build	S	Exercise the security-response process with public postmortems		V3 exit: process exercised via at least two real or simulated advisories with public postmortems. Verifies publish-disclosure-policy, the advisory feed and embargo handling.	REL-034
REL-@expose-repo-metadata-api	V2	build	M	Expose a repository search and metadata API	GAP-0336	V2 native-repository gate: the store client shows declared Capabilities, publisher, SBOM and compatibility before install. APP consumes this API.	REL-013
REL-@fleet-stability-dashboard	V4	build	M	Publish fleet crash-free and panic-rate dashboards		V4 fleet gate and demo: opt-in machines, crash-free session rate and kernel panic rate published. Extends operate-telemetry-intake and crash-dedup-dashboard; targets live in BEN.	REL-055
REL-@generate-release-notes	V2	build	S	Generate release notes from tasks and generation diffs	GAP-0379	Desktop-preview users need hardware-facing changelogs; the task repository and generation diff already hold the facts. Reused for V3 alphas and the 1.0 notes task.	REL-014
REL-@hardware-probe-tool	V3	build	M	Ship a hardware probe that produces anonymized fingerprints for the HCL	GAP-0369	Feeds the compatibility database and HCL. REL owns publication; SDK may wrap the CLI.	REL-035
REL-@implement-dev-channels	V1	build	M	Implement nightly and testing update channels		V1 scope is a signed remote repository and the first update channel for daily-driving developers; implements decide-update-channels for nightly and testing only. Stable waits for V4.	REL-005
REL-@implement-emergency-pull	V3	build	M	Implement emergency generation and Package withdrawal	GAP-0340,GAP-0466	Security response must withdraw a published generation or malicious Package without violating anti-rollback, mark affected generations, and coordinate third-party disclosure. PKG-@revocation-enforcement is the client.	REL-036
REL-@implement-staged-rollouts	V4	build	L	Implement staged rollouts with automatic halt on crash rate	GAP-0339	A bad kernel or compositor generation must stop before the whole installed base. Halt thresholds cite the fleet telemetry B-IDs, not prose numbers.	REL-056
REL-@implement-tuf-metadata	V3	build	M	Implement TUF-style repository metadata roles	GAP-0331	Signed Packages alone do not stop replay of an old valid generation. Root/targets/snapshot/timestamp roles make stale and mix-and-match metadata detectable by clients.	REL-037
REL-@ingest-kernel-cves	V1	build	M	Automate CVE ingestion against the forked kernel tree	GAP-0126	§56.4 makes inherited-CVE response a permanent cost; REL opens tracked tasks with policy deadlines while KRN owns backport. Required as soon as the fork is daily-driven.	REL-006
REL-@intake-crash-pipeline	V3	build	L	Build the crash-report intake pipeline from Component state	GAP-0361	Moved from V2: V2 scope-out lists the crash pipeline, and the V3 gate requires symbolicated, deduplicated reports. Critique TEL split: OBS captures, INS consents, REL intakes structured Component, TaskGroup, Capability graph and trace context. Symbol server remains BLD/OBS.	REL-038
REL-@join-embargo-lists	V3	docs	S	Join pre-disclosure lists and name embargo holders	GAP-0355	Without linux-distros and vendor programs the fork learns of kernel and GPU/browser issues at the same time as attackers. Names who may hold embargoed information.	REL-039
REL-@launch-stable-1-0	1.0	build	M	Sign and launch the 1.0 stable channel with the final HCL		1.0 scope: final signing, stable channel launch and final HCL publication for Tier 1 and community Tier 2 with a promotion path. Reuses operate-stable-channel and publish-hcl.	REL-063
REL-@maintain-sbat-numbers	V3	build	M	Maintain SBAT generation numbers and run shim-review if chosen	GAP-0180	If BOOT chooses shim (GAP-0021/0179), REL runs shim-review and maintains SBAT numbers so compromised bootloader or kernel builds revoke without dbx churn. No-op path if shim is rejected.	REL-040
REL-@meet-cve-sla	1.0	build	S	Publish trailing inherited-CVE response against the SLA		1.0 support commitment: trailing inherited High/Critical CVE response meets the published SLA for the required fraction, distribution published. Uses bench-cve-response and register-cve-sla.	REL-064
REL-@operate-dev-signed-repo	V1	build	L	Operate a signed developer repository that rejects tampering		V1 exit: packages are content-addressed, signed, verified before activation; a tampered package is rejected and a repository update creates a new SystemGeneration. Implements decide-signing-scheme with development keys.	REL-007
REL-@operate-signing-keys	V3	build	L	Operate HSM-backed signing for kernel, generations and Packages	GAP-0181,INV-1243	§63 secure signing: offline root, HSM intermediates for bootloader, kernel, SystemGenerations, Packages and repository metadata, with documented rotation and a compromise runbook.	REL-041
REL-@operate-stable-channel	V4	build	M	Operate the stable channel and LTS branch infrastructure		V4 REL scope: stable channel infrastructure and LTS branch policy implementation from decide-support-lifecycle and decide-update-channels.	REL-057
REL-@operate-telemetry-intake	V3	build	M	Operate opt-in telemetry intake for crash-free and boot rates		V3 gate: opt-in telemetry from the alpha fleet with crash-free session rate measured and published. Depends on GOV policy (GAP-0360/0320); REL stores only consented schema and feeds staged rollouts.	REL-042
REL-@operate-transparency-log	V4	build	M	Operate a public transparency log for signing actions	GAP-0083	Beta users need independently auditable evidence that signing keys were not misused. Implements decide-transparency-log; clients verify inclusion proofs on the stable path.	REL-058
REL-@promote-alpha-releases	V3	build	M	Promote consecutive alpha SystemGenerations through channels		V3 updater gate: consecutive alpha releases delivered through the update channel using build-artifact-pipeline promotion without rebuild.	REL-043
REL-@publish-1-0-notes	1.0	docs	S	Publish 1.0 release notes and the V3/V4 migration guide		1.0 scope: release notes and migration guide from V3/V4 installs. Generated from generate-release-notes plus a written migration path; no performance claims without BEN links.	REL-065
REL-@publish-advisory-feed	V3	build	M	Publish machine-readable security advisories and a feed	GAP-0351	OSV and CSAF/VEX so the updater and third-party scanners can match exposure. PKG-@advisory-matching-client consumes the feed.	REL-044
REL-@publish-appstream-catalog	V3	build	S	Publish AppStream catalogue metadata for the repository	GAP-0464	Linux-personality software centres and offline media must consume the repository without a second catalogue. Mirrorable alongside the native metadata API.	REL-045
REL-@publish-compat-corpus	V2	build	M	Publish a versioned application compatibility corpus	GAP-0451	V2 L3/W1 gates need a public per-generation pass/fail corpus fed by CI. LNX/WIN own scenarios; REL publishes the product database.	REL-015
REL-@publish-corresponding-src	V3	build	M	Publish corresponding source beside every binary generation	GAP-0013,GAP-0374	Critique LIC fold: corresponding-source publication is REL. GPLv2 §3 begins at the first public binary; map commits, patches, scripts and toolchain beside the channel and from os history.	REL-046
REL-@publish-disclosure-policy	V3	docs	S	Publish vulnerability disclosure policy and signed advisory format	GAP-0239,INV-1249,GAP-0046,GAP-0350	§56.4/§63 public security response: contact, embargo, signed advisories covering kernel fork, bootloader, Personalities and the package repository. SEC owns CNA/SECURITY.md; REL owns the operational policy for distributed artifacts.	REL-047
REL-@publish-hcl	V3	build	M	Publish the hardware compatibility database with community reports	INV-1241,GAP-0369	§63 and V3 exit: HCL with Tier 1 plus community submissions. HW owns probe tools (GAP-0146/0470); REL publishes and accepts reports under decide-hardware-tiers.	REL-048
REL-@publish-notices-bundle	V3	build	S	Publish the third-party notices bundle for every generation		workstreams.md REL scope includes the notices bundle; critique LIC fold sends publication to REL. INS GAP-0014 is the About UI that displays the bundle REL ships.	REL-049
REL-@publish-public-repo	V3	build	L	Publish a public Package repository with integrity verification	INV-1242	§63 and V3 exit: public repository with mirrors and integrity verification. Implements decide-distribution; clients verify TUF metadata and signatures.	REL-050
REL-@publish-sbom-provenance	V3	build	M	Publish SBOM and signed provenance for every release artifact	GAP-0095	BLD generates SBOMs (GAP-0352); REL publishes signed SLSA-style provenance covering vendored crates, inherited Linux sources and firmware blobs for the public supply chain.	REL-051
REL-@qualify-v3-v4-upgrades	V4	build	M	Qualify in-place V3 to V4 upgrades through the update channel		V4 exit: community V3 installs upgrade with user data preserved and rollback to V3 possible. REL promotes the artifacts; INS/PKG apply generations.	REL-059
REL-@register-cve-sla	V4	docs	S	Set published security-response targets per stable release	GAP-0354	1.0 is judged on patch latency; the target is a register entry, not a number in this task. V4 support-policy drafts include the CVE SLA that 1.0 then meets.	REL-060
REL-@rehearse-incident-runbooks	V3	docs	M	Write and rehearse supply-chain incident runbooks	GAP-0357	Compromised signing keys, build infrastructure or repository hosts need rehearsed recovery, not improvisation while users are exposed. Complements operate-signing-keys.	REL-052
REL-@run-prerelease-testing	V4	build	M	Run organized pre-release testing of installer, updater and rollback	GAP-0398	Structured community rounds with published cases for installer, updater, rollback and Personalities catch hardware the lab matrix misses before each stable.	REL-061
REL-@soak-release-candidate	1.0	build	M	Soak the 1.0 release candidate on Tier 1 and the beta fleet		1.0 exit: release-candidate soak on the full Tier 1 fleet and beta fleet with no open P0/P1. REL owns the soak channel and go/no-go against decide-release-readiness.	REL-066
REL-@specify-repo-protocol	V1	docs	M	Specify the repository wire protocol and metadata format	GAP-0330	PKG-@repository-client cannot be built without a content-addressed, chunk-fetchable, statically mirrorable server contract. §27 content addressing is the integrity model.	REL-008
REL-@spike-delta-updates	V1	spike	M	Measure delta versus full SystemGeneration update sizes	GAP-0543	Pulled from V2 so the delivery choice precedes INS chunk-level deltas and V3 delta-update gates. Measures on the PKG store format; does not restate a size target.	REL-009
REL-@test-stable-upgrade-paths	1.0	build	M	Define and CI-test supported upgrade paths between stables	GAP-0346	1.0 users must reach later 1.x without reinstall. N to N+1 and skip-version paths run in CI on real generation histories, honouring decide-repo-retention.	REL-067
SCH-@bench-audio-callback-jitter	V1	benchmark	M	Benchmark audio-callback jitter under LowLatency and Realtime intent	INV-0407	Harness with a periodic audio-like callback under mixed load publishing jitter and missed-period counts per intent class beside PipeWire on Linux; complements AUD's round-trip latency gate at V1 and is reused by irq-affinity-lowlatency.	SCH-028
SCH-@bench-compile-while-typing	V1	benchmark	M	Benchmark Interactive latency while a Throughput build runs	INV-0410	Compile-while-typing harness: full parallel kernel build under Throughput intent while measuring keystroke-to-render latency of the editor; published beside Linux nice on the same machine and part of the V1 self-hosting story.	SCH-029
SCH-@bench-domain-enforcement	V0	benchmark	M	Benchmark ResourceDomain enforcement accuracy and per-domain overhead	INV-1163	Harness that creates a domain with CPU and memory budgets, attaches Components, and publishes share accuracy under contention, budget hit behaviour, creation cost and per-domain overhead on QEMU and the reference desktop. Verifies the V0 ResourceDomain exit criterion and supplies the overhead number the substrate adr cites.	SCH-001
SCH-@bench-intent-wakeup-latency	V0.5	benchmark	M	Benchmark wakeup latency per intent class under contention		§54 tracks latency and the V0.5 frame-time p99 gate depends on Interactive/Deadline behaviour; harness publishes wakeup latency p50/p99 for each class against a Background and Throughput flood, beside Linux nice/SCHED_FIFO on the same machine. Re-run by every later 'no regression >10%' gate.	SCH-013
SCH-@bench-mixed-workload-interference	V2	benchmark	M	Benchmark Interactive and Deadline latency under a scripted mixed desktop workload		V2 gate: compositor frame deadline misses under a scripted mixed desktop workload below 0.1% at 60 Hz. Harness runs build, indexing, sync and a game concurrently and publishes per-intent latency and deadline-miss rates on all three target machines beside Linux.	SCH-044
SCH-@budget-exhaustion-handling	V0.5	build	L	Implement budget exhaustion handling and owner notification per ResourceDomain	INV-0442	Implements the chosen exhaustion policy for memory, CPU and object limits, with typed errors, throttling and an owner-visible event Channel so SVC supervision can restart or shrink a misbehaving service; fault-injection tests per budget kind.	SCH-014
SCH-@compositor-intent-vblank	V0.5	build	M	Run the compositor under Deadline intent aligned to display vblank	INV-0408	With GFX: compositor frame Task declares a per-vblank Deadline and Interactive default; verified against the V0.5 zero-dropped-frames idle capture and commit-to-scanout latency benchmark.	SCH-015
SCH-@decide-budget-exhaustion	V0.5	adr	S	Decide behaviour on ResourceDomain budget exhaustion and owner reporting	INV-0442	Answers the §23 question: memory reclaim, throttling, typed Operation failure, or Component termination per budget kind, and how the owner is notified. Needed before packages and system services run under real budgets in V0.5.	SCH-016
SCH-@decide-domain-hierarchy	V0	adr	S	Decide hierarchical versus flat ResourceDomains and budget delegation via Capability	INV-0435	One decision: nested budgets with parent enforcement versus a flat set, and how budgets are delegated and attenuated through Capability<ResourceDomain>. Shapes the V0 kernel object and must precede domain-kernel-object.	SCH-002
SCH-@decide-domain-substrate	V0	adr	S	Decide ResourceDomain over cgroup v2 controllers versus native accounting	GAP-0531,INV-0424,INV-0994,INV-0436	One decision: cgroup v2 as internal implementation detail (Phase C) versus native accounting, with measured per-domain overhead from the enforcement benchmark. Records the standing rules that accounting is native and applied to every Component and Task and that cgroup configuration is never a semantic step for native software.	SCH-003
SCH-@decide-intent-inheritance	V0.5	adr	S	Decide intent and priority inheritance across Channel handoff	INV-0422	Answers the §22 question of how a LowLatency client calling a shared service avoids queueing behind Background work: per-request intent propagation, receiver-side boosting, or dedicated service Tasks. Must precede the V0.5 compositor and service restart work.	SCH-017
SCH-@decide-intent-mapping	V0	adr	S	Decide how intents map onto Linux scheduler mechanisms versus a native class	INV-0419,INV-0398,INV-0124	One decision, fed by spike-intent-routes: express intents through EEVDF nice/latency-nice, SCHED_DEADLINE, FIFO/RR, uclamp and cgroup cpu controllers, or introduce a native class. Records the invariant that the native interface expresses intent not numeric priority and the Phase A rule that the Linux scheduler is retained with intent layered on top. Surface state stays prototyped; nothing L1 freezes in V0.	SCH-004
SCH-@decide-sch-l1-surfaces	V1	adr	S	Decide which ResourceDomain and intent surfaces are Layer 1 freeze candidates		Critique: L1 surfaces are prototyped through V0, freeze candidates at V1 with SDK v1, frozen at V4. One decision: which domain and intent operations sit in Layer 1 versus the Layer 2 policy-profile schema, recorded as S-entries.	SCH-030
SCH-@direct-schedule-paths	V0	build	L	Make Operation completion wake the awaiting Task and schedule TaskGroups directly	INV-0358,INV-1000	Completion of an Operation makes the awaiting Task runnable with no polling or extra wakeup syscall, and a new Component's TaskGroup is enqueued directly with no process bootstrap (§53 isolation step 5). Both are on the V0 §59 demo path and feed the component-creation and IPC benchmark gates.	SCH-005
SCH-@domain-accounting-export	V0.5	build	M	Export per-ResourceDomain usage and scheduling-delay data for inspection		V0 exit needs `os inspect resource` first cut; the critique moves broader observability to V0.5. Provides typed per-domain CPU, memory, object-count and wakeup-delay data over a Channel for OBS `os inspect`/`os trace` and the later shell resource view.	SCH-018
SCH-@domain-cpu-policy	V0	build	M	Enforce ResourceDomain CPU policy: share, quota, allowed cores	INV-0238,INV-0426	V0 exit criterion: a 25% CPU share enforced within ±5% under contention over 10 s. Implements share, quota and allowed-core set on the substrate chosen by decide-domain-substrate; the intent field of the CPU policy is filled by intent-core-classes.	SCH-006
SCH-@domain-delegation	V0.5	build	M	Implement ResourceDomain delegation and attenuation through Capability	INV-0435	Implements decide-domain-hierarchy: a holder of Capability<ResourceDomain> derives child domains whose budgets are attenuated and enforced against the parent. Needed for the launcher to place each V0.5 app in its own domain and later for `os env`.	SCH-019
SCH-@domain-energy-policy	V2	build	M	Add ResourceDomain energy policy influencing frequency and core selection	INV-0432	Domain-level energy policy (performance, balanced, efficient) that PWR reads for frequency governors and that biases core selection; V2 laptops gate on battery estimate and mixed-workload runtime.	SCH-045
SCH-@domain-gpu-budget	V1	build	L	Add ResourceDomain GPU budget enforced through graphics and compute queues	INV-0428	GPU time share and GPU memory budget per domain enforced via the DRM scheduler and MemoryObject charging; V1 GPU acceleration for Linux browser and IDE makes GPU contention real.	SCH-031
SCH-@domain-io-budget	V1	build	M	Add ResourceDomain I/O budget for bandwidth and IOPS of storage Operations	INV-0429	Per-domain bandwidth and IOPS limits on the io controller or native accounting per the substrate adr; needed so `os env` builds and indexing cannot saturate the disk during daily driving.	SCH-032
SCH-@domain-kernel-object	V0	build	L	Implement ResourceDomain as a Capability-referenced kernel object	INV-0053,INV-0425,INV-0996,INV-0227,INV-0368,INV-1319	Creates the fundamental accounting object in one kernel operation (§53 isolation step 1), referenced only by Capability<ResourceDomain>; every Component is a member and every Operation is attributed to its domain for CPU, I/O and memory accounting. Exposes per-domain counters and scheduling-delay tracepoints for the V0 `os inspect resource` and `os trace` gate.	SCH-007
SCH-@domain-latency-policy	V0.5	build	M	Add ResourceDomain latency policy setting default intent and deadlines	INV-0433	Latency policy on the domain supplies default intent and deadline parameters to member Tasks so applications rarely set per-Task intent; used by packaged domain profiles.	SCH-020
SCH-@domain-memory-budget	V0	build	M	Enforce the ResourceDomain memory budget for member Components	INV-0237,INV-0427	V0 exit criterion: a Component in a domain with a 64 MiB budget cannot exceed it. Charging covers anonymous memory and MemoryObjects owned by the domain; over-budget allocation returns a typed error until the V0.5 exhaustion adr refines the behaviour.	SCH-008
SCH-@domain-network-policy	V1	build	M	Add ResourceDomain network policy applied to network Capabilities	INV-0430	With NET: allowed connectivity and bandwidth on the domain, enforced when a network Capability is exercised; V1 exit requires that a Component without a network capability cannot connect and `os env` gets network namespaces.	SCH-033
SCH-@domain-object-limits	V0	build	M	Bound kernel-object consumption per ResourceDomain with typed exhaustion errors	EXTRA-002	Pids-controller equivalent for handles, Tasks, Channels, MemoryObjects and outstanding Operations so a runaway Component cannot exhaust kernel memory; needed for the V0 100,000-component leak test to be meaningful and for the V0 fault demo.	SCH-009
SCH-@domain-profile-schema	V0.5	build	M	Define typed ResourceDomain policy profiles for packages and services		V0.5 packages declare requested capabilities and SVC supervises services; profiles give each package or service a declared domain budget, intent and latency policy so restarts (compositor crash-rebind gate) recreate identical domains. Layer 2 schema, versioned, not frozen.	SCH-021
SCH-@domain-replaces-sched-config	V0.5	build	M	Replace nice, chrt and cpuset tuning with ResourceDomain policy in the SDK	INV-0440	SDK exposes only intent and domain policy; no nice/chrt/cpuset entry points in native crates. Native apps and services (the four V0.5 apps, compositor) declare policy through their domain.	SCH-022
SCH-@domain-storage-quota	V1	build	M	Add ResourceDomain storage quota over the domain's persistent objects	INV-0431	With STO: quota accounting over content-store and user objects owned by the domain, surfaced as typed errors; required before third-party packages and environments consume disk in V1.	SCH-034
SCH-@domain-subsumes-cgroups	V0.5	build	L	Make ResourceDomain subsume cgroup isolation and accounting for native software	INV-0437	Native components, packages and services never touch cgroupfs; domain creation drives controllers internally (or native accounting per the adr). Filesystem-diff test proves no native path writes cgroupfs; required before native init and SVC supervision at V0.5.	SCH-023
SCH-@energy-efficient-sync	V2	build	M	Run battery-powered sync tasks under EnergyEfficient intent	INV-0412	Sync and background network work on battery prefers efficient cores and low frequency; measured within the V2 mixed-workload battery runtime gate on both laptops.	SCH-046
SCH-@energy-policy-tier1-tuning	V4	build	M	Tune EnergyEfficient intent and energy policy on every Tier 1 laptop		V4 gate publishes idle and mixed-workload battery runtime for every Tier 1 laptop beside mainline Linux; tunes per-machine EPP and core-selection tables and records results without superiority claims.	SCH-056
SCH-@game-render-latency-intent	V2	build	M	Run game render threads, including Windows personality games, under latency intent	INV-0409	With WIN and GFX: Wine/Proton render and present threads inherit a LowLatency intent within the game's domain; verified by the V2 W1 gaming FPS and frame-time publication against Linux+Proton.	SCH-047
SCH-@handoff-intent-inheritance	V0.5	build	M	Implement intent inheritance across Channel handoff for shared services	INV-0422	Implements decide-intent-inheritance in the Channel fast path and service runtime so compositor and file-chooser requests from Interactive clients are served at the caller's intent; regression test with a Background flood.	SCH-024
SCH-@indexing-background-intent	V1	build	S	Run indexing services under Background intent preempted by Interactive work	INV-0411	Search/indexing service domain profile set to Background with I/O priority mapping; preemption test shows Interactive latency unchanged while indexing runs.	SCH-035
SCH-@intent-core-classes	V0	build	L	Implement intent declaration on ResourceDomain and Task with Interactive and Background	INV-0399,INV-0400,INV-0401,INV-0413,INV-0114,INV-1322	Per the critique V0 carries only Interactive and Background. Adds the typed intent field to domain CPU policy and per-Task override, and wires intent into scheduling class and placement through the mapping chosen by decide-intent-mapping on the retained Linux scheduler; kernel core owns scheduling natively.	SCH-010
SCH-@intent-core-selection	V1	build	M	Influence core selection on hybrid CPUs and SMT siblings from intent	INV-0416	Performance versus efficiency core placement and SMT sibling avoidance for LowLatency/Realtime; Intel laptop (hybrid topology) enters the hardware scope at V1.	SCH-036
SCH-@intent-deadline-class	V0.5	build	L	Add Deadline intent class with declared period and completion deadline	INV-0406	Deadline work declares period and deadline (SCHED_DEADLINE lineage or native class per the adr) with admission control bounded by the domain CPU quota; required by the V0.5 compositor frame-scheduling adr and compositor-intent-vblank.	SCH-025
SCH-@intent-energy-efficient	V1	build	M	Add EnergyEfficient intent class trading latency for lower power	INV-0405	Class that prefers efficient cores and lower frequencies via uclamp.max/EPP hints; V1 gate publishes idle power and battery runtime on the Intel laptop.	SCH-037
SCH-@intent-escalation-capability	V2	build	M	Gate Realtime and LowLatency intent behind Capabilities shown in the permissions UI	INV-0421	§9 no ambient authority: elevated intents are a resource grant, requested in the package manifest and revocable; V2 exit requires the permissions UI to list every active grant and revocation to take effect immediately.	SCH-048
SCH-@intent-frequency-hints	V1	build	M	Drive cpufreq and EPP hints from scheduling intent	INV-0415	Latency-sensitive work is not throttled and Background work is; PWR consumes frequency 'via SCH intent' per workstreams.md so SCH owns the hint mapping. Measured on the Intel laptop energy gate.	SCH-038
SCH-@intent-gpu-priority	V1	build	M	Map scheduling intent to GPU priority for RenderQueue and ComputeQueue	INV-0414	With GFX and HET: domain intent sets DRM scheduler priority for render and compute submissions so the compositor wins over background compute; V1 brings GPU acceleration for native and Linux apps.	SCH-039
SCH-@intent-guidelines-docs	V1	docs	S	Write developer guidelines for choosing scheduling intent and domain budgets		SDK v1 ships at V1 and DOC generates references from IDL; SCH supplies the guide mapping §22 examples (audio, compositor, compiler, indexing, sync) to classes and budgets so third-party developers do not reach for numeric priority.	SCH-040
SCH-@intent-io-priority	V1	build	M	Map scheduling intent to I/O priority for storage and network Operations	INV-0418	Operations submitted by a domain carry its intent into block-layer and network queue priority so Background indexing does not starve Interactive file access; part of the V1 daily-driving experience.	SCH-041
SCH-@intent-memory-placement	V2	build	L	Influence NUMA and GPU-local memory placement from domain intent	INV-0417	With MEM and HET: domain intent and ComputeDevice preference steer allocation to NUMA node or GPU-local versus host memory; V2 ComputeDevice demo dispatches Throughput to the GPU and LowLatency to the CPU.	SCH-049
SCH-@intent-realtime-class	V1	build	L	Add Realtime intent class with bounded scheduling latency	INV-0404	Critique moves Realtime to V1 alongside the native audio path. Bounded-latency class with admission control, quota fallback and a grant requirement; validated by bench-audio-callback-jitter.	SCH-042
SCH-@intent-throughput-lowlatency	V0.5	build	M	Add Throughput and LowLatency intent classes	INV-0402,INV-0403	Critique moves these classes out of V0. Throughput maximises total progress for batch work and LowLatency minimises wakeup delay; both mapped per decide-intent-mapping and measured by bench-intent-wakeup-latency.	SCH-026
SCH-@irq-affinity-lowlatency	V2	build	M	Steer interrupt affinity from LowLatency domain CPU policy	EXTRA-014	Domain CPU policy for LowLatency/Realtime domains pins relevant device IRQs to or away from the domain's allowed cores; effect published through bench-audio-callback-jitter on the three V2 target machines.	SCH-050
SCH-@linux-sched-syscall-mapping	V1	build	M	Map Linux personality nice, ionice and sched_setattr onto domain-bounded intents		V1 daily-driving runs the browser and IDE through the Linux personality; their scheduler syscalls must translate into intents bounded by the app's ResourceDomain rather than raw priorities, keeping L2 compatibility overhead within the published target. LNX owns the syscall path; SCH owns the mapping policy.	SCH-043
SCH-@multi-user-domain-roots	V3	build	M	Create per-session ResourceDomain roots with fair sharing between users		V3 exit adds multi-user; each login Session (SEC) receives a delegated domain root so one user's Throughput work cannot starve another's Interactive session; tested with two concurrent sessions.	SCH-052
SCH-@native-model-lints	V0.5	build	S	Add CI lints enforcing native intent, universal accounting and no cgroup steps	INV-0398,INV-0424,INV-0994	Review-gate tests: native ABI/SDK exposes no numeric priority; every Component and Task has a domain at creation; no native code path references cgroupfs or Linux scheduler syscalls. First matters when native init, packages and services appear in V0.5.	SCH-027
SCH-@package-domain-defaults	V3	build	M	Apply default ResourceDomain profiles to third-party packages from the public repository		V3 opens the public repo to third-party packages; packages without a declared profile receive conservative budgets and Interactive-by-default intent, and elevated intents require the intent-escalation Capability reviewed at install.	SCH-053
SCH-@per-domain-sched-ext-policies	LATER	build	L	Allow per-ResourceDomain pluggable scheduling policies via sched_ext		Parking rung: custom user-supplied scheduling policies scoped to a domain depend on KRN's eBPF role adr and add divergence risk; deferred until the intent classes are frozen and demand is shown.	SCH-061
SCH-@sch-fleet-telemetry-report	V4	docs	S	Report scheduling latency and budget-exhaustion incidents from the beta fleet		V4 requires 99.5% crash-free sessions across the fleet; budget-exhaustion terminations and latency spikes appear as crashes or hangs in opt-in telemetry, so SCH publishes an analysis and files fixes before feature freeze.	SCH-057
SCH-@sch-fuzz-targets	V3	build	M	Add fuzz and soak targets for ResourceDomain and intent syscalls		V3 requires continuous syscall fuzzing; SCH supplies fuzz targets for domain creation, delegation, budget updates and intent changes plus a soak that checks accounting leaks over 10^6 domain lifecycles, feeding BLD's fuzzing fleet.	SCH-054
SCH-@sch-l1-conformance-suite	V4	build	M	Ship the conformance suite for frozen ResourceDomain and intent Layer 1 surfaces		V4 freezes L1 with a conformance suite; tests every domain and intent syscall, error code and negotiation behaviour named by decide-sch-l1-surfaces so 1.x binaries stay compatible.	SCH-058
SCH-@sch-release-regression-signoff	1.0	build	S	Sign off SCH benchmarks at no more than 5% regression versus V4 on Tier 1		1.0 gate: no regression over 5% versus V4 final on any tracked benchmark on any Tier 1 machine; runs the four SCH harnesses on the release candidate during the 30-day soak and links results in the release notes.	SCH-059
SCH-@sch-stability-statement	1.0	docs	S	Write the 1.0 stability statement for ResourceDomain and scheduling intent		1.0 publishes an ABI stability statement and explicit non-promises; SCH's section lists frozen surfaces, the versioned profile schema deprecation policy, and states that Realtime is bounded-latency best effort, not hard real time.	SCH-060
SCH-@spike-handoff-switch	V0	spike	M	Prototype scheduler-aware Channel handoff and measure latency and fairness	INV-0296	Direct switch to the receiver on Channel send is the §53 'scheduler-aware handoff' claim; prototype on the small-message fast path and publish round-trip latency and fairness impact against plain wakeup so the V0 IPC benchmark table (publish-only) has the native-handoff column.	SCH-011
SCH-@spike-intent-routes	V0	spike	L	Prototype scheduling-intent routes and measure audio and compositor latency	GAP-0530,INV-0420	Measures whether EEVDF+uclamp+cgroup controllers can express the seven intent classes, then prototypes intent as (a) extension of the existing class, (b) sched_ext BPF scheduler, (c) new scheduler class; publishes wakeup latency for audio-like and compositor-like workloads on QEMU and the reference desktop. Critique requires explicit V0 spikes before any decision; report lands in reports/spikes.	SCH-012
SCH-@thermal-intent-coordination	V2	build	M	Throttle Background and Throughput domains first under thermal pressure		V2 scope lists laptops thermal under HW and SCH; when PWR reports capacity loss the scheduler reduces Throughput/Background quotas before touching Interactive/Deadline, keeping the desktop UX script passing on both laptops.	SCH-051
SCH-@tier1-scheduler-validation	V3	build	M	Validate intent and domain benchmarks across the six Tier 1 machines		V3 gate re-runs all prior benchmarks across Tier 1 with no regression over 10% and requires a public number for every §54 item; runs the four SCH harnesses on every Tier 1 topology (hybrid Intel, AMD, NVIDIA desktop) and files ADRs for any regression.	SCH-055
SDK-@bench-onboarding	V1	benchmark	S	Measure timed onboarding from SDK install to a hello-Component	GAP-0454	Onboarding target lives in the benchmark register; this harness times host-OS sessions each release without stating a number in prose.	SDK-032
SDK-@build-app-checkpoint	1.0	build	M	Restore opted-in application state through os restore	INV-0585	§31 long-term restore of application state where apps opt in to checkpointing; SDK exposes the checkpoint API and os restore consumes it.	SDK-093
SDK-@build-binding-conformance	V3	build	M	Run binding conformance tests for every shipped language		V3 multi-language SDK must not silently diverge; one conformance corpus per binding against the same Layer 2 Interfaces.	SDK-075
SDK-@build-c-binding	V1	build	M	Provide the C SDK binding over the Native ABI	INV-0938	V1 scope is SDK v1 plus C bindings for Layer 1; ABI owns the header, SDK owns safe C wrappers and IDL stubs.	SDK-033
SDK-@build-c-conformance-freeze	V4	build	M	Prove C SDK binaries against the Layer 1 freeze candidate		V4 L1 freeze: C SDK binaries built against the freeze candidate run on every subsequent beta; ABI owns L1 tests, SDK owns the C crate run.	SDK-087
SDK-@build-c-host-headers	V1	build	S	Package C headers and stubs for host and native toolchains		C bindings are unusable from the host SDK without packaged headers and IDL-generated stubs on Linux, macOS and Windows toolchains.	SDK-034
SDK-@build-ci-publish	V3	build	M	Integrate os publish with GitHub Actions and GitLab CI	GAP-0465	Developers publish from CI; hosted integrations wrap os publish so catalogue growth is not gated on desktop signing.	SDK-076
SDK-@build-cli-json	V1	build	S	Add machine-readable os CLI output and shell completions	INV-1267	§64 scripts and later automation need JSON output and completions on the os CLI family.	SDK-035
SDK-@build-client-rebind	V0.5	build	M	Implement Channel disconnect, rebind, retry and restore-state	INV-0600,INV-0601,INV-0602,INV-0603	V0.5 compositor-restart gate needs client libraries that detect disconnect, rebind by Interface name, retry idempotent Operations and restore session state.	SDK-012
SDK-@build-compat-soak	1.0	build	S	Run the SDK compatibility suite through the 1.0 soak		1.0 30-day soak includes SDK v1 binaries on the release candidate; the suite is the Layer 3 half of the compatibility-proof demo.	SDK-094
SDK-@build-compat-suite	V1	build	M	Build the SDK compatibility suite across adjacent generations	GAP-0100	V1 SDK v1 gate: applications built against v1.0.0 run on later v1.x generations and the reverse where promised, enforcing Layer 2 versioning.	SDK-036
SDK-@build-component-macro	V0	build	M	Implement the #[component] entry macro and Context capability surface	INV-0963,INV-0964	§52 makes the secure path the default: bootstrap, runtime and tracing are generated, and Context exposes only granted Capabilities.	SDK-001
SDK-@build-cpp-binding	V2	build	M	Provide the C++ SDK binding	INV-0939	§50 language order: C++ at V2 once C exists; V4 ecosystem gate needs C plus one additional language.	SDK-063
SDK-@build-csharp-binding	V3	build	M	Provide the C# SDK binding	INV-0942	§50 V3 language: C# binding over IDL stubs; Windows personality remains a separate workstream.	SDK-077
SDK-@build-dap	V1	build	M	Ship a Debug Adapter Protocol adapter for native Components	GAP-0457	Developers keep their editors; DAP is the V1 integration for breakpoints and Task inspection once the protocol adr is accepted.	SDK-037
SDK-@build-debugger	V1	build	L	Attach a debugger to a Component with async Task stacks	INV-0984,INV-1208	V1 exit: debugger attaches, breaks inside an async Task, shows the logical stack, and symbolises crash dumps; attach is a Capability, not same-uid ptrace.	SDK-038
SDK-@build-decode-lib	V0.5	build	S	Provide an isolated ImageDecoder library on the SDK decode path	INV-0967	§52 decode(image) runs as an isolated Component so the PhotoEditor sample does not parse untrusted bytes in the UI Component.	SDK-013
SDK-@build-default-isolate	V0.5	build	S	Make SDK spawn create a new Component by default	INV-0229	§10 cheap isolation: SDK defaults spawn a separate Component without an opt-in sandbox flag so isolate-it is the path of least resistance.	SDK-014
SDK-@build-dev-loop	V0.5	build	M	Provide a developer command that builds, boots QEMU and runs CI tests	GAP-0152	Contributor onboarding command wrapping BLD's harness; the time target lives in the benchmark register, not in this task's prose.	SDK-015
SDK-@build-ergonomics-lint	V0.5	build	M	Lint SDK defaults for Capabilities, Tasks, async I/O and typed IPC	INV-0101,INV-0273,INV-0955,INV-0962,INV-0969,INV-0970,INV-0971,INV-0972,INV-0973,INV-0974,INV-0975,INV-0976	Standing §3/§52/§57 invariants collapse into one lint and test gate: no ambient APIs, no POSIX-shaped native surface, no forced Wasm, drop-safe handles, automatic tracing and cancellation.	SDK-016
SDK-@build-external-lang-demo	V4	build	S	Ship a non-Rust native Package used in the V4 demo		V4 demo: a native Package published by an external developer in a non-Rust SDK language, installed with capability review and tracing visible.	SDK-088
SDK-@build-files-choose	V0.5	build	M	Implement files.choose returning a typed UserSelected capability	INV-0486,INV-0966	V0.5 chooser gate: Image Viewer starts without filesystem authority and receives exactly one UserSelected grant; STO owns the chooser, SDK owns the API.	SDK-017
SDK-@build-flamegraph	V2	build	S	Render flame graphs by TaskGroup exportable with traces	EXTRA-032	Completes the native profiler: flame graphs grouped by TaskGroup and folded into exported traces.	SDK-064
SDK-@build-host-sdk	V1	build	L	Ship a cross-compilation SDK and emulator harness on host OSes	GAP-0453	First native apps are built from Linux, macOS and Windows hosts; the SDK plus QEMU/VM harness must not require installing JakeOS to compile.	SDK-039
SDK-@build-imagedecoder-sample	V0	build	M	Ship ImageDecoder as the V0 typed-service SDK sample	INV-0236,INV-0280	The V0 demo is the reference typed service: Input of image bytes, Output of a bitmap, ResourceDomain budgets, written against the Rust SDK.	SDK-002
SDK-@build-inspect-computequeue	V2	build	S	Add os inspect support for ComputeQueue		V2 ComputeDevice demo requires os inspect to show the ComputeQueue; OBS owns events, SDK adds the subcommand.	SDK-065
SDK-@build-json-target	V0	build	M	Declare a no_std rustc JSON target for native userspace	GAP-0090	Native crates must not compile as Linux binaries or the §3 firewall is void; V0 is a custom JSON target with alloc only, not a std port.	SDK-003
SDK-@build-kotlin-binding	V3	build	M	Provide the Kotlin SDK binding	INV-0941	§50 V3 language: Kotlin binding for native Components, not a JVM personality.	SDK-078
SDK-@build-l3-deprecation-lints	V4	build	S	Lint deprecated Layer 3 APIs with a deprecation window		Layer 3 semver needs mechanical deprecation detection before 1.0 so SDK v1 APIs that will not survive 1.x are flagged in beta.	SDK-089
SDK-@build-layer3-crates	V0.5	build	S	Lay out Layer 3 SDK crates under semantic versioning	INV-1286	Layer 3 is the native SDK and may evolve quickly; crate layout and semver numbering start while the API is still explicitly unstable.	SDK-018
SDK-@build-lsp	V1	build	M	Ship LSP-based tooling for native SDK projects	GAP-0457	V1 developer preview meets editors via LSP over the native crate and IDL, not a new IDE.	SDK-040
SDK-@build-native-runtime	V0	build	L	Implement the tiny native runtime that multiplexes Tasks over Operations	INV-0360,INV-0382,INV-0977,INV-1167	V0 exit requires a tiny native runtime with Channel and Capability wrappers sufficient to write the demo in Rust without blocking Linux syscalls.	SDK-004
SDK-@build-operation-api	V0	build	M	Expose Operation cancel, deadline and await on the Rust SDK	INV-0369,INV-0370,INV-0371	§19 is the SDK surface for outstanding work; V0 cancellation and deadline gates are unusable without these entry points.	SDK-005
SDK-@build-os-bisect	V3	build	M	Implement os bisect across SystemGenerations	GAP-0388	Immutable generations make regression bisection cheap; the CLI steps generations to the introducing change for public-alpha bug reports.	SDK-079
SDK-@build-os-call	V2	build	M	Invoke Semantic interfaces from the os CLI	INV-0793	Semantic interfaces must support scripting clients; the os CLI is the shell invocation path, SEM owns registry and permissioning.	SDK-066
SDK-@build-os-cli	V0	build	S	Implement the os CLI skeleton for inspect and trace	INV-1252	§64 requires developer tooling from V0; the os binary is the home for inspect and trace and later env, history and restore.	SDK-006
SDK-@build-os-env-enter	V1	build	M	Implement the os env enter command	INV-0654	V1 self-hosting and env-startup gates; ENV materialises the environment, SDK drops the developer into it via os env enter.	SDK-041
SDK-@build-os-env-lifecycle	V1	build	M	Implement os env list, status, leave, destroy and rebuild	INV-0655,INV-1262	The os env family is the developer CLI over ENV objects; list/status/leave/destroy/rebuild complete enter.	SDK-042
SDK-@build-os-help	V2	build	S	Implement os help serving offline on-device SDK documentation		Critique missing requirement 39: offline on-device docs; DOC owns content, SDK implements the os help CLI.	SDK-067
SDK-@build-os-history	V0.5	build	S	Implement os history listing SystemGeneration events	INV-0572,INV-1260	§31/§64 CLI for history events; PKG records the log, SDK prints timestamped human-readable entries. Restore of user data stays out of V0.5.	SDK-019
SDK-@build-os-inspect	V0	build	M	Ship os inspect for every V0 Object kind	INV-1253,INV-1254,INV-1255,INV-1256,INV-1257,INV-1258	V0 exit prints Component, Task, Channel, Capability, MemoryObject and ResourceDomain state; OBS owns the data plane, SDK owns the command.	SDK-007
SDK-@build-os-new	V1	build	S	Implement os new scaffolding for a Component project	INV-0979	V1 onboarding and the published SDK need a generator that emits manifest, requested Capabilities and build config.	SDK-043
SDK-@build-os-profile	V2	build	S	Implement the os profile command over the native profiler		The profiler is incomplete without an os CLI that records a session, attributes samples and writes the chosen export format.	SDK-068
SDK-@build-os-publish	V3	build	M	Implement os publish to build, sign and submit Packages	GAP-0465	V3 public repository demo: a third-party developer publishes a native Package from the SDK; REL owns review and signing keys.	SDK-080
SDK-@build-os-restore	V2	build	M	Implement os restore to a chosen history event	INV-0578	V2 snapshots and rollback UI consume history-point restore; SDK CLI invokes PKG restore of OS, packages and configuration.	SDK-069
SDK-@build-os-restore-gen	V1	build	M	Implement os restore to a previous SystemGeneration	INV-1261	Ladder moves generation restore to V1 (V0.5 is boot-menu rollback only); PKG performs the switch, SDK exposes os restore.	SDK-044
SDK-@build-os-test	V1	build	S	Implement os test running the Component harness		V1 SDK testing story needs a single command that runs the mock-capability harness the same way CI does.	SDK-045
SDK-@build-os-trace	V0	build	M	Ship os trace with structured dynamically enabled tracing	INV-1259	V0 demo and tracing-overhead gate need os trace over the OBS substrate; enablement is dynamic and security-aware.	SDK-008
SDK-@build-package-tool	V0.5	build	M	Emit an immutable Package with manifest from a native cargo build	INV-0543,INV-0986	V0.5 packages are installed from local files; SDK build tooling produces the manifest and content-addressed Package PKG stores.	SDK-020
SDK-@build-photoeditor-sample	V0.5	build	M	Ship the PhotoEditor capability sample and its denial tests	INV-0219	§9.1 worked example must ship as an SDK sample and integration test proving denied Capabilities are absent.	SDK-021
SDK-@build-polyglot-tests	V2	build	M	Run the same SDK integration tests through C and C++		Language bindings must not drift: one integration corpus compiled as Rust, C and C++ against the compatibility suite.	SDK-070
SDK-@build-profiler	V1	build	M	Implement the native CPU profiler attributed to Task and Component	EXTRA-032	Critique missing requirement 31: sampling CPU profiles attributed to Task and Component, exportable with traces; GPU attribution follows at V2.	SDK-046
SDK-@build-profiler-gpu	V2	build	M	Attribute GPU samples to Task and Component	EXTRA-032	V2 ComputeDevice and gaming gates need GPU profiles on the same Task/Component model as CPU; HET/GFX own devices, SDK owns the profiler.	SDK-071
SDK-@build-remote-dev	V1	build	M	Integrate remote development into a JakeOS VM or device	GAP-0457	VS Code and JetBrains remote-development into a JakeOS VM or device is required so host-built apps can be debugged on target.	SDK-047
SDK-@build-runtime-mitigations	V1	build	M	Enable userspace exploit mitigations in the native runtime	GAP-0187	ASLR, NX, CET where present, guard pages and a hardened allocator are default runtime behaviour and Component manifest requirements; SEC owns policy.	SDK-048
SDK-@build-rust-sdk	V0	build	M	Implement the primary Rust SDK crate over the Native ABI	INV-0937,INV-0104,INV-0982,INV-0316	Native applications execute against the SDK rather than the kernel; the crate maps kernel failures to typed errors and defaults MemoryObject APIs to move semantics.	SDK-009
SDK-@build-rustc-tier3	V4	build	M	Propose the native rustc target for upstream tier-3 inclusion	GAP-0090	GAP-0090 later step: the custom JSON target is proposed for rustc tier-3 once SDK v1 and the Layer 3 std crate have been used in the beta fleet.	SDK-090
SDK-@build-sdk-repro	V4	build	M	Make SDK and binding packages bit-for-bit reproducible		V4 reproducible-builds gate includes SDK and binding Packages so third-party verifiers can rebuild developer toolchains.	SDK-091
SDK-@build-std-crate	V1	build	L	Implement the Layer 3 Rust std compatibility crate	GAP-0090,EXTRA-045	std/alloc for the native target is a Layer 3 façade over the SDK; no Layer 1 entry may be added to make std's POSIX shapes work.	SDK-049
SDK-@build-swift-binding	V3	build	M	Provide the Swift SDK binding	INV-0940	§50 V3 language: Swift binding generated from IDL over the recorded non-Rust mapping.	SDK-081
SDK-@build-test-harness	V1	build	M	Provide a Component test harness with mock capabilities	INV-0983	SDK-level tests need mock Capabilities and mock services so Components can be exercised without the full desktop.	SDK-050
SDK-@build-third-party-publish	V3	build	S	Prove a third-party native Package can be published from the SDK		V3 demo and repository drill: an external developer publishes from the SDK and a user installs with capability review.	SDK-082
SDK-@build-toolchain-manager	V3	build	M	Implement a single command that installs versioned toolchains	GAP-0106	GAP-0106 requires one toolchain-manager command so strangers do not reproduce the project's build environment by hand.	SDK-083
SDK-@build-toolchain-packages	V3	build	M	Package versioned developer toolchains as immutable Packages	GAP-0106	V3 third-party developers install rustc target, IDL compiler, image tools and QEMU harness as immutable Packages on Linux, macOS and JakeOS.	SDK-084
SDK-@build-trace-export	V0.5	build	M	Export os trace timelines of Component, Task, Channel and Operation	INV-0475	V0.5 needs a viewer or exporter over OBS traces; SDK ships the exporter so developers can inspect IPC and scheduling without a custom GUI yet.	SDK-022
SDK-@build-trace-offline	V1	build	S	Export an os trace session that can be viewed offline		V1 debugger/tracing gate: os trace exports a session viewable offline using the OBS-chosen format.	SDK-051
SDK-@build-ts-wasm-binding	V3	build	M	Provide the TypeScript SDK binding via Wasm components	INV-0943	§13/§50 TypeScript binding uses Wasm component integration; WASM owns the runtime, SDK owns the language surface. Does not force native apps into Wasm.	SDK-085
SDK-@build-window-api	V0.5	build	M	Implement ctx.ui.window and window.render on Context	INV-0965,INV-0968	V0.5 SDK expands to windows; UIP owns the protocol, SDK exposes the §52 Context surface the four apps call.	SDK-023
SDK-@decide-binding-order	V0.5	adr	S	Decide SDK language binding order and milestones	INV-0948	Records Rust V0, C V1, C++ V2 and remaining languages at V3 so later binding tasks do not invent a different ladder.	SDK-024
SDK-@decide-command-shell	V0.5	adr	M	Decide POSIX-personality shell versus a native object-aware shell	GAP-0309	Fixes how the os CLI, PTYs and job control map onto Tasks and Channels before V1 daily-driving; a POSIX shell remains a Linux personality, not the native API.	SDK-025
SDK-@decide-debugger-protocol	V1	adr	S	Decide DAP versus a native debugger protocol	GAP-0457	V1 debugger gate and editor integration need a recorded protocol choice before the adapter is built; options include DAP, a native protocol, or DAP over a native control Channel.	SDK-052
SDK-@decide-executor-shape	V0	adr	S	Decide the userspace executor shape for the native runtime		V0 tiny-runtime gate needs a recorded choice among a custom executor, a Tokio subset over Operations, and an embassy-style executor before the runtime is built; CMP owns the kernel/runtime split.	SDK-010
SDK-@decide-linking-model	V0.5	adr	M	Decide the native linking model and reject path-based loaders	INV-0551,INV-1010,INV-1012	§34/§53 nongoals: no ld.so path lookup and no global constructors on the launch critical path; options are static, content-addressed shared objects, or both.	SDK-026
SDK-@decide-nonrust-abi	V2	adr	S	Decide how non-Rust bindings map onto Layer 1 and IDL stubs		Swift, Kotlin, C# and TypeScript at V3 need a recorded mapping onto the C ABI and IDL before those bindings start; options are C-only, per-language codegen, or both.	SDK-072
SDK-@decide-profiler-format	V1	adr	S	Decide profiler export format and Task attribution	EXTRA-032	Native profiles are attributed to Task, Component and TaskGroup, not threads; the adr picks pprof, Firefox Profiler, or a native format folded into traces.	SDK-053
SDK-@decide-sdk-license	V0.5	adr	S	Decide the license of the native SDK, runtime and language bindings	GAP-0006	Third-party native applications begin at V0.5; the adr must permit proprietary apps and sit beside GOV's layer firewall and the ABI header-exception adr.	SDK-027
SDK-@decide-sdk-semver	V1	adr	S	Decide the Layer 3 SDK semver and deprecation policy	INV-0980	V1 gate requires an accepted SDK stability-policy adr; Layer 3 evolves with semver and deprecation windows, not a Layer 1 freeze.	SDK-054
SDK-@decide-std-layer3	V0.5	adr	S	Decide that Rust std lives only as a Layer 3 crate	EXTRA-045	Critique contradiction 1: std fs/net/process must not justify Layer 1 POSIX shapes; this adr precedes the V1 std crate and forbids std-driven Native ABI entries.	SDK-028
SDK-@docs-cpp-guide	V2	docs	S	Document the C++ SDK binding		C++ at V2 needs a binding guide so the V4 extra-language ecosystem gate is not the first C++ documentation.	SDK-073
SDK-@docs-l3-stability	1.0	docs	S	Publish the Layer 3 semver stability statement for 1.x		1.0 ABI stability statement covers Layer 1; Layer 3 still evolves with semver and must say so explicitly beside the 1.x support window.	SDK-095
SDK-@docs-sdk-1-0	1.0	docs	S	Complete SDK guides for Rust and C on the 1.0 release		1.0 documentation gate: SDK guides for Rust and C complete with the rest of the 1.0 doc set; DOC owns site publishing.	SDK-096
SDK-@docs-sdk-complete	V4	docs	M	Complete Rust and C SDK references for the beta review		V4 exit: user, admin, SDK (Rust and C) references complete with review sign-off and broken-link checks.	SDK-092
SDK-@docs-sdk-guide	V1	docs	M	Write the V1 SDK guide for the published Rust crate	INV-0978	V1 published-SDK gate and DOC IDL-to-docs at V1 need a crate guide covering Context, Operations, Packages and the chooser.	SDK-056
SDK-@docs-sdk-languages	V3	docs	M	Publish SDK guides covering Rust, C and one extra language		V3 documentation gate includes the SDK guide; public alpha strangers need Rust, C and the first extra language documented.	SDK-086
SDK-@docs-sdk-unstable	V0.5	docs	S	Document the unstable V0.5 SDK used by the four native apps		V0.5 scope says the SDK expands to windows, files and packages and remains unstable; the four apps need a crate-level guide before v1.	SDK-029
SDK-@fuzz-sdk-handles	V1	build	M	Fuzz SDK handle wrappers for use-after-revoke and double-drop		Layer 3 handle safety is a V1 developer-preview concern; harnesses exercise Capability drop, revoke and Operation cancel without kernel panics.	SDK-058
SDK-@publish-sdk-v1	V1	build	M	Publish SDK v1 with semver policy and compatibility suite	INV-1109,INV-1195	V1 developer-preview gate: a published stable native SDK with documented versioning and deprecation, verified by the compatibility suite.	SDK-059
SDK-@spike-async-runtime	V0	spike	M	Study Rust async and Tokio for mapping Operations onto SDK futures	INV-1147,INV-1148	V0 runtime cannot wrap blocking Linux syscalls; this spike informs the executor adr and the tiny native runtime used by the V0 demo.	SDK-011
SDK-@spike-cpp-binding	V2	spike	M	Prototype C++ binding shape over the C ABI and IDL stubs	INV-0939	C++ must not invent a second Native ABI; the spike compares header-only wrappers, generated C++ stubs, and C-only plus thin C++ before the binding ships.	SDK-074
SDK-@spike-dap-async	V1	spike	M	Prototype DAP breakpoints inside async Tasks	GAP-0457	V1 requires breaking at a source line inside an async Task and showing the logical Task stack; the spike explores runtime hooks before the adapter lands.	SDK-060
SDK-@spike-linking-cost	V0.5	spike	M	Measure static versus content-addressed shared-object linking cost	INV-0551	The linking adr needs measured startup sharing before Package emission hardens a loader; cites the B-ID for warm start rather than a prose number.	SDK-030
SDK-@spike-profiler-attr	V1	spike	M	Prototype CPU sample attribution to Task and Component	EXTRA-032	Sampling must not reconstruct threads; the spike measures attribution cost on the OBS trace substrate before the profiler ships.	SDK-061
SDK-@write-reference-tutorial	V1	docs	M	Write the window, chooser, decode and render SDK tutorial	INV-0978	SDK owns the reference example and API tutorial; DOC publishes the site. V1 SDK v1 gate.	SDK-062
SEC-@admin-role	V1	adr	S	Define administrator versus standard user	GAP-0221	Pulled to V1 so identity-service can create the first account as administrator and Authorization knows which operations elevate.	SEC-013
SEC-@ai-scoped-grants	V2	build	S	Scope AI Capability grants to project, file, or time		V2 AI demo: grants are scoped and revocable mid-run; the action graph is logged. Implements the AI-principal adr.	SEC-033
SEC-@ai-security-principal	V2	adr	M	Decide whether an AI assistant is a distinct principal	INV-0826,INV-0830,INV-0835	V2 AI demo is capability-only. SEC decides permissioning, scoped grants, and whether the assistant is a distinct principal for audit and revocation, after the SEM registry exists.	SEC-034
SEC-@ambient-denial-suite	V0.5	build	M	Test no ambient filesystem, home, device, or app data	INV-0201,INV-0202,INV-0207,INV-0211,INV-0240	V0.5 chooser gate and §9.1/§11: a native app and ImageDecoder start without filesystem, home, device, or other-app data authority.	SEC-003
SEC-@audit-findings-close	V4	build	M	Close High and Critical audit findings		V4 gate: all High and Critical findings fixed; Medium findings triaged with public tracking.	SEC-067
SEC-@audit-medium-triage	V4	docs	S	Triage Medium audit findings with public tracking		V4 gate requires Medium findings triaged with public tracking, distinct from closing High/Critical code fixes.	SEC-068
SEC-@audit-reverify	V4	docs	S	Re-verify High and Critical fixes with the auditor		V4 gate: High and Critical findings re-verified by the auditor, not only by the authors.	SEC-069
SEC-@authenticator-interfaces	V1	build	M	Define pluggable authenticator interfaces		GAP-0213 and GAP-0219 require pluggable authenticators so V3 fingerprint/FIDO2 and later directory login can land without rewriting identity.	SEC-014
SEC-@authority-sources	V0.5	adr	M	Decide authority sources and precedence	INV-0218	§9.1 needs a single precedence among manifest request, launcher policy, user chooser, permissions UI, and delegation before Packages request Capabilities.	SEC-004
SEC-@authorization-service	V1	build	M	Build a re-authentication Authorization service	GAP-0220	V1 admin actions need scoped Capabilities after re-auth with an audit record, replacing sudo/polkit.	SEC-015
SEC-@ca-trust-store	V1	build	M	Provide a typed CA trust store with pinning	EXTRA-019	V1 TLS for Git, cargo, and HTTPS needs a typed system CA store with per-application pinning.	SEC-016
SEC-@disk-encryption-layer	V0.5	adr	M	Decide disk encryption layer and store interaction	GAP-0194,GAP-0527	Pulled to V0.5 because encryption choice must precede the STO filesystem adr (snapshots, dedup, content-addressed store). Implementation stays V1. Options include LUKS2/dm-crypt, fscrypt, filesystem-native, or both, without inventing a storage layer.	SEC-005
SEC-@disk-encryption-volume	V1	build	M	Provide encrypted volumes for developer machines		V1 daily-drive: encryption must exist before a lost laptop is possible. V1 scope allows manual FDE; installer UI is V3.	SEC-017
SEC-@disk-unlock-api	V1	build	M	Expose a pre-boot disk-unlock key-slot API		BOOT owns the pre-boot unlock UI; SEC owns key-slots, passphrase verify, and recovery-key unlock consumed at V1 manual FDE.	SEC-018
SEC-@enclaves-enable	LATER	build	M	Enable secure-enclave Components if the spike recommends		1.0 explicitly does not promise hardware confidentiality. Enablement waits on enclaves-study and stays off the 1.0 critical path.	SEC-078
SEC-@enclaves-study	V2	spike	S	Study secure enclaves as a confidentiality home	INV-0194	§8 research: whether SGX/SEV-style enclaves can host Components that need hardware confidentiality. Enablement is LATER; 1.0 does not promise hardware enforcement.	SEC-035
SEC-@enterprise-ca-enrolment	V3	build	S	Enrol enterprise CAs into the trust store		EXTRA-019 enterprise-CA enrolment for public alpha, without directory login (a 1.0 non-goal).	SEC-054
SEC-@external-audit	V4	docs	L	Commission an independent security audit	GAP-0358,GAP-0240	V4 gate: independent audit of capability enforcement, native ABI, and update pipeline; summary published. GOV GAP-0240 is the broader legal commissioning.	SEC-070
SEC-@fde-installer-contract	V3	build	S	Verify installer full-disk encryption and recovery key		V3 installer gate: FDE enabled on Tier 1, recovery key saved, no cloud escrow. INS owns the installer; SEC verifies the encryption contract.	SEC-055
SEC-@fido2-factors	V3	build	M	Support FIDO2 keys for disk unlock and login	GAP-0243	V3 public alpha: FIDO2 hmac-secret as an additional disk-unlock and login factor on the pluggable authenticator interface.	SEC-056
SEC-@fingerprint-authenticator	V3	build	M	Add fingerprint login through pluggable authenticators		GAP-0215 required fingerprint login at V3; greeter UI is APP, so SEC owns the authenticator plugin the greeter consumes.	SEC-057
SEC-@generation-attestation	V3	build	S	Verify measured-boot generation attestation		V3 Secure Boot/measured-boot gate: generation identity is recorded in the TPM event log. BOOT measures; SEC verifies the security claim.	SEC-058
SEC-@grant-revoke-immediate	V2	build	S	Prove grant revocation takes effect immediately		V2 permissions gate: after revoke, camera, microphone, files, network, and screen capture fail on the next Operation with no leftover mapping.	SEC-036
SEC-@grant-runtime	V0.5	build	M	Implement the grant taxonomy in the permission runtime		V0.5 Packages declare RequestedCapabilities; the runtime must enforce the grant-taxonomy adr so chooser, prompt, and settings-only classes are distinct.	SEC-006
SEC-@grant-taxonomy	V0.5	adr	M	Decide user-mediated grant taxonomy	EXTRA-068,GAP-0227	Critique: grant taxonomy (chooser, prompt, settings-only; one-time, session, persistent, revocable) must be accepted before the Package capability-request schema.	SEC-007
SEC-@hardening-evidence-pack	V4	docs	S	Publish kernel-hardening and unsafe-isolation evidence		V4 gate: exploit mitigations enabled and measured, unsafe-code inventory published, unsafe authority minimized per §51. KRN/BLD produce the data; SEC publishes the security evidence pack.	SEC-071
SEC-@hardware-backed-lock	V3	build	S	Lock the session with hardware-backed secrets		V3 scope: screen lock with hardware-backed secrets where available, using the secrets service and authenticators.	SEC-059
SEC-@hardware-enforcement-hooks	V2	build	M	Add hardware-enforcement hooks in Capability checks	INV-0954	§51 hardware layer: design hooks now from the x86-enforcement-study, enable on capable hardware later. Does not freeze an L1 surface.	SEC-037
SEC-@hardware-id-denial	V1	build	S	Hide stable hardware identifiers without a Capability	GAP-0236	No ambient machine ID, TPM EK, disk serial, or MAC; per-application derived identifiers where needed.	SEC-019
SEC-@identity-service	V1	build	M	Build a capability-gated identity service	GAP-0213	V1 daily-driving login: local accounts with Argon2id, no ambient shadow file, typed interfaces only.	SEC-020
SEC-@inspect-capability	V0.5	build	M	Implement scoped Inspect capability	INV-1265	V0 os inspect gate must not be ambient: Capability<Inspect> is scoped to a ResourceDomain or Component subtree.	SEC-008
SEC-@install-capability-review	V2	build	S	Review and deny optional Capabilities at install		V2 store-client gate: capability requests are shown and can be denied at install.	SEC-038
SEC-@isolation-conformance-freeze	V4	build	S	Freeze the ambient-authority conformance suite		V4 hardening gate: the §9.1 denial suite is complete, runs on every RC, and is part of the evidence pack.	SEC-072
SEC-@isolation-conformance-v1	V1	build	S	Extend isolation suite to ImageDecoder microphone denial	INV-0241	Audio exists at V1; ImageDecoder must still hold no microphone Capability.	SEC-021
SEC-@isolation-conformance-v2	V2	build	S	Extend isolation suite to ambient camera denial	INV-0204	Camera service exists at V2; a native app must not receive camera access automatically.	SEC-039
SEC-@isolation-enum-tests	V0	build	S	Deny ambient process enumeration in native Components	INV-0206,INV-0239,INV-0242	V0 isolation demo and §9.1/§11 require a Component, including ImageDecoder, to hold no ambient process-enumeration or network Capability.	SEC-001
SEC-@isolation-harness	V0.5	build	S	Build the ambient-authority denial test harness		Critique: §9.1 constraints become lint/test tasks. Shared harness for filesystem, home, device, app-data, and later camera/microphone denials on qemu-x86_64.	SEC-009
SEC-@keyslot-rotation	V2	build	S	Support passphrase change and cryptographic erase	GAP-0200	Rotate key-slots without re-encrypting; cryptographic erase is the factory-reset primitive.	SEC-040
SEC-@location-service	V2	build	M	Expose coarse and precise location as Capabilities	GAP-0289,INV-0209	V2 sensitive permission: timezone/Wi-Fi geolocation versus precise location as separate Capabilities, with no ambient location.	SEC-041
SEC-@multi-user-scope	V2	adr	M	Decide 1.0 multi-user and per-user encryption scope	GAP-0218	Must precede V3 multi-user sessions: local account count, fast user switching, concurrent graphical sessions, and per-user home keys.	SEC-042
SEC-@multi-user-sessions	V3	build	L	Implement multi-user login with isolated sessions		V3 multi-user gate: two users with separate sessions, Capability stores, and encrypted data. Crosses identity, Session, secrets, and storage.	SEC-060
SEC-@native-tls-trust	V1	build	S	Consume the CA trust store in native TLS		EXTRA-019: native TLS consumes the typed store; an app without the store Capability cannot use default system CAs.	SEC-022
SEC-@no-setuid-lint	V1	build	S	Forbid setuid binaries in native Packages		GAP-0220: native Packages contain no setuid binaries; CI lint rejects setuid bits on native artifacts.	SEC-023
SEC-@nongoal-certs	1.0	adr	S	Declare formal certifications out of scope for 1.0	GAP-0085	Nongoal adr: do not pursue Common Criteria or FIPS 140 for 1.0.	SEC-074
SEC-@nongoal-enterprise	1.0	adr	S	Declare multi-seat, guest, kiosk, and enterprise directory out of scope	GAP-0219,GAP-0441	Nongoal adr: no multi-seat, guest, kiosk, LDAP/AD/Kerberos/SSO, Group Policy, or fleet management for 1.0, while authenticators stay pluggable.	SEC-075
SEC-@per-user-home-keys	V3	build	M	Encrypt per-user data with keys unlocked at login		Implements the multi-user-scope adr: per-user home data encrypted under keys unlocked at login, required by the V3 two-user encrypted-data gate.	SEC-061
SEC-@permissions-prompt-policy	V2	adr	S	Decide permission prompt policy against fatigue		V2 ADR list includes permissions prompt policy. Complements V0.5 grant taxonomy with default, persistence, and anti-fatigue rules for the prompt runtime.	SEC-043
SEC-@permissions-prompt-runtime	V2	build	M	Implement trusted permission prompts		V2 prompts for capability requests. GFX owns trusted-UI surfaces; SEC owns prompt state, grant recording, and deny-without-crash behaviour.	SEC-044
SEC-@permissions-ui-v1	V2	build	M	Ship permissions UI to view and revoke grants		V2 gate: permissions UI lists every active grant and revocation takes effect immediately, tested with camera, microphone, files, network, and screen capture.	SEC-045
SEC-@permissions-ui-v2	V3	build	M	Add audit history and one-time grants to permissions UI	INV-1244,INV-0932	V3 permissions UI v2: per-application audit history, one-time grants, and compatibility-application grants in the same UI as native apps.	SEC-062
SEC-@permissions-usability	V3	docs	S	Run the permissions UI usability study		V3 gate: a user can see every grant and when it was used, revoke or convert to one-time, with usability-study task completion at least 80 percent.	SEC-063
SEC-@personality-ca-mirror	V1	build	S	Mirror the CA trust store into personalities		EXTRA-019: native trust store is mirrored into Linux and Windows personality certificate stores so pinning and enrolment apply once.	SEC-024
SEC-@recovery-key-save	V1	build	S	Require saving an offline recovery key		GAP-0198 recovery-key path starts when volumes exist: generate an offline recovery key the user must save; no cloud escrow by default.	SEC-025
SEC-@remote-interface-policy	LATER	adr	M	Decide remote-interface Capability, identity, and encryption rules	INV-0809,INV-0810,INV-0811,INV-0814	Critique parks distribution at LATER. When remote transports exist they must honour Capabilities, endpoint identity, encryption, and explicit user policy, and must not become a kernel concern.	SEC-079
SEC-@safety-layers-policy	V0.5	docs	S	Record defence-in-depth and authority-design rules	INV-0949,INV-0950,INV-0956,INV-1294	§51 and Principle 3 collapse into standing lint/review rules: Rust is not sufficient, unsafe is isolated, deny-list sandboxes are not the primary mechanism. Unsafe inventory CI is BLD.	SEC-010
SEC-@screen-share-capability	V0.5	build	S	Require an explicit screen-share Capability	INV-0751	V0.5 compositor must not grant unrestricted capture; capture exists only as an explicit screen-share Capability. User-facing share UX is V2.	SEC-011
SEC-@screen-share-denial-gate	V2	build	S	Verify screen-share denial on the V2 gate		V2 screen-sharing gate: without the screen-share Capability the app receives a black or denied surface; sharing shows a persistent indicator (GFX).	SEC-046
SEC-@secrets-isolation-suite	V1	build	S	Prove no application can read another app's secrets		GAP-0222 isolation claim needs a gate test: enumerate and read of another Component's secrets return Error::Rights and allocate no handle.	SEC-026
SEC-@secrets-service	V1	build	M	Build a per-application secrets service	GAP-0222	V1 keyring: each app's secrets are Capability-scoped objects under a per-user key unlocked at login.	SEC-027
SEC-@security-posture-gate	1.0	docs	S	Verify 1.0 security-posture claims against the threat model		1.0 definition security posture: no ambient authority, permissions UI, FDE, Secure Boot and measured boot on Tier 1, public threat model, external audit closed, continuous fuzzing, reproducible builds.	SEC-076
SEC-@session-object	V1	build	M	Implement Session linking identity, seat, and root	GAP-0214	V1 identity scope: Session binds user, seat, display, and the session Capability root, with lock, unlock, idle, suspend-inhibit, and end-of-session as typed interfaces.	SEC-028
SEC-@session-switch-state	V3	build	S	Preserve session state across user switches		V3 multi-user gate: switching sessions preserves state.	SEC-064
SEC-@side-channel-statement	V1	docs	S	Publish the microarchitectural side-channel statement	EXTRA-015	Critique missing-req: state what isolation Capabilities claim, which shared resources are cross-domain channels, and which mitigations are on by default.	SEC-029
SEC-@ssh-git-agent	V1	build	S	Back SSH agent and Git credentials with secrets	GAP-0223	V1 self-hosting needs Git over SSH without plaintext keys; optional TPM- or FIDO2-resident keys come later.	SEC-030
SEC-@store-degraded-launch	V2	build	S	Launch Packages in degraded mode when optional grants are denied		V2 store gate: denying optional Capabilities still launches the application in a declared degraded mode.	SEC-047
SEC-@suspend-key-eviction	V1	adr	M	Decide disk-key eviction on suspend	GAP-0201	Pulled to V1 because V1 ships suspend/resume. Decides RAM eviction, re-unlock on resume, suspend-then-hibernate, and whether hibernation is allowed under lockdown.	SEC-031
SEC-@suspend-key-policy	V2	build	M	Implement suspend key-eviction and hibernate policy		Implements the V1 suspend-key-eviction adr on laptops, including authenticated hibernation images if lockdown allows hibernate.	SEC-048
SEC-@threat-model-refresh	1.0	docs	S	Refresh the public threat model for 1.0		1.0 definition requires a public threat model; refresh the V0 document against shipped surfaces and closed audit findings.	SEC-077
SEC-@threat-model-register	V0	docs	M	Publish threat model and threat register	EXTRA-048,EXTRA-063,GAP-0165,GAP-0540,INV-0958,INV-0244	Critique moves the threat model and T-ID register to V0 so every CAP/SEC/BOOT adr cites threats before designs freeze. Names adversaries, assets, trust boundaries, safety layers, and per-Component blast radius.	SEC-002
SEC-@tpm-degraded-unlock	V2	build	S	Provide passphrase-only unlock without a TPM		GAP-0190 degraded path: machines without TPM 2.0 unlock with passphrase only and skip measured-boot seals.	SEC-049
SEC-@tpm-event-inspect	V3	build	S	Expose TPM event log and PCR state via os inspect	GAP-0193	Local TPM event log and PCR inspection for understandability; remote attestation is a documented 1.0 non-goal.	SEC-065
SEC-@tpm-requirement	V2	adr	S	Decide TPM 2.0 as requirement versus optional	GAP-0190	V2 measured boot and sealed keys need a hard-requirement versus optional decision and degraded passphrase-only behaviour on machines without a TPM.	SEC-050
SEC-@tpm-reseal	V2	build	M	Reseal TPM-bound keys across firmware updates	GAP-0199	Re-seal before and after firmware updates and Secure Boot key changes so PCR changes do not strand the user at recovery.	SEC-051
SEC-@tpm-seal-disk-key	V2	build	M	Seal disk keys to TPM PCRs with a recovery key	GAP-0198	V2 FDE: optional PIN, PCR-bound unseal, and a recovery key the user already saved; no cloud escrow by default.	SEC-052
SEC-@tpm-service	V2	build	M	Expose TPM only through a capability-gated service	GAP-0192	No ambient /dev/tpm0 or tpm2-tss; userspace TPM use is a Capability-gated service.	SEC-053
SEC-@user-identity	V0.5	adr	M	Decide user identity versus Capability roots	GAP-0212,GAP-0541	Pulled to V0.5 so V1 identity and Session work is not blocked. Decides kernel uid versus userspace identity mapped to Capability roots, and how login becomes the session root holder.	SEC-012
SEC-@webauthn-platform	V3	spike	S	Research a WebAuthn platform authenticator	GAP-0226	Spike whether the OS should be a WebAuthn/passkey provider backed by TPM and biometrics, and what browser integration that needs, before a V4 provider.	SEC-066
SEC-@webauthn-provider	V4	build	M	Ship a WebAuthn platform authenticator		GAP-0226: a 1.0 desktop without a platform authenticator pushes users to third-party managers. Depends on the V3 spike; drop if the spike rejects it.	SEC-073
SEC-@x86-enforcement-study	V1	spike	M	Evaluate MPK, CET, and LAM for unsafe isolation	INV-0960	Pulled to V1 so V2 hardware-enforcement hooks depend on a done spike. Explores x86-64 MPK/PKU, CET shadow stacks, and LAM for isolating unsafe code inside Components.	SEC-032
SEM-@action-graph-demo	V2	build	M	Demonstrate Workspace.search to IDE.runTests action graph	INV-0824	V2 exit and demo: AI assistant performs 'find yesterday's Postgres branch and run its tests' through Workspace.search → Project Capability → Editor.openProject → Editor.runTests; the graph is logged and one step is revocable (CAP).	SEM-009
SEM-@ai-broker	V2	build	L	Implement the AI broker over typed Capabilities	INV-0795,INV-0825,INV-0831	Critique: AI broker after registry and automation. INV-0795/0825/0831: the AI broker obtains typed, permissioned, logged, revocable, scoped Capabilities and composes IDL-only action graphs across applications.	SEM-010
SEM-@app-event-model	V2	build	M	Define the typed application event model	INV-0839	INV-0839: apps emit typed events such as Download.completed(file) and Meeting.start over Semantic interfaces; events carry delegated Capabilities, not paths. STO owns file.type.	SEM-011
SEM-@assistant-host	V2	build	L	Host the assistant runtime as an ordinary Component	INV-0821,INV-0820	INV-0821/INV-0820: the agent runtime is an ordinary Component with an explicit Capability set, not a privileged process; depends on registry-service, decide-model-execution, and lint-ai-after-registry. No model runtime in the OS.	SEM-012
SEM-@automation-layer	V2	build	M	Implement the automation layer over Semantic interfaces	INV-0837,INV-0791	INV-0837/INV-0791: the client runtime that automation and scripting callers use to bind and invoke Semantic interfaces with typed Capabilities; depends on registry-service and interface-capability-grants.	SEM-013
SEM-@bench-registry-lookup	V2	benchmark	S	Publish Semantic interface registry lookup latency		BEN anti-fake-claim: V2 semantic automation is user-visible, so registry lookup latency is published with no target; harness runs on V2 reference machines beside IPC round-trip.	SEM-014
SEM-@bench-rule-dispatch	V2	benchmark	S	Publish Automation rule dispatch latency		BEN anti-fake-claim: event-to-action latency of the rule engine is published with no target so the V2 automation gate never states an unmeasured number.	SEM-015
SEM-@conformance-catalogue	V4	build	M	Build the Semantic interface catalogue conformance suite		V4 L2 lock needs a conformance suite proving catalogue methods, Capability passing, and grant denial; binaries built against the freeze candidate keep running on later beta builds.	SEM-040
SEM-@cross-app-integration	V2	build	M	Prove cross-app integration over Semantic interfaces	INV-0794	INV-0794: two distinct applications discover each other through the registry and complete a typed call with a transferred Capability; permanent integration test on qemu-x86_64 and the V2 desktop.	SEM-016
SEM-@decide-discovery-permission	V1	adr	M	Decide Semantic interface discovery and caller permissioning	GAP-0551	GAP-0551: accept one of per-interface Capability grants, manifest-declared exposure with session grants, or a user-consent bind flow before any Semantic interface ships at V1; depends on spike-expose-method.	SEM-004
SEM-@decide-model-execution	V2	adr	S	Decide where assistant models execute	INV-0834	INV-0834: choose local ComputeDevice/NPU, remote service, or user-selectable both; reject an OS-bundled model runtime. Depends on spike-model-placement and HET ComputeDevice enumeration.	SEM-017
SEM-@decide-rule-format	V2	adr	S	Decide the Automation rule format	INV-0844	INV-0844 and the V2 'automation rules model' ADR: choose declarative rules, a scripting language, or Wasm automation modules; WASM owns a Wasm host if that option wins. Depends on spike-rule-formats.	SEM-018
SEM-@demo-download-extract	V2	build	S	Demonstrate Download.completed to Extractor.extract	INV-0841	V2 exit: first of three shipped example rules runs without GUI input; Download.completed with file.type Archive delegates the file Capability to Extractor.extract.	SEM-019
SEM-@demo-meeting-notes	V2	build	S	Demonstrate Meeting.start to Notes.create	INV-0842	V2 exit: second shipped example rule; Meeting.start triggers Notes.create(meeting) through typed Capabilities with the action logged.	SEM-020
SEM-@demo-project-env-rule	V2	build	S	Demonstrate Project opened to environment start		V2 exit names three example rules including 'project opened → start environment'; invokes ENV via a Semantic interface when Editor.openProject succeeds.	SEM-021
SEM-@docs-1x-catalogue	1.0	docs	S	Publish the 1.x supported Semantic interface catalogue		1.0 exit: Layer 2 supported interface versions are listed in a published compatibility document with the two-minor-release deprecation policy; SEM authors the Semantic interface pages.	SEM-043
SEM-@docs-authoring-guide	V1	docs	S	Publish Semantic interface authoring guidelines		V1 SDK v1 needs verb/object rules, no-input-synthesis, and Capability-passing idioms for IDL authors; complements IPC interface-design guidelines with the §42 Semantic interface contract.	SEM-005
SEM-@docs-automation-guide	V3	docs	M	Publish the public-alpha automation and Semantic interface guide		V3 public documentation gate: strangers need a user/SDK guide for Semantic interfaces, Automation rules, and the AI broker; DOC publishes, SEM authors the normative pages.	SEM-036
SEM-@editor-ide-interface	V2	build	M	Ship the reference Editor Semantic interface in the native editor	INV-0789	INV-0789: Editor.openProject(Project), searchSymbols(Query) -> Symbol[], and runTests(TestSelection) -> TestRun on the native editor, extending V1 Editor.open for the V2 action-graph demo.	SEM-022
SEM-@evolution-test-l2	V4	build	M	Run Layer 2 evolution tests on catalogue Semantic interfaces		V4 exit: old-client/new-service and new-client/old-service pass for every core interface; SEM retains the Editor and Terminal evolution tests as permanent CI.	SEM-041
SEM-@expose-idl-interfaces	V1	build	M	Let applications expose typed Semantic interfaces from IDL	INV-0788	V1 scope 'Semantic interface v0 for Terminal and Editor as proof': applications expose typed Semantic interfaces defined in the native IDL; depends on decide-discovery-permission and IPC idl-semantic-annotations.	SEM-006
SEM-@expose-shell-app-interfaces	V2	build	M	Expose Semantic interfaces from shipped native UI applications	INV-0774	INV-0774 §41 via §42/§45: shipped native UI applications (shell, four apps, settings) expose Semantic interfaces for automation, not widget scraping; toolkit-level actions stay in UIP.	SEM-023
SEM-@fixture-extractor-notes	V2	build	S	Ship Extractor and Notes fixture Components		V2 example rules name Extractor.extract(file) and Notes.create(meeting); fixture Components expose those Semantic interfaces so the demos do not invent a mail or archive product.	SEM-024
SEM-@fuzz-registry-and-rules	V3	build	M	Fuzz the registry and Automation rule engine		V3 continuous-fuzzing gate extends to userspace SEM services: registry lookup, grant checks, and rule evaluation have harnesses with no known open crasher older than the kernel fuzz SLA.	SEM-037
SEM-@gate-1-0-semantic-demo	1.0	build	S	Demonstrate 1.0 AI-assisted automation with visible Capability grants		1.0 demo: a working day includes AI-assisted semantic automation with visible Capability grants, then rollback of a package change from os history, on a Tier 1 machine of the release candidate.	SEM-044
SEM-@history-rule-events	V3	build	M	Record Automation rule changes as system history events	INV-0845	INV-0845 §31: Automation rule creation and changes appear in os history and are restorable with configuration; PKG owns history storage, SEM emits the events.	SEM-038
SEM-@inspect-rules-and-graphs	V2	build	S	Expose registry, rules, and action graphs to os inspect		V2 exit: the AI demo's action graph is inspectable; SEM registers os inspect providers for the registry, Automation rules, and live graphs. OBS owns audit storage.	SEM-025
SEM-@interface-capability-grants	V2	build	M	Require a Capability to invoke another app's Semantic interface	INV-0799	INV-0799: access to another application's Semantic interface requires a Capability granted by the user or policy; implements decide-discovery-permission and fails with Error::Rights and no handle when the grant is absent.	SEM-026
SEM-@isolate-per-user-registry	V3	build	M	Isolate the Semantic interface registry per user		V3 multi-user exit: two users have separate Capability stores; the registry and Automation rules must not leak another user's interfaces or grants across sessions.	SEM-039
SEM-@lint-ai-after-registry	V0.5	build	S	Gate AI broker crates on a done Semantic interface registry	INV-0819,INV-0833,INV-1125,INV-1304	Enforces §57 and §67 principle 13 from V0: AI broker and assistant-host crates cannot land until a Semantic interface registry task is done, and they must not be omnipotent privileged processes.	SEM-001
SEM-@lint-no-input-synthesis	V0.5	build	S	Forbid input synthesis and GUI scraping in Semantic interface code	INV-0797,INV-0838,INV-1303,INV-0044	Collapses the §42/§45/§67 principle-12 invariants into a V0 CI lint and crate review so no Semantic interface is implemented by synthesising mouse or keyboard input or by GUI scraping; INV-0044 is the same standing rule for AI callers.	SEM-002
SEM-@lock-catalogue-versions	V4	build	S	Lock Semantic interface catalogue versions for 1.x		V4 exit: Layer 2 interface versions for 1.x are enumerated and locked; SEM lists Editor, Terminal, Workspace, Mail, Download, Meeting, Extractor, and Notes versions served for 1.x.	SEM-042
SEM-@mail-interface	V2	build	S	Define the reference Mail Semantic interface	INV-0790	INV-0790: catalogue IDL for Mail.search, compose, and reply with a fixture Component; APP parks mail sync for 1.0 so this is the interface hook, not a mail client.	SEM-027
SEM-@project-capability-type	V2	build	M	Define a transferable Project Capability type	INV-0823	INV-0823: Project is a Capability type transferable among Workspace, Editor, and assistant Components with attenuation and revocation; required before the action-graph demo.	SEM-028
SEM-@registry-service	V2	build	L	Implement the system Semantic interface registry service	INV-0798	Critique ordering: registry before automation and AI. INV-0798 is the system discovery service so one Component finds another application's exposed interfaces; extends registry-v0 with live registration, crash rebind, and manifest ingest.	SEM-029
SEM-@registry-v0	V1	build	M	Ship a session-local Semantic interface registry		V1 exit needs lookup of Terminal.run and Editor.open without the V2 system-wide registry service; ACC decide-one-tree-or-two and PKG manifest-semantic-interfaces consume this registry design.	SEM-007
SEM-@rule-capability-delegation	V2	build	M	Hold only delegated Capabilities in Automation rules	INV-0843,INV-0847	INV-0843: rules hold delegated typed Capabilities from events rather than ambient authority. INV-0847: background rules require Capability<BackgroundExecution> from CAP; missing grant returns Error::Rights.	SEM-030
SEM-@rule-engine	V2	build	L	Implement the Automation rule trigger engine	INV-0840,INV-1229	V2 exit 'user-visible rules engine' and INV-0840/INV-1229: evaluate when-event if-condition action rules over the event model; depends on decide-rule-format and app-event-model. Critique: automation before AI broker.	SEM-031
SEM-@ship-terminal-editor-v0	V1	build	M	Ship Terminal.run and Editor.open Semantic interface v0		V1 exit and typed-automation demo: an automation script invokes Terminal.run and Editor.open through typed interfaces without GUI input; retained as a permanent CI test on qemu-x86_64.	SEM-008
SEM-@spike-expose-method	V0.5	spike	S	Prototype one Editor method as a typed Semantic interface		Critique freeze-before-spike: the V1 gate that an automation script invokes Terminal.run and Editor.open needs a measured Editor-method prototype before decide-discovery-permission; V0.5 scope allows interfaces the four apps need.	SEM-003
SEM-@spike-model-placement	V2	spike	S	Prototype local ComputeDevice versus remote model placement		Must precede decide-model-execution; measures a local ComputeDevice/NPU path versus a remote-service path and records that the OS supplies Capability plumbing, not a model runtime.	SEM-032
SEM-@spike-postgres-scenario	V2	spike	M	Prototype the Postgres-branch test-run AI scenario	INV-0836	INV-0836 validates the capability-based AI model on 'find the Postgres backup branch and run its tests' before assistant-host and ai-broker; depends on registry-service and editor-ide-interface.	SEM-033
SEM-@spike-rule-formats	V2	spike	M	Prototype declarative, script, and Wasm Automation rule formats		Must precede decide-rule-format; V2 exit requires an accepted automation-rules-model ADR. Report compares declarative rules, a scripting language, and Wasm automation modules on Terminal.run/Editor.open.	SEM-034
SEM-@workspace-search-interface	V2	build	M	Define Workspace.search returning Project Capabilities	INV-0822	INV-0822 is the first hop of the V2 AI action graph; Workspace.search returns Project Capabilities consumed by Editor.openProject. ENV owns os env; SEM owns this Semantic interface.	SEM-035
STO-@application-data-storage	V0.5	build	M	Provide ApplicationData private storage granted by default at launch	INV-0484	Every V0.5 native app needs prompt-free private persistent storage; grant taxonomy from SEC GAP-0227.	STO-002
STO-@atomic-replace	V0.5	build	S	Implement atomic replacement of a file or tree with no partial reads	INV-0501	Generation switching and settings writes at V0.5 require readers never to observe a partial update.	STO-003
STO-@backup-service	V3	build	L	Build encrypted scheduled snapshot-based backup to external and network targets	EXTRA-036	Critique missing requirement 35; incremental snapshot send with keys in SEC's secrets service.	STO-071
STO-@bench-snapshot-restore	V2	benchmark	S	Benchmark snapshot creation and restore time on the three target machines	INV-0496,INV-1227	V2 benchmark gate 'snapshot creation and restore time measured and published'.	STO-054
STO-@bench-storage-object-io	V0.5	benchmark	M	Benchmark capability-scoped storage object I/O against direct Linux file I/O		BEN register metric INV-1027 (V0.5) measures access through storage objects versus direct Linux file I/O; STO owns the harness that drives its own service, BEN owns methodology and publication.	STO-004
STO-@blob-object	V0.5	build	M	Define Blob as a sealed immutable byte object identified by content hash	INV-0482,INV-0499,INV-0509	Immutable sealed versions and sha256:<hex> style identifiers are needed by packages and generations at V0.5.	STO-005
STO-@change-notification-operation	V1	build	L	Define a typed change-notification Operation for File, Directory and Collection	EXTRA-005	Critique missing requirement 5: IDEs in the V1 L2 corpus need watch semantics; STO ships the Operation and a bridge library that LNX wires to inotify/fanotify.	STO-035
STO-@checksum-corruption-errors	V0.5	build	S	Surface data and metadata checksum failures as typed corruption errors on read	INV-0498	Maps substrate checksum detection into the storage Operation error model so applications and the V2 scrub UX get typed errors.	STO-006
STO-@chooser-isolation-test	V0.5	build	S	Prove files.choose<Image>() works with no Capability to the containing directory	INV-0489,INV-0217	V0.5 exit: Image Viewer opens a chosen image and cannot enumerate or open any other file in the same directory; retained permanently as a regression test.	STO-007
STO-@cloud-storage-providers	V4	build	L	Ship the 1.0 cloud storage providers with on-demand hydration	GAP-0437	Implements decide-storage-provider-interface for the providers chosen for 1.0; feature-complete before V4 feature freeze.	STO-078
STO-@collection-object	V1	build	M	Define Collection as a typed user-meaningful group of items independent of layout	INV-0481	§25 Collection; foundation for removable volumes, network shares and cloud providers surfacing as capability-scoped Collections.	STO-036
STO-@content-store-dedup	V0.5	build	M	Deduplicate identical objects across packages, generations and caches	INV-0512	V0.5 exit verifies deduplication by store size.	STO-008
STO-@content-store-gc	V1	build	M	Implement content-store garbage collection with pinning and `os store gc`	INV-0524	Implements decide-store-gc-policy; prevents unbounded store growth under daily-driving at V1.	STO-037
STO-@content-store-service	V0.5	build	L	Build the content-addressed object store with reference counting	INV-0511,INV-0509	V0.5 exit: installing a package adds objects to the content-addressed store; two library versions coexist.	STO-009
STO-@content-store-verify	V0.5	build	S	Recompute hashes on ingest and on verification requests	INV-0513	Integrity on ingest protects the store from V0.5; on-demand verification backs the V1 verity work.	STO-010
STO-@cow-clone-operations	V0.5	build	M	Expose copy-on-write clone Operations for files and trees over reflink	INV-0495,INV-0500	CoW and cheap clones over the chosen substrate; needed by snapshots, generations and the V1 environment snapshot.	STO-011
STO-@decide-bitlocker-readability	V3	adr	S	Decide whether BitLocker volumes are readable via user-space dislocker-style support	GAP-0431	The decision half of GAP-0431; depends on GOV licensing review of the candidate implementation.	STO-072
STO-@decide-capability-scoped-namespace	V0.5	adr	M	Decide replacing the global namespace with capability-scoped storage objects	INV-0073,INV-0477	The §25 model ADR: applications see typed objects, humans keep files and folders through privileged holders (File Browser, chooser); options include per-component roots, object graphs and hybrid path facades for personalities.	STO-012
STO-@decide-content-hash	V0.5	adr	S	Decide the content-hash algorithm, identifier format, chunking and upgrade path	INV-0510	V0.5 exit requires an accepted content-addressing ADR before packages and generations are stored.	STO-013
STO-@decide-durability-contract	V1	adr	S	Decide when Write and StorageTransaction data is power-loss safe	EXTRA-007	Critique missing requirement 7; options include fsync-on-commit, group-commit with bounded window and explicit Durable flag on Write.	STO-038
STO-@decide-encryption-layering	V1	adr	M	Decide encryption layering across the verified system store and encrypted user data	GAP-0195	Must precede V3 FDE installer; depends on SEC's disk-encryption mechanism decision (GAP-0194, GAP-0527) and states how dedup interacts with encryption.	STO-039
STO-@decide-foreign-fs-degradation	V2	adr	M	Decide how the storage model degrades on foreign filesystems lacking its metadata	GAP-0428	Precedes NTFS and exFAT support: xattr fallback, case-insensitivity, forbidden characters, timestamp precision and permission bits.	STO-055
STO-@decide-partition-layout	V0.5	adr	M	Decide GPT partition and volume layout for store, generations, user data, swap and recovery	GAP-0412	Must be fixed before V0.5 generations exist; includes registered partition type GUIDs so foreign tools identify JakeOS partitions.	STO-014
STO-@decide-persistent-memory-object	V1	adr	S	Decide persistent MemoryObject semantics: storage backing, crash consistency, content addressing	INV-0318	Answers the §16 open question before the persistent property ships; depends on MEM's file-mapping definition (EXTRA-006) and the durability contract.	STO-040
STO-@decide-save-as-flow	V0.5	adr	S	Decide how an application gains authority to create one new file in a user-chosen place	INV-0492	Text Editor at V0.5 must save without directory access; options include chooser-created File capability versus a single-use Capability<Directory, CreateOne>.	STO-015
STO-@decide-state-capture-restore	V2	adr	S	Decide how configuration and application state become versioned restorable objects	INV-0588	V2 exit restores OS, packages and configuration from the UI; options are a structured settings store (SVC GAP-0278) versus snapshotting ApplicationData.	STO-056
STO-@decide-storage-provider-interface	V3	adr	M	Decide the native storage-provider interface for network and cloud Collections	GAP-0437	Scheduled before network-share-providers (V3) and cloud-storage-providers (V4) so both use one provider contract with on-demand hydration.	STO-073
STO-@decide-storage-substrate	V0.5	adr	M	Decide the initial Linux filesystem under the native storage layer	INV-0504,GAP-0023,INV-0505,INV-1116	V0.5 exit requires an accepted filesystem-choice ADR; critique contradiction 4 requires ZFS listed as rejected on CDDL licence grounds before measurement; the decision also records the standing rule that no native filesystem is built before 1.0.	STO-016
STO-@decide-store-fs-mapping	V0.5	adr	S	Decide how the content store maps onto the chosen filesystem without double storage	INV-0525	Depends on decide-storage-substrate and PKG's store layout decision (GAP-0525); chooses hardlinked object directory, reflinked files or filesystem-native dedup.	STO-017
STO-@decide-store-gc-policy	V1	adr	S	Decide content-store garbage collection: root set, policy and user control	INV-0524	Answers the §27 GC question before the V1 signed repository produces many generations; options include generation-count roots, age-based and user-pinned roots.	STO-041
STO-@decide-three-view-mapping	V1	adr	M	Decide three-view mapping of user data across native and personalities	GAP-0416	Critique folds native Collections versus Linux POSIX home versus Windows C:\Users into STO. personality-view-api is the later API, not the mapping Decision. Options: one object graph with two path facades versus copy-on-first-use versus adopt-in-place per personality. INS migration imports consume the mapping.	STO-042
STO-@decide-typed-kind-registry	V0.5	adr	M	Decide the platform type registry behind choose<T>, UserSelected<T> and file.type	INV-0490,INV-0985,INV-0848	One decision: where typed object kinds such as Image come from and how they map to content types; answers the V0.5 chooser questions and the V2 automation file.type question early so SEM and SDK share one type system.	STO-018
STO-@directory-object	V0.5	build	M	Define Object<Directory> whose Capability scopes access to its subtree	INV-0160,INV-0480	Required by the File Browser and the temporary-storage and ApplicationData roots at V0.5.	STO-019
STO-@disk-health-service	V2	build	M	Build disk health: TRIM/discard policy and SMART monitoring with notifications	EXTRA-035	Critique missing requirement 34; runs as a supervised SVC service with typed device capabilities from HW.	STO-057
STO-@environment-storage-snapshot	V1	build	M	Provide the StorageSnapshot primitive used by `os env` environments	INV-0496	V1 exit `os env enter` cached p50 target needs pre-created copy-on-write snapshots of project and dependency storage (ENV INV-0657, INV-0662); §35 forbids an overlay stack.	STO-043
STO-@exfat-fat32-removable	V2	build	M	Support exFAT and FAT32 removable media with formatting and known limitations	GAP-0427	Cameras, SD cards and consoles are exFAT; includes timestamp and character-set limitation surfacing per decide-foreign-fs-degradation.	STO-058
STO-@file-object-operations	V0.5	build	M	Define Object<File> with Read, Write and metadata Operations and its rights set	INV-0159	Completes the V0 File object into the §7 typed object with async Operations, typed errors and the rights taxonomy used by the chooser.	STO-020
STO-@file-object-v0	V0	build	M	Expose File as a typed kernel object reachable only via Capability<File, Rights>	INV-0479,INV-0478	Critique ordering fix: STO collapses to a single V0 deliverable, a File object sufficient for the V0 exit tests (Capability<File, ReadWrite> derives Read, Admin derivation and forged handles fail, revocation at depth 8, isolation demo typed denial). Raw block/filesystem passthrough only per V0 scope-out.	STO-001
STO-@foreign-linux-volumes	V3	build	M	Unlock and mount LUKS, ext4, Btrfs and XFS volumes from other Linux installs	GAP-0431	Prerequisite for INS's in-place migration at V3.	STO-074
STO-@hash-keyed-cache	V1	build	M	Provide a content-hash keyed cache API for build outputs, decoded assets and precompiled code	INV-0515	ENV's cached build outputs (INV-0523) and PKG precompiled artefacts (INV-0633) need a shared hash-keyed cache with GC integration.	STO-044
STO-@integrity-verify-command	V1	build	M	Provide on-demand and boot-time integrity verification of stored objects and generations	INV-0503	§26 integrity verification: `os verify` walks a generation against expected hashes; boot-time check reports to BOOT's boot counter.	STO-045
STO-@layout-migration-v3-v4	V4	build	S	Version the on-disk layout and migrate V3 installs in place		V4 exit: in-place upgrade of V3 installs with data preserved and rollback to V3 possible requires a versioned partition and store layout with a migration step.	STO-079
STO-@multi-user-storage-roots	V3	build	M	Provide per-user storage roots and separately encrypted user volumes		V3 exit: two users with separate sessions and separate encrypted data; SEC decides the multi-user model (GAP-0218), STO provides the volume and key-slot layout under decide-encryption-layering.	STO-075
STO-@network-filesystems	V2	build	M	Support SMB, NFS and WebDAV as foreign network filesystems	GAP-0433,GAP-0436	Critique MIG/STO fold: foreign and network filesystems are STO, not NET. Capability-scoped mounts, not a global FHS.	STO-059
STO-@network-share-providers	V3	build	L	Provide SMB, NFS, WebDAV and SFTP shares as storage-provider Collections	GAP-0317,GAP-0433,GAP-0436	Home NAS and office shares surfaced in the chooser and File Browser with credentials in the secrets service.	STO-076
STO-@ntfs-driver-policy	V2	build	M	Retain in-kernel NTFS read/write with dirty-volume and ACL mapping policy	GAP-0426	Dual-boot shared data partitions; INS owns the Fast Startup guidance (GAP-0406), STO owns the driver retention and mapping into the native layer.	STO-060
STO-@partition-layout-tooling	V0.5	build	M	Implement the partition and volume layout library used by the image builder	GAP-0412	Critique places the image builder at V0.5 (INS); STO supplies the layout, mkfs and subvolume creation library and its idempotency tests.	STO-021
STO-@path-authority-lint	V0.5	build	S	Enforce no path-based authority and no default filesystem namespace with lint and tests	INV-0037,INV-0478,INV-1299	Invariants collapse into one enforcement task: a lint rejecting native authority checks keyed on paths and a conformance test that a freshly created Component holds no filesystem namespace; first matters when the V0 File object exists.	STO-022
STO-@persistent-memory-object	V1	build	M	Implement the persistent MemoryObject property backed by durable storage	INV-0313	Implements decide-persistent-memory-object; jointly tested with MEM's mapping coherence.	STO-046
STO-@personality-view-api	V1	build	M	Expose a capability-scoped view API for personalities to synthesise path namespaces		LNX INV-0856 and INV-0493 synthesise POSIX paths and drive letters over native storage; STO must supply the scope-preserving API before V1 browser and IDE file access, without making paths a native authority.	STO-047
STO-@power-cut-durability-test	V1	build	M	Prove the durability contract with a fault-injected power-cut test on NVMe	EXTRA-007	Depends on decide-durability-contract; uses LAB's power-control rig on the reference desktop and QEMU device-reset injection in CI.	STO-048
STO-@recovery-fs-repair	V2	build	M	Provide filesystem repair and store consistency check from the recovery environment	EXTRA-035	Third part of EXTRA-035; ships inside INS's resident recovery generation (GAP-0205) and repairs substrate and store metadata.	STO-061
STO-@removable-media-collections	V2	build	L	Surface removable and MTP volumes as consented Collections with automount and safe eject	GAP-0316,GAP-0429	USB sticks, SD cards and phones appear only as user-consented capability-scoped Collections; /media and drive letters exist only inside personalities via personality-view-api.	STO-062
STO-@restore-user-data	V3	build	M	Make `os restore` revert user data through storage snapshots	INV-0583	§31 restore of user data; PKG owns generation restore, STO owns the user-data revert and pre-restore safety snapshot.	STO-077
STO-@retained-storage-inventory	V0.5	docs	S	Inventory retained Linux storage drivers and filesystems with divergence status	INV-0018,INV-0019,INV-0028,INV-0066,INV-0130,INV-0137	Collapses the six retain/preserve items (NVMe, SATA, mature filesystems, storage drivers) into one inventory listing each mechanism, its Phase A-E fate and the personality that depends on it; feeds KRN's whole-kernel retained-mechanism inventory.	STO-023
STO-@rollback-user-data-proof	1.0	build	S	Verify rollback preserves user data by fault injection on every Tier 1 machine	INV-0583	1.0 exit: rollback preserves user data on every Tier 1 machine under a fault-injected failing generation; INS/PKG/BOOT own the generation flip, STO owns the user-data assertion.	STO-083
STO-@save-as-grant	V0.5	build	S	Implement the save-as grant so an application creates one file without directory access	INV-0492	Implements decide-save-as-flow for the V0.5 Text Editor acceptance scenario.	STO-024
STO-@scheduled-snapshots	V2	build	S	Take scheduled user-data snapshots with a retention policy	INV-1227	Browse-and-restore and Trash need a snapshot history; retention bounded by storage-quotas.	STO-063
STO-@scrub-error-reporting	V2	build	S	Schedule checksum scrubs and report corruption to the user with recovery actions	EXTRA-035	Second half of EXTRA-035; turns checksum-corruption-errors into a user-facing UX with snapshot-based recovery suggestions.	STO-064
STO-@search-index-provider	V2	build	M	Provide a consent-scoped file content index provider for desktop search	GAP-0315	Storage half of desktop search (APP EXTRA-044 owns the service and launcher): indexes only granted Collections, driven by change-notification Operations, with no ambient home access per §9.	STO-065
STO-@snapshot-operations	V0.5	build	M	Expose subtree and system-volume snapshot Operations	INV-0496	V0.5 scope: storage model over a mature CoW filesystem with snapshots; consumed by PKG generations.	STO-025
STO-@spike-filesystem-candidates	V0.5	spike	L	Measure btrfs, bcachefs and XFS-reflink on snapshots, clones, checksums, dedup and crash safety	GAP-0524	Precedes decide-storage-substrate; uses BEN's filesystem harness (INV-0507) and adds crash-consistency runs; ZFS appears only as a licence-excluded reference row.	STO-026
STO-@spike-native-fs-criteria	V2	spike	M	Define and re-evaluate the criteria that would justify a native filesystem or object store	INV-0506	§26 and §57: measured semantic gaps and performance shortfalls recorded against the substrate at each gate; no build task is planned before 1.0.	STO-066
STO-@storage-abi-conformance	V4	build	M	Write L1 conformance tests for File, Directory, Blob and StorageTransaction entry points		V4 exit: every Layer 1 entry point has a conformance test before the freeze ADR; storage objects are L1 surfaces.	STO-080
STO-@storage-audit-remediation	V4	build	M	Close external audit findings in the storage service, store and chooser authority		V4 exit: all High and Critical audit findings fixed and re-verified; storage mediation is in the audit scope.	STO-081
STO-@storage-guides	1.0	docs	M	Write the storage user and administrator guides for 1.0		1.0 documentation exit: user and administrator guides must cover snapshots, quotas, backup, foreign and network volumes and the chooser model; DOC owns the pipeline, STO authors the content.	STO-084
STO-@storage-inspect-trace	V1	build	S	Add `os inspect storage` and trace events for storage Operations and snapshots		V1 exit requires `os trace` export of a session and the debugger to show async Operations; storage Operations and snapshot events must appear in OBS's schema.	STO-049
STO-@storage-interface-versioning	V1	build	S	Add old-client/new-service versioning tests for every storage L2 interface		V1 freezes L2 evolution rules (critique freeze-before-spike); storage interfaces are SDK v1 freeze candidates and need the interface-evolution test the V4 gate later requires.	STO-050
STO-@storage-l2-lock	V4	build	S	Enumerate and lock storage L2 interface versions for 1.x		V4 exit: Layer 2 interface versions for 1.x are enumerated and locked with the evolution test passing for every core interface.	STO-082
STO-@storage-quotas	V2	build	M	Provide storage quotas per user and per ResourceDomain as typed objects	EXTRA-034	Critique missing requirement 33; quota objects consumed by APP's settings UI and SCH's ResourceDomain budgets.	STO-067
STO-@storage-regression-matrix	V0.5	build	M	Add NVMe, SATA and ext4/btrfs/xfs/vfat regression tests to the CI matrix	INV-0018,INV-0019,INV-0028,INV-0066,INV-0130,INV-0137	Second of the two permitted retain-item tasks: boot and I/O tests on virtio and the reference desktop NVMe/SATA plus mount and LTP filesystem subsets for the four retained filesystems, so V0 'Linux compatibility intact' covers storage.	STO-028
STO-@storage-service-skeleton	V0.5	build	L	Build the user-space storage service mediating capability-scoped access to the substrate	INV-0109,INV-0508	The §4 user-space Storage service; hosts every storage object below and is supervised by SVC.	STO-029
STO-@storage-threat-notes	V0.5	docs	S	Write the storage threat analysis: chooser spoofing, TOCTOU across snapshots, store poisoning		SEC's V0 threat model (GAP-0540) requires storage designs to cite the threats they address before being fixed; this feeds the V0.5 storage ADRs and the threat register.	STO-030
STO-@storage-transaction-operation	V0.5	build	L	Add the StorageTransaction Operation kind with commit and abort completion	INV-0356	§18 Operation kind; V0.5 delivers single-volume atomic grouping used by package install and generation build, coordinated with TSK's Operation model and ABI's Operation-kind decision (INV-0357).	STO-031
STO-@storage-transactions-multi	V1	build	L	Complete multi-object StorageTransaction with all-or-nothing commit across trees	INV-0502,INV-0356	§26 transactions backing the §18 Operation; V1 generation updates from the signed repository and `os restore` rely on grouped atomic changes.	STO-051
STO-@store-write-boundary-test	V0.5	build	S	Add a filesystem-diff test that package install writes nothing outside the store	INV-0041,INV-0526,INV-0534,INV-0535,INV-0537,INV-0538,INV-1183,INV-0536	V0.5 exit criterion 'installing a package adds it to the content-addressed store without writing outside the store; verified by filesystem diff' has no owning item; PKG performs the install, STO owns the diff harness over its volumes.	STO-032
STO-@system-store-verity	V1	build	L	Apply verity to the immutable system store with the root hash in the signed manifest	GAP-0173,INV-0503	V1 exit: packages are content-addressed, signed and verified before activation; completes the firmware-to-userspace chain with PKG (manifest), BOOT (measured boot) and REL (signing).	STO-052
STO-@temporary-storage-capability	V0.5	build	S	Provide the component-scoped temporary-storage Capability granted at launch	INV-0215	§9.1 launch capability set (UI, GPU, temporary-storage); reclaimed with the Component.	STO-033
STO-@three-view-data-mapping	V2	adr	S	Decide how user data maps across native, Linux home and Windows profile views	GAP-0416	Critique MIG fold: native Collections, POSIX home and C:\Users mapping. STO owns the objects; LNX/WIN present views; INS migrates.	STO-068
STO-@trash-undo-delete	V2	build	M	Implement Trash and undo-delete on storage snapshots	GAP-0316	V2 desktop preview expects a recycle bin; built on snapshot-operations rather than a hidden directory.	STO-069
STO-@user-data-dedup	V1	build	M	Deduplicate identical content in user data with an idle-intent reflink pass	INV-0497	§26 deduplication beyond the content store; runs as a Background-intent component within SCH budgets.	STO-053
STO-@user-selected-grant	V0.5	build	M	Implement UserSelected<T> and the chooser grant returning Capability<Image, ReadWrite>	INV-0485,INV-0216,INV-1184	Authority side of the OS-owned chooser (APP INV-0487 owns the UI): mints the narrow capability, records the audit event, returns the typed object to the SDK call.	STO-034
STO-@user-snapshot-catalog	V2	build	L	Provide the snapshot catalog and restore Operations behind browse-and-restore UI	INV-1227	V2 exit: snapshots and rollback in the settings UI; APP renders, STO owns the catalog, diff and restore of user data and application state.	STO-070
SVC-@bench-init-to-session	V3	benchmark	S	Benchmark the init-to-session service startup timeline on Tier 1 machines		V3 benchmark gate publishes boot time to login per Tier 1 machine beside mainline Linux; this harness publishes the init and service critical path (dependency waits, readiness latency per service) as the SVC-attributable share of that number, so tuning is measured rather than claimed.	SVC-038
SVC-@bench-service-respawn	V0.5	benchmark	S	Benchmark supervisor death-detection to ready latency for a restarted service	INV-0611	V0.5 benchmark gate 'compositor restart-to-rebound time measured' cites a B-ID owned by BEN (INV-0611); this harness publishes the supervisor-side component (death detection, respawn, readiness) so the BEN number can be decomposed and regressions attributed.	SVC-001
SVC-@compositor-supervision-gate	V0.5	build	M	Run the compositor and one other service under supervision and pass the restart gate	INV-0592,INV-1185	Verifies the V0.5 gate 'killing the compositor restarts it and rebinds all open windows, 100 consecutive times on QEMU and 20 on hardware' plus a second service (file chooser) as §60 requires; GFX owns the surface rebind, SVC owns the supervision and the CI loop.	SVC-002
SVC-@decide-deadline-clock-semantics	V1	adr	S	Decide monotonic versus wall-clock semantics for Operation deadlines across suspend	GAP-0288	One decision: which clock Operation deadlines and timers use and whether suspended time counts (CLOCK_MONOTONIC- vs CLOCK_BOOTTIME-like), plus the wall-clock step notification contract. V1 introduces suspend/resume on the Intel laptop; TSK implements the chosen semantics.	SVC-016
SVC-@decide-default-app-registry	V1	adr	S	Decide the default-application registry and open-by-Capability model	GAP-0280	Critique folds the SYS default-app registry into SVC as a headless typed service; V0.5 opens files only via the UserSelected chooser, so the decision sits at V1 with daily-driving. One decision: how STO typed kinds and URL schemes map to a handler Package, how user defaults override Package offers, and how open mints a Capability to only that object. Options: user-chosen default per kind/scheme with Package handler candidates; shared MIME/xdg-data database (path-based, rejected by the gap rationale); always-ask chooser with remembered last choice only.	SVC-017
SVC-@decide-early-userspace	V0.5	adr	S	Decide native init versus retained initramfs/systemd for early boot	GAP-0170	Resolves critique contradiction 2 for V0.5: V0 boots native components beside a retained initramfs (BOOT EXTRA-046); this ADR decides whether native init takes over from the first instruction after the kernel, after root-store unlock, or after a systemd handoff. Blocks init-core.	SVC-003
SVC-@decide-readiness-protocol	V0.5	adr	S	Decide how a service Component reports readiness and liveness to the supervisor	EXTRA-071	One decision: readiness signalling (explicit ready notification over a supervisor Channel vs interface-advertised-means-ready vs probe-based) and liveness (heartbeat vs kernel death notification only). Dependency-ordered startup and rebind timing in supervisor-core cannot be built without it.	SVC-004
SVC-@decide-restart-policy	V0.5	adr	S	Decide restart budgets, strategies, backoff and escalation for supervised services	EXTRA-071	One decision: the restart policy model (per-service budget window, strategy, exponential backoff bounds, escalation target when the budget is exhausted). The V0.5 compositor-restart gate (100 consecutive restarts) and the V2 safe-mode escalation both depend on it. Options: BEAM-style strategies, systemd StartLimit semantics, Fuchsia eager/lazy restart.	SVC-005
SVC-@decide-settings-storage	V0.5	adr	S	Decide the settings storage model: typed schema-versioned objects with history events	GAP-0278	One decision: how settings are stored (typed schema-versioned objects in a settings service vs per-application files vs registry-style store) and how changes become system history events restorable by `os restore`. Needed before the four V0.5 apps invent config formats; PKG INV-0535 forbids registry-style global configuration.	SVC-006
SVC-@decide-time-sync-client	V1	adr	S	Decide whether to retain chrony or build a native NTP/NTS client	GAP-0288	The decision named in GAP-0288. Options: chrony hosted as a supervised personality service, a native Rust NTS client Component, or systemd-timesyncd-class minimal client. Must precede time-service in the same rung.	SVC-018
SVC-@default-app-registry-service	V1	build	M	Build the default-application registry that opens files by Capability	GAP-0280	Implements the default-application ADR: a supervised service that resolves the user-chosen handler for a typed kind or URL scheme from Package handler declarations, persists defaults in the settings store, and launches the handler with a Capability to just that object. APP File Browser and launcher consume the interface; PKG-@manifest-handler-declarations remains the manifest side; Linux xdg-open and portals stay in LNX.	SVC-019
SVC-@degraded-recovery-events	V1	build	M	Emit typed degraded-recovery events when seamless restart is impossible		§32: where hardware or driver constraints prevent seamless recovery, degraded recovery must still be explicit. Supervisor publishes typed events (service lost, degraded, recovered) into the OBS audit/log path and to subscribed shells; prerequisite for the V2 shell indicators and safe-mode escalation.	SVC-020
SVC-@docs-service-author-guide	V1	docs	S	Write the guide for authoring a supervised service with rebind and restore-state		V1 SDK v1 and IDL guidelines (IPC) need the service-side counterpart: how to declare a manifest, signal readiness, design disconnect/rebind/retry/restore-state per §32, and choose a restart policy; reviewed with DOC and cited by the V3 SDK guide.	SVC-021
SVC-@driver-host-supervision	V1	build	L	Host user-space driver Components under supervision with per-device restart		Workstream scope 'user-space driver hosting' and §33: HW INV-0613 builds the driver framework and INV-0626 re-issues device Capabilities; SVC provides the driver host that launches driver Components from packages, supervises each device instance, and escalates exhausted budgets to an explicit degraded-device state.	SVC-022
SVC-@early-boot-unlock-stage	V1	build	L	Build the early-boot init stage for verity setup and root-store unlock	GAP-0171,GAP-0170	The early-userspace ADR rationale names disk unlock and verity setup as early-boot work; V1 allows manually configured encryption and V3 gates FDE in the installer. This stage runs before the content store is available, prompts for unlock through a minimal UI and hands over to init-core.	SVC-023
SVC-@hostname-identity-service	V1	build	S	Build the hostname and machine-identity settings service		Workstream scope names hostname; V1 networking (DHCP, DNS) and V2 NET mDNS (GAP-0435) need a typed hostname/pretty-name/machine-id object exposed to native services and to the Linux personality's /etc/hostname view.	SVC-024
SVC-@init-core	V0.5	build	L	Build the native init Component that starts the supervisor from a SystemGeneration	GAP-0171	Replaces systemd for the native world per the early-userspace ADR: mounts the content store of the selected SystemGeneration, seeds the root Capability set, starts the supervisor, owns reboot/halt. Required by the V0.5 exit criterion 'compositor starts from a system generation' and the generation-rollback boot test.	SVC-007
SVC-@locale-settings-service	V1	build	M	Build the system locale, keyboard-layout and timezone settings service		Workstream scope names locale; TXT GAP-0257 decides locale data (ICU/CLDR) at V1 and V2 gates a localisation framework with three shell languages, so the system-wide typed Locale settings and their projection into personality environments (LANG, /etc/localtime) must exist at V1.	SVC-025
SVC-@multi-user-session-supervision	V3	build	M	Support concurrent per-user session trees with switching that preserves services		V3 exit criterion: two users with separate sessions and separate Capability stores, switching preserves state. Extends session-supervision-tree to multiple concurrent sessions with per-user settings scopes and greeter handoff owned by APP.	SVC-039
SVC-@personality-service-hosting	V1	build	M	Supervise Linux-personality daemons as services with the same restart semantics		V1 ships the Linux personality as a product with D-Bus, PipeWire, XWayland and portals; LNX GAP-0506 decides the systemd-emulation level, SVC provides the adapter that runs a personality process as a supervised service with readiness, restart budgets and degraded events so CMP INV-1301 holds for them too.	SVC-026
SVC-@readiness-liveness-runtime	V0.5	build	M	Implement readiness and liveness signalling in the native service runtime	EXTRA-071,GAP-0171	Runtime-side implementation of the readiness ADR: a service reports ready over its supervisor Channel, dependents start only after readiness, liveness loss triggers the restart policy. Shipped as an SDK runtime module jointly with SDK; the supervisor side lives here.	SVC-008
SVC-@recovery-console-fallback	V3	build	M	Fall back to a text recovery console offering previous-generation boot when safe mode fails		V3 gate: recovery environment restores a system whose current generation is corrupted, and automatic rollback on a failing generation. INS owns the separately booted recovery environment; SVC owns init's last-resort console when no compositor can start, offering rollback and handoff to that environment.	SVC-040
SVC-@restart-rebind-readvertise	V0.5	build	M	Re-advertise interfaces after restart so clients rebind by interface identity	INV-0592,EXTRA-071	On service death the supervisor restarts the Component and re-registers its interfaces in the IPC service registry (IPC INV-0609) so SDK clients (SDK INV-0601/0602) rebind and retry; defines the disconnect/rebind/retry/restore-state contract of §32 from the supervisor side.	SVC-009
SVC-@restartable-service-matrix	V2	build	M	Run the §32 restartable-service matrix on every target machine		§32 lists compositor, audio, network, Bluetooth, printing, device-management and GPU userspace services as restartable; V2 gates Bluetooth stack crash recovery without reboot. This task registers each service in a hardware CI matrix that kills it and verifies rebind or explicit degraded recovery, complementing BLD's chaos suite.	SVC-034
SVC-@safe-mode-escalation	V2	build	M	Escalate exhausted shell or compositor restart budgets to the safe-mode session	EXTRA-016	Supervisor policy and fault-injection test: when the shell or compositor exhausts its restart budget the session tree is torn down and the safe-mode session starts instead of a restart loop; verified on the three V2 target machines.	SVC-035
SVC-@safe-mode-session	V2	build	L	Build the safe-mode session with settings, log export and `os restore`	EXTRA-016	Minimal recovery shell running on a minimal compositor configuration, offering settings reset, log bundle export via the system log service, and `os restore` to a previous generation or settings point; the V2 rung named by the critique for the safe-mode session.	SVC-036
SVC-@service-control-and-inspect	V0.5	build	S	Expose service control and supervision-tree state via `os service` and `os inspect`		V0.5 gate and BLD GAP-0132 fault injection need a controlled kill/restart/status path for services; the critique moves OBS `os inspect` kinds beyond the six V0 ones to V0.5, so SVC supplies the supervision-tree data (state, restart counts, budget remaining) for `os inspect service`.	SVC-010
SVC-@service-manifest-lock	V4	build	S	Lock the service manifest and settings schema versions for 1.x		V4 gate: Layer 2 interface versions for 1.x are enumerated and locked with old-client/new-service tests. The service manifest, settings object schema and supervisor control interface are SVC-owned Layer 2 surfaces that must be listed, tested and locked here.	SVC-041
SVC-@service-manifest-schema	V0.5	build	M	Define the service manifest: capabilities, dependencies, restart policy, readiness	GAP-0171	Layer 2 schema declaring a system service as a Component with requested Capabilities, dependency edges, restart policy, readiness kind and ResourceDomain; embedded in the PKG package manifest so no service is configured outside the immutable store (PKG INV-0535/0537). State prototyped; versioning follows IPC L2 rules.	SVC-011
SVC-@service-rebind-contract-lint	V0.5	build	S	Add a CI lint requiring restart/rebind on every service interface	INV-1301	INV-1301 is Principle 10 as a standing invariant, collapsed to a lint rather than a V0 task: services do not exist until V0.5. CI fails when a supervised service's IDL or manifest omits disconnect, rebind, retry and restore-state plus a restart policy. First enforced on the V0.5 compositor, settings and supervisor Interfaces. IPC already owns the client-side guideline (INV-0591); this lint is the service-side gate.	SVC-012
SVC-@session-supervision-tree	V1	build	M	Build per-user session supervision trees under the system supervisor		V1 introduces single-user login and session lock (SEC) and V2 APP session management (GAP-0283) needs session-scoped services (shell, panel, agents) that die with the session and restart independently of system services; separates system and session supervision scopes.	SVC-027
SVC-@settings-client-api	V1	build	M	Provide the per-application settings interface and client crate for the SDK	GAP-0278	IDL interface and Rust client for typed, schema-versioned per-application settings with change subscriptions, shipped in SDK v1 so native apps stop inventing config files; SDK owns packaging, SVC owns the interface and service side.	SVC-028
SVC-@settings-history-restore	V1	build	M	Record settings changes as system history events and restore them via `os restore`	GAP-0278	V1 exit criterion: `os restore` restores kernel, packages and system configuration; PKG owns `os history` v1 (INV-0587), SVC feeds settings change events and implements the configuration restore path from a history point.	SVC-029
SVC-@settings-restore-guarantee	1.0	build	S	Verify by fault injection that rollback and `os restore` preserve and restore settings		1.0 definition (3): `os history` and `os restore` cover OS, packages and configuration and rollback never loses user data. Adds the configuration leg to the INS/PKG fault-injection run on every Tier 1 machine, with results published in the release notes.	SVC-043
SVC-@settings-store-service	V0.5	build	M	Build the settings service storing typed, schema-versioned settings objects	GAP-0278	Implements the settings ADR: a supervised service holding per-system and per-application settings as typed objects with schema migration, change notification, and Capability-scoped access (an app reads only its own scope). Emits change events later consumed by PKG system history.	SVC-013
SVC-@shutdown-sequencing	V1	build	M	Implement ordered shutdown, reboot and generation-switch sequencing in init		V1 exit criteria require reboot into a new generation and `os restore`; init must stop services in reverse dependency order with bounded timeouts, honour inhibitors surfaced by APP GAP-0283, flush storage and hand off to the BOOT generation switch. Nothing else owns the transition.	SVC-030
SVC-@spike-supervision-strategies	V0.5	spike	S	Study BEAM and Fuchsia supervision to shape restart strategies	INV-0610	Report comparing Erlang/BEAM supervision trees, Fuchsia component manager restart policies and systemd restart units; recommends strategy set (one-for-one, rest-for-one, one-for-all), escalation and backoff shapes. Must precede decide-restart-policy; CMP INV-1146 covers the V0 TaskGroup angle, this covers the service angle.	SVC-014
SVC-@supervision-conformance-suite	V4	build	M	Ship the supervision conformance suite run on every Tier 1 machine per RC		V4 gate: every Tier 1 machine passes the full hardware test suite each RC with zero P0/P1. Turns the restartable-service matrix, safe-mode escalation and watchdog escalation into a conformance suite with published per-machine results, exercised in both RC cycles.	SVC-042
SVC-@supervisor-core	V0.5	build	L	Build the service supervisor with dependency-ordered start and restart policies	GAP-0171,INV-0592	Supervision tree that instantiates services from manifests as Components with declared Capabilities, orders startup by dependencies and readiness, applies the decided restart policy, and records typed exit causes from CMP EXTRA-004. The layer §32 requires and the V0.5 compositor-restart gate exercises.	SVC-015
SVC-@system-log-service	V1	build	M	Build the structured log collection service for system and session services		Core system service in workstream scope: collects structured log records from supervised services with per-service retention and Capability-gated read, in the OBS crash-capture/trace format; required by V1 daily-driving debugging and by the V2 safe-mode session's log export (EXTRA-016).	SVC-031
SVC-@time-service	V1	build	M	Build the time service: NTP/NTS sync, RTC synchronisation, clock-step events	GAP-0288	Supervised service implementing the time-sync ADR, syncing the RTC, exposing a Capability-gated set-time interface and broadcasting clock-step events so TLS, package signature verification and deadlines behave; timezone auto-detection is deferred to V2 with the SEC location service.	SVC-032
SVC-@timezone-and-time-settings	V2	build	S	Add timezone auto-detection via the location Capability and the time settings interface	GAP-0288	Completes GAP-0288 once SEC GAP-0289 ships the coarse-location Capability at V2: the time service derives the timezone from it with user override, and exposes the typed date/time settings interface the APP Settings date/time panel (GAP-0279) binds to.	SVC-037
SVC-@watchdog-escalation	V1	build	S	Wire kernel watchdog and hung-task signals into supervisor escalation		KRN EXTRA-012 retains hardware watchdog, softlockup and hung-task detection and wires them to the service supervisor; SVC side pets the hardware watchdog from init, treats hung-task reports as liveness loss, and escalates repeated failures to reboot into the previous SystemGeneration.	SVC-033
TSK-@async-abi-review-gate	V0	build	S	Add async-by-default ABI review gate and blocking-syscall lint	INV-0340,INV-0341,INV-0039,INV-1296,INV-0038	Standing rules enforced once: CI lint rejects native entry points whose primary mode blocks, any read()/write() thread-per-call surface, signal-style notification, or runtime async layers bypassing kernel Operations.	TSK-001
TSK-@async-design-guidelines	V1	docs	S	Publish Operation, deadline and cancellation guidelines for service authors		V1 developer preview: guidelines on when to add an Operation kind versus a Channel method, deadline conventions and the cancellation contract callers may observe, complementing IPC's interface design guidelines.	TSK-037
TSK-@async-task-stack-metadata	V1	build	M	Maintain logical async Task stacks and await chains for debugger and profiler		V1 exit: debugger breaks inside an async Task and shows the logical Task stack; profiler attributes samples to Task and Component; the runtime records parent/await relationships that OBS and SDK tools read.	TSK-038
TSK-@background-execution-capability	V0.5	build	M	Require an explicit Capability for Tasks that outlive their TaskGroup	INV-0392	§21: persistent background execution requires an explicit capability and no accidental orphans; first needed when native init and SVC-supervised services appear at V0.5; enforces CMP's INV-0392 invariant from the Operation/Task side.	TSK-025
TSK-@bench-deadline-overhead	V1	benchmark	S	Benchmark per-Operation deadline overhead at high submission rates and publish	INV-0376	Makes the spike's measurement a permanent regression harness under BEN's anti-fake-claim policy before the V1 Linux compatibility overhead gate (within 5%) is judged.	TSK-039
TSK-@bench-operation-completion	V0.5	benchmark	M	Benchmark submit-to-completion wake-up latency and publish		Turns the spike's one-off wake-up measurement into a permanent harness (same-core, cross-core, single vs batched) so V0.5/V1 regression gates and the V1 IPC p50 ≤ 2 µs target rest on a registered metric, not a claim.	TSK-026
TSK-@bench-task-handoff	V0	benchmark	M	Benchmark native Task handoff against Linux thread switch and publish		V0 benchmark gate 'context-switch behaviour (native Task handoff vs Linux thread switch) measured and published'; publish-only at V0 per critique, registered with BEN methodology.	TSK-002
TSK-@completion-ring-hardening	V1	build	M	Harden shared submission/completion memory against forgery, TOCTOU and exhaustion		SEC threat model at V0 names shared rings as an attack surface; before external developers submit Operations at V1 the kernel must validate user-writable entries once, bound outstanding work and reject forged completions.	TSK-040
TSK-@deadline-suspend-resume	V1	build	M	Preserve Operation deadlines correctly across suspend and resume	GAP-0496	Implements the suspend/resume rule from decide-deadline-representation on the Intel laptop; V1 gate of 200/200 suspend cycles with functional services requires Timers and deadlines to behave predictably after wake.	TSK-041
TSK-@decide-cancellation-model	V0	adr	M	Decide Task cancellation model and resource cleanup	INV-0396,INV-0394,INV-0395,INV-1149	V0 exit cancels a TaskGroup and never delivers a result from a cancelled Operation. Decides cooperative versus forced versus staged-with-grace-deadline cancellation, cleanup of Capabilities, MemoryObjects and partial ownership, and interaction with uninterruptible inherited Linux paths. The ADR report studies Trio nurseries, Kotlin coroutine scopes and Swift task groups (INV-1149) rather than a separate V0 research spike.	TSK-003
TSK-@decide-deadline-representation	V0	adr	S	Decide deadline and timestamp representation in the Operation ABI	GAP-0496	Clock domain, resolution, overflow horizon and suspend/resume behaviour of deadlines are stamped into every Operation; must precede operation-kinds-timer-wait and operation-cancel-deadline.	TSK-004
TSK-@decide-inline-completion	V0	adr	S	Decide whether Operations may complete inline at submit and how the ABI signals it	INV-0345	Cached reads and already-signalled Waits force this ABI-visible choice before submit-complete-path is built.	TSK-005
TSK-@decide-l1-freeze-candidates	V1	adr	S	Decide which Operation ABI surfaces become Layer 1 freeze candidates		Critique: L1 freeze candidates at V1 with SDK v1, frozen at V4; names the submission entry, completion record layout, result encoding, deadline representation and kind set that enter the ABI snapshot check.	TSK-042
TSK-@decide-native-notification	V0	adr	S	Decide native expression of termination, cancellation and async notification without signals	INV-0075,INV-0039	Signals have no native equivalent; the adr specifies Operation completion, typed Channel messages and Wait-able objects as the notification model and records the rejected signal-like options.	TSK-006
TSK-@decide-operation-priority-model	V0.5	adr	S	Decide how Operation priority relates to ResourceDomain scheduling intent	INV-0365	Whether priority is inherited from the owning domain's intent, per-Operation override bounded by the domain, or independent; needed before the kernel orders I/O and IPC by it and before SCH's Interactive/Background classes land at V0.5.	TSK-027
TSK-@decide-operation-transport	V0	adr	S	Decide Operation submission/completion transport and batching expression	INV-0344,GAP-0494	One decision: rings vs per-Component queues vs syscall-per-Operation vs hybrid, io_uring internals reused or replaced, and how batches are expressed; depends on spike-completion-transport; S-state prototyped, freeze candidate at V1.	TSK-007
TSK-@decide-ownership-transfer	V0.5	adr	S	Decide Operation ownership transfer semantics across Tasks and TaskGroups	INV-0367	operation-object gives every Operation an owner; this decides what transfer means for completion delivery, cancellation and accounting, needed before service-restart-inflight-ops re-owns work during rebind.	TSK-028
TSK-@decide-personality-threads	V1	adr	M	Decide how personality threads map onto native Tasks	INV-0386	INV-0386 is a V1 question: how Linux and Windows personality threads map onto native Tasks and execution contexts. Needed before V1 daily-driving through LNX and non-gated Wine bring-up. TSK owns the native side of the mapping; LNX and WIN consume it. Personalities are out of V0 scope.	TSK-043
TSK-@decide-task-identity	V0	adr	S	Decide whether every Task has kernel-visible identity	INV-0381,INV-0721	Orthogonal to the multiplexing model: every Task is Object<Task>, runtime identity with kernel visibility only for observability and cancellation, or a hybrid. The Task ABI must not embed x86-specific execution-context assumptions (§38). Depends on spike-task-multiplexing; freeze candidate at V1.	TSK-008
TSK-@decide-task-mapping	V0	adr	M	Decide Task mapping onto kernel execution contexts	INV-0071,INV-0380,INV-0038,GAP-0493	Required V0 architectural ADR: replace the thread model with Task/TaskGroup (INV-0071) and fix the kernel/runtime split (INV-0380). Options are complete models that each state how unexpected kernel blocking is compensated (GAP-0493): kernel-managed Tasks, UMCG-style activations with compensating workers, or pure userspace async syscalls. Surface prototyped, not frozen.	TSK-009
TSK-@event-object-signalling	V0.5	build	M	Implement a native Event object signalled by user space and consumed via Wait		Realises decide-native-notification: the replacement for futex/eventfd/signal wake-ups that the toolkit, compositor and Wayland bridge need for cross-Task synchronisation without ambient signals.	TSK-029
TSK-@hardware-cancel-matrix	V2	build	M	Verify cancellation state machine against NVMe, GPU and Wi-Fi on all target machines	GAP-0495	The V0 spike covered one NVMe path on one desktop; V2's three target machines add laptops, Wi-Fi and GPUs, so the committed-work contract must be exercised per hardware class in CI.	TSK-048
TSK-@operation-abi-reference	V3	docs	M	Write Layer 1 reference pages for every Operation kind, result and completion record		V3 exit requires 100% Layer 1 reference documentation; DOC generates from IDL but the Operation semantics, result codes and cancellation observability text are TSK-authored.	TSK-050
TSK-@operation-batching-linked	V0.5	build	M	Implement batched submission and linked Operation chains		decide-operation-transport fixes how batches are expressed; this implements batch submit and io_uring-style links (Read then Send, Timer-bounded chains) that the compositor frame loop and File Browser need at V0.5.	TSK-030
TSK-@operation-cancel-deadline	V0	build	L	Implement Operation cancellation and deadline expiry with Cancelled and DeadlineExceeded results	INV-0362,INV-0364,INV-0374,GAP-0495	Owner cancel and deadline expiry deliver through the normal completion path, cancelling a TaskGroup cancels every Operation it owns, and the committed-hardware state machine from spike-uncancellable-operations is implemented for the NVMe path; V0 exit: a cancelled Operation never delivers a result.	TSK-010
TSK-@operation-conformance-suite	V4	build	L	Build Layer 1 conformance suite for the frozen Operation ABI		V4 exit: L1 frozen with conformance suite; covers every kind, inline-completion signalling, deadline representation and cancellation results named by decide-l1-freeze-candidates.	TSK-052
TSK-@operation-fuzz-harness	V3	build	M	Build continuous fuzzing harness for Operation submission and completion		V3 exit: continuous syscall and IPC fuzzing; TSK supplies the grammar and oracle for submit, batch, link, cancel and deadline paths on BLD's fuzzing infrastructure.	TSK-051
TSK-@operation-kind-device	V0.5	build	M	Implement DeviceOperation kind for Object<Device> including user-space drivers	INV-0355	Asynchronous requests to devices backed by kernel or SVC-hosted user-space drivers; the V0.5 compositor drives DRM/KMS through it.	TSK-031
TSK-@operation-kind-gpu-dispatch	V2	build	L	Implement GPUDispatch Operation kind with committed-work cancellation		§18 lists GPUDispatch and the V2 ComputeDevice demo dispatches to CPU and GPU; extends the uncancellable-work state machine to submitted GPU work with HET owning ComputeDevice semantics.	TSK-049
TSK-@operation-kind-storage-txn	V1	build	M	Implement StorageTransaction Operation kind over the storage durability contract		§18 lists StorageTransaction; STO's durability contract lands at V1 with system history and os env snapshots, and the async transaction kind is the TSK-owned plumbing for it.	TSK-044
TSK-@operation-kinds-connect-accept	V0.5	build	M	Implement Connect and Accept Operation kinds	INV-0350,INV-0351	Connection establishment to services and listening objects needed by compositor clients and service rebind; NetworkConnection objects arrive with NET at V1 over the same kinds.	TSK-032
TSK-@operation-kinds-io-channel	V0	build	L	Implement Read, Write, Send and Receive Operation kinds	INV-0346,INV-0347,INV-0348,INV-0349	Read/Write against File, Channel and MemoryObject-backed objects plus typed Send/Receive on Channel<T> in coordination with IPC's fast path; required by the V0 §59 demo and exit criteria.	TSK-011
TSK-@operation-kinds-timer-wait	V0	build	M	Implement Timer and Wait Operation kinds	INV-0352,INV-0353	Timer completes at or after an absolute or relative deadline in the representation decided by decide-deadline-representation; Wait completes when a referenced object or set reaches a signalled state; both are V0 exit kinds.	TSK-012
TSK-@operation-object	V0	build	L	Implement Operation<Result> kernel object with owner, typed result, priority and trace points	INV-0054,INV-0361,INV-0363,INV-0365,INV-0367,INV-1317	The first-class unit of outstanding work: owner Task or TaskGroup for structural cancellation, typed Result or failure, priority field carried for later ordering, tracing hooks consumed by OBS; identity/handle encoding comes from ABI INV-0373.	TSK-013
TSK-@operation-priority-ordering	V0.5	build	M	Order I/O, IPC and wake-up by Operation priority	INV-0365	Plumbs the carried priority into block I/O ordering, Channel queueing and completion wake ordering per decide-operation-priority-model so the compositor's Operations preempt Background work (V0.5 zero-dropped-frames gate).	TSK-033
TSK-@operation-resource-accounting	V0.5	build	M	Charge outstanding Operations and completion queue memory to the owning ResourceDomain		§19 lists resource accounting as an Operation property; in-flight Operations and ring slots must count against SCH's kernel-object limits so a runaway component cannot exhaust kernel memory once multiple apps run at V0.5.	TSK-034
TSK-@operation-stability-audit	1.0	docs	S	Audit Operation surfaces for the 1.0 ABI stability statement		1.0 definition item (1): confirms every Operation kind and result code is in the frozen L1 statement or a versioned L2 interface with deprecation policy, and lists async non-promises (no distributed Operations).	TSK-053
TSK-@runtime-binding-guide	V1	docs	S	Document how language runtimes bind to kernel Operations	INV-1296	SDK v1 and C bindings ship at V1; the guide specifies waker, completion record and cancellation contracts so Rust, C and later runtimes bind to Operations rather than reinventing async I/O.	TSK-045
TSK-@service-restart-inflight-ops	V0.5	build	M	Complete in-flight Operations against a restarted service with typed Disconnected results		V0.5 exit: killing the compositor rebinds all windows with no application exit; outstanding Send/Receive/DeviceOperation work against the dead instance must fail typed and be resubmittable, coordinated with SVC supervision and IPC rebind.	TSK-035
TSK-@spike-completion-transport	V0	spike	M	Prototype Operation submission/completion transports and measure wake-up latency	INV-1144,GAP-0494	Studies io_uring rings, linked operations and cancellation, then prototypes shared ring, per-Task wait object and hybrid completion delivery on QEMU and the reference desktop with wake-up latency measured for each; feeds decide-operation-transport (critique: L1 spikes explicit in V0, freeze nothing).	TSK-014
TSK-@spike-deadline-enforcement	V0	spike	M	Prototype in-kernel deadline enforcement and measure per-Operation overhead	INV-0376	Timer wheel vs hrtimer per Operation measured at high submission rates before the Timer kind and deadline path are built.	TSK-015
TSK-@spike-task-multiplexing	V0	spike	M	Prototype Task multiplexing models and measure hidden blocking	GAP-0492,INV-0385,INV-0377,GAP-0493	Critique keeps the UMCG/scheduler-activations study among the six V0 spikes that inform L1 surfaces. Prototypes kernel-notified user scheduling, a pure userspace runtime with async syscalls only, and kernel-managed lightweight Tasks at the §20 live-Task scale, and measures how page faults and synchronous driver paths stall a worker. Feeds decide-task-mapping; freeze nothing.	TSK-016
TSK-@spike-uncancellable-operations	V0	spike	M	Prototype cancellation state machine for hardware-committed Operations on NVMe	GAP-0495,INV-0374	Answers whether cancel waits, fails or is best-effort for in-flight DMA/GPU/network work and how partial results are reported, prototyped against a real NVMe read on the reference desktop; feeds operation-cancel-deadline.	TSK-017
TSK-@submit-complete-path	V0	build	L	Implement submit(Operation), completion delivery and poll/wait in the native ABI	INV-0342,INV-0343,INV-1160,INV-0340	Builds the transport chosen by decide-operation-transport and decide-inline-completion; submit returns without waiting and completions report results back to the submitting Task (V0 exit: async submission/completion works).	TSK-018
TSK-@task-multiplexer-tuning	V1	build	L	Tune Task multiplexing with per-core completion affinity and work distribution		V1 targets IPC p50 ≤ 2 µs same-core and ≤ 5 µs cross-core and V0 benchmarks must not regress; completion affinity, wake batching and idle-Task memory footprint are the TSK levers, measured by bench-operation-completion and bench-task-handoff.	TSK-046
TSK-@task-multiplexing	V0	build	L	Implement Task multiplexing across bounded execution contexts	INV-0379,INV-1156,INV-0377	§20: kernel and runtime multiplex Tasks across a bounded set of execution contexts so native software can create enormous numbers of Tasks without kernel threads. Implements the model chosen by decide-task-mapping, including hidden-blocking compensation. Existing task-multiplexing-wake then wires Operation completion onto this multiplexer; V1 task-multiplexer-tuning is out of scope.	TSK-019
TSK-@task-multiplexing-wake	V0	build	L	Integrate Operation completion with Task suspension and wake on execution contexts	INV-1296	§18 completion integrates directly with Task scheduling and §20 requires 500,000 Tasks without 500,000 kernel threads; the kernel records which Operation a suspended Task awaits and wakes it on completion so the native runtime binds to kernel Operations rather than reinventing async I/O; BEN INV-1020 measures 500k Tasks at V0 and needs this.	TSK-020
TSK-@task-object	V0	build	M	Implement Task as the native concurrency abstraction	INV-0047,INV-1314	§59 V0 goal: create a native Task. Implements Task per decide-task-identity and the Tasks half of the Native Platform layer. Threads are not a native API; this object is what native software runs.	TSK-021
TSK-@taskgroup-cancel	V0	build	M	Propagate cancellation through the TaskGroup hierarchy	INV-0389,INV-0390,INV-1165,INV-0393,INV-0392	V0 exit and cancellation demo: cancelling a TaskGroup cancels owned Tasks, child groups and outstanding Operations; app.cancel waits until every owned Task has terminated; a regression proves no Task survives group cancel or application exit. Operation Cancelled results remain operation-cancel-deadline; the background-execution Capability exception is V0.5.	TSK-022
TSK-@taskgroup-deadline-inheritance	V0.5	build	M	Inherit TaskGroup deadlines and outstanding-Operation limits by owned Operations		§21 structured concurrency: Operations submitted inside a TaskGroup take the minimum of their own and the group's deadline and share the group's outstanding budget, so cancelling or timing out a group tears down in-flight work deterministically (V0 cancellation demo hardened for real apps).	TSK-036
TSK-@taskgroup-object	V0	build	M	Implement Object<TaskGroup> with ownership hierarchy	INV-0048,INV-0169,INV-0387,INV-0388,INV-1157	§7 Object<TaskGroup> and §21 ownership: Application owns TaskGroups, TaskGroups own Tasks and child TaskGroups, each Component owns a TaskGroup. Capability-referenced kernel object. V0 scope and the §59 create-TaskGroup exit.	TSK-023
TSK-@timer-slack-coalescing	V1	build	M	Add slack and coalescing to Timer Operations for energy efficiency		V1 idle power and battery runtime gate; Timer Operations carry slack derived from EnergyEfficient/Background intent so idle desktops coalesce wake-ups instead of ticking per component.	TSK-047
TSK-@v0-operation-acceptance	V0	build	M	Build V0 Operation acceptance suite for six kinds, deadline and cancellation	INV-1160,INV-0362,INV-0364	Verifies the V0 exit criterion: Read, Write, Send, Receive, Timer, Wait complete; a deadline yields a Timeout result; a cancelled Operation never delivers a result; runs on QEMU and the reference desktop in CI.	TSK-024
TXT-@bench-glyph-memory-shaping	V1	benchmark	S	Benchmark per-Component text memory and shaping CPU with shared versus private caches	GAP-0248	The shared atlas exists on a memory and startup claim; §54 and BEN policy forbid unmeasured claims, so the harness publishes memory and shaping cost for N Components with private caches and with the shared read-only atlas.	TXT-014
TXT-@bench-text-stack-init	V0.5	benchmark	S	Benchmark text stack initialisation and first-glyph time inside application startup		V0.5 benchmark gate measures warm startup (target p50 ≤ 20 ms for the smallest app) and font loading, matcher resolution and first shaping are on that path; harness plus publish-only measurement so later text stack claims have a baseline per §54.	TXT-001
TXT-@cjk-ime-gate	V4	build	M	Verify CJK input methods in native and Linux-personality applications on Tier 1	GAP-0253,INV-0780,INV-0893	V4 exit criterion: CJK input methods functional in native and Linux-personality applications (tested); scripted typing scenarios for Chinese, Japanese and Korean run on every Tier 1 machine each RC.	TXT-044
TXT-@cldr-tzdata-package	V2	build	M	Ship CLDR, tzdata and Unicode data as a Package updating independently of SystemGenerations	GAP-0257	Locale and time zone data change faster than the OS; a content-addressed data Package with hot reload in the text and locale services (coordinated with PKG for independent update and SVC for time settings) prevents stale time zones between generations.	TXT-024
TXT-@color-emoji-sequences	V2	build	M	Render emoji ZWJ sequences and COLRv1 colour glyphs	GAP-0249,GAP-0247	Emoji presentation selectors, modifier and ZWJ sequences and COLRv1 rasterisation into the shared atlas using the emoji font selected in the font set decision; V2 desktop shell and messaging-class L3 apps expose emoji everywhere.	TXT-025
TXT-@decide-default-font-set	V0.5	adr	M	Decide the default system font set and publish its script coverage matrix	GAP-0247,GAP-0030	Selects licensed fonts covering Latin, Cyrillic, Greek, Arabic, Hebrew, Devanagari, Thai, CJK, monospace and COLRv1 colour emoji, including metric-compatible substitutes for Windows core fonts instead of Microsoft fonts, with the coverage matrix recorded in the decision; fonts ship in the first immutable V0.5 image.	TXT-002
TXT-@decide-glyph-atlas-sharing	V1	adr	S	Decide the cross-Component glyph atlas and shaped-text cache sharing model	GAP-0248	Decides one thing: per-Component caches, a read-only atlas minted by the text service, or a shared writable atlas (rejected per critique #7 and §67 principle 3); depends on the font threat model and SEC's side-channel statement.	TXT-015
TXT-@decide-ime-engine-strategy	V2	adr	S	Decide hosting existing IME engines versus native engines and the 1.0 language list	GAP-0253	Decides one thing: sandboxed hosting of librime, libpinyin, anthy, libhangul and m17n versus native engines, with the 1.0 input-language list; §67 principle 15 argues against rewrites and the V4 CJK gate needs engines from V2.	TXT-026
TXT-@decide-locale-data-source	V1	adr	S	Decide the locale data source between ICU/CLDR and an ICU4X port	GAP-0257	Decides one thing: which CLDR-backed implementation supplies formatting, collation, plural rules and time zones; must precede the V2 Locale object, localisation pipeline and CLDR/tzdata package.	TXT-016
TXT-@decide-message-catalog-format	V1	adr	S	Decide the message catalog format between Fluent and gettext	GAP-0258	First-party apps accumulate string sites from V0.5; deciding the catalog format and SDK string API alongside SDK v1 prevents rewriting every UI string site before the V2 localisation framework, per the GAP-0258 rationale.	TXT-017
TXT-@decide-shaping-raster-libraries	V0.5	adr	S	Decide the shaping and rasterisation libraries for the native text stack	GAP-0245,GAP-0518,INV-0781	Decides one thing: retained HarfBuzz+FreeType versus Rust-native shaping and rasterisation (options with §67 principle 15 applied), using the spike report; every V0.5 app renders text through the chosen stack.	TXT-003
TXT-@decide-text-rendering-policy	V2	adr	S	Decide hinting, subpixel positioning and gamma policy across scale factors	GAP-0250	Decides one thing: the rendering policy so native and Linux-personality text render identically at every fractional scale; V2 introduces fractional and per-display scaling and §49 forbids visibly non-native compatibility windows.	TXT-027
TXT-@decide-text-service-placement	V0.5	adr	S	Decide whether shaping runs in-Component or in a shared text service Component	GAP-0245,GAP-0518	Decides one thing: in-component library, shared system text service, or hybrid (library shaping with a service minting read-only caches); depends on the font threat model because the answer changes the isolation and latency model for every UI Component.	TXT-004
TXT-@five-languages	V3	build	M	Bring the shell and native applications to five languages via the translation platform	INV-0775	V3 scope caps localisation at five languages; reaching five through the public platform validates community translation flow before the V4 ten-language gate and the V3 public documentation.	TXT-041
TXT-@font-license-audit	V0.5	docs	S	Audit and record licences of every shipped font with redistribution terms	GAP-0030	Records licence, source and redistribution terms for each shipped font under GOV's licensing policy and feeds the BLD licence/SBOM CI gate; must exist before the first immutable V0.5 image redistributes fonts.	TXT-005
TXT-@font-matcher-interface	V0.5	build	M	Build the typed FontMatcher interface with family, weight, script fallback chains	GAP-0246,INV-0781	Typed Layer 2 interface resolving family/weight/width/style/script requests to fallback chains over installed font Packages, replacing fontconfig for native applications; the V0.5 toolkit and four apps resolve fonts through it.	TXT-006
TXT-@font-packages	V0.5	build	M	Ship fonts as immutable content-addressed Packages with per-user installation	GAP-0246,INV-0781	Fonts become Package objects in the content-addressed store (system set in the generation, user fonts installed per user without writing outside the store), satisfying the V0.5 immutable-package exit criterion for the text stack.	TXT-007
TXT-@font-parsing-sandbox	V1	build	M	Parse untrusted fonts in an isolated Component before atlas admission	GAP-0248	Implements the threat model mitigation: user-installed and personality-supplied fonts are parsed and sanity-checked in a capability-scoped Component with no display or file authority beyond the font object, so the text service that mints shared atlases never parses untrusted bytes in its own address space.	TXT-018
TXT-@font-threat-model	V0.5	docs	S	Write the font parsing and text service threat model		Critique contradiction #7 makes a shared glyph atlas a font-parsing attack surface and cross-domain channel; the V0.5 apps parse fonts from packages and user files, so the attack surface, trust boundaries and the dependency on SEC's side-channel statement must be written before the service-placement and atlas decisions.	TXT-008
TXT-@fontconfig-bridge	V1	build	M	Expose the native font store to the Linux personality through fontconfig	GAP-0246,GAP-0251	V1 L2 integration check scores correct scaling and §49 requires compatibility windows to feel native; generating fontconfig configuration and font directories from the native store gives browser, IDE and Wine (consumed by WIN) the same fonts and fallback chains as native apps.	TXT-019
TXT-@glyph-atlas-service	V1	build	L	Build the text service minting read-only glyph atlas and shaped-run MemoryObjects	GAP-0248	Text service rasterises and shapes once per system and hands Components read-only MemoryObject atlas pages and shaped-run cache entries with an eviction and generation protocol; V1 daily-driving runs many more text-rendering Components under cheap isolation.	TXT-020
TXT-@ime-engine-chinese	V2	build	M	Ship the first hosted IME engine for Chinese pinyin input	GAP-0253,INV-0780	First engine through the host proves the protocol, capability routing and candidate window end to end at V2, leaving V3 for the remaining 1.0 language list ahead of the V4 CJK gate.	TXT-028
TXT-@ime-engines-remaining	V3	build	M	Ship hosted IME engines for Japanese, Korean and the rest of the 1.0 language list	GAP-0253,INV-0780	Completes the engine list from the IME strategy decision (anthy, libhangul, m17n-based Vietnamese and Indic) so the V4 gate can test CJK input on Tier 1 machines with a full milestone of soak.	TXT-042
TXT-@ime-focus-capability	V1	build	M	Route Capability<TextInputFocus> to the IME Component for the focused field only	GAP-0252,INV-0780	Coordinated with UIP input routing: the compositor mints a per-focus Capability<TextInputFocus> and an IME Component without it receives no key events; a permanent denial test proves no global key stream exists, satisfying the capability model that forbids ambient key logging.	TXT-021
TXT-@ime-host-component	V2	build	L	Build the sandboxed IME host Component with candidate window presentation	GAP-0253,GAP-0252,INV-0780	IME host Component holding only Capability<TextInputFocus> and dictionary Package access, engine lifecycle and per-session switching, and a candidate window placed at the protocol's cursor rectangle; the V2 localisation framework and V4 CJK gate depend on it.	TXT-029
TXT-@ime-protocol-toolkit	V1	build	L	Implement the native input-method protocol in the toolkit text fields	GAP-0252,INV-0780	Preedit rendering, commit, surrounding text, cursor rectangle and candidate placement implemented against the registered Layer 2 surface so the protocol is exercised by real fields before the V1 freeze candidate; engines arrive at V2.	TXT-022
TXT-@linux-ime-bridge	V2	build	M	Bridge text-input-v3 and input-method-v2 in the Wayland bridge to the native IME	INV-0893	Linux GUI apps type through the native IME host via the Wayland text-input protocols implemented inside LNX's bridge (TXT owns the IME mapping); §47 integration and the V4 gate that CJK input works in Linux-personality applications.	TXT-030
TXT-@locale-object	V2	build	M	Build the typed Locale object with per-application override and formatting APIs	GAP-0257,INV-0775	Locale as a typed SDK object (numbers, dates, plurals, collation, measurement) with per-application override and session default from SVC settings storage; required by the V2 localisation framework and §41 locale formatting.	TXT-031
TXT-@localization-pipeline	V2	build	L	Build the SDK localisation pipeline with catalog extraction and packaged resources	GAP-0258,INV-0775	Build-time string extraction, catalogs shipped as Package resources, runtime lookup with plural and bidi-aware formatting through the Locale object, and the SDK API; the V2 exit requires the localisation framework in place.	TXT-032
TXT-@lock-text-layer2-interfaces	V4	build	M	Lock 1.x versions of FontMatcher, TextInput, Locale and SpellCheck interfaces	EXTRA-066,GAP-0246	V4 exit requires Layer 2 interface versions enumerated and locked with the old-client/new-service and new-client/old-service evolution test passing for every core interface; the IME surface registered at V0.5 is frozen here, never earlier.	TXT-045
TXT-@monospace-grid-fast-path	V0.5	build	M	Build the monospace grid text fast path for the Terminal	INV-0771	The V0.5 Terminal needs cell-width metrics and a no-reshape glyph grid path so it meets its scripted acceptance scenario and keeps text stack cost off the warm-startup path measured by the V0.5 and V1 application startup gates.	TXT-009
TXT-@register-ime-protocol-surface	V0.5	build	S	Register the input-method protocol shape as a Layer 2 surface in UI protocol v0	EXTRA-066	Critique ordering fix: preedit, commit, surrounding text, cursor rectangle and candidate placement must be an S-entry before the UI protocol becomes a V1 freeze candidate; reserving the optional messages while protocol v0 is designed and version-bumped at V0.5 avoids an incompatible V1 revision.	TXT-010
TXT-@release-i18n-gates	1.0	build	S	Re-verify the localisation and IME gates on the 1.0 release build		1.0 exit criterion: accessibility and localisation gates from V4 hold on the release build (10 languages ≥ 95%, CJK input tested); re-runs coverage, conformance and IME scenarios on the final release candidate across Tier 1.	TXT-047
TXT-@shell-three-languages	V2	build	M	Translate the shell and four native applications into three languages	INV-0775	V2 scope requires the shell translated into at least three languages; includes one RTL language to exercise bidi, a coverage test in CI and screenshot review of layout under translated strings.	TXT-033
TXT-@spell-hyphenation-service	V2	build	L	Build the spell-checking and hyphenation service with dictionary Packages	GAP-0260	Typed interface over Hunspell dictionaries and hyphenation patterns installed as per-language Packages, consumed by toolkit text fields (underlines, suggestions, per-field opt-out for secrets); a V2 polished desktop needs it in every text field.	TXT-034
TXT-@spike-text-stack-candidates	V0.5	spike	M	Prototype HarfBuzz+FreeType against Rust shaping and raster stacks on a script corpus	GAP-0245,GAP-0518	Builds both candidate stacks (HarfBuzz+FreeType; rustybuzz/swash/cosmic-text) behind one shaping trait, measures shaping correctness on a multi-script corpus, throughput, binary size, startup cost and unsafe surface, and rules options out before the two stack decisions; answers the V0.5 risk that a minimal text path hardens into the permanent design.	TXT-011
TXT-@ten-languages-gate	V4	build	M	Reach ten languages at 95% string coverage with a CI coverage gate	INV-0775	V4 exit criterion: 10 languages at ≥ 95% string coverage for shell and native apps; adds the coverage measurement as a blocking CI gate and closes translation gaps before feature freeze.	TXT-046
TXT-@text-editing-model	V0.5	build	M	Build the toolkit text editing model with cursor, selection and surrounding text	INV-0771	Editing primitives (caret movement by grapheme, selection, undo, surrounding-text access, reserved preedit span) used by the Text Editor and every text field at V0.5, shaped so the IME protocol can attach without redesign.	TXT-012
TXT-@text-i18n-sdk-guide	V3	docs	M	Write the SDK guide for fonts, text layout, input methods and localisation		V3 exit requires the SDK guide published and reviewed; the text, FontMatcher, IME protocol, Locale and catalog APIs need developer guidance so third-party packages localise correctly (coordinated with DOC's generated references).	TXT-043
TXT-@text-rendering-policy-rollout	V2	build	M	Apply the text rendering policy natively and in the Linux personality with pixel parity tests	GAP-0250	Implements subpixel positioning and fractional-scale rasterisation in the toolkit, propagates the same hinting, gamma and scale settings into personality fontconfig and FreeType properties, and adds a pixel-compare test at 1x, 1.25x, 1.5x and 2x that scores in the L3 integration check.	TXT-035
TXT-@text-service-restart-rebind	V1	build	M	Make the text service restartable with client rebind and cache regeneration		SVC supervision semantics from V0.5 require every shared service to restart and rebind; a crashed text service must not blank text in running applications during V1 daily driving, so clients rebind, revalidate atlas generations and re-request evicted runs (tested by kill loop in CI).	TXT-023
TXT-@toolkit-text-layout-v0	V0.5	build	L	Integrate shaping and rasterisation into the toolkit retained text layout	INV-0771,INV-0781	Delivers shaped, rasterised, high-DPI-aware text runs as retained render nodes for declarative widgets (Latin and simple scripts, wrapping, alignment) on the decided stack; required by the V0.5 exit criterion that a native application renders declarative UI and by all four apps.	TXT-013
TXT-@translation-platform	V2	build	M	Stand up the public translation platform and catalog sync for first-party apps	GAP-0258	Public translation platform with automated catalog round-trip into first-party repositories and per-language coverage reporting; community translation is how the V3 five-language and V4 ten-language targets are reached.	TXT-036
TXT-@unicode-conformance-ci	V2	build	M	Run Unicode and text-rendering conformance suites as a CI gate	GAP-0249	BidiTest, BidiCharacterTest, LineBreakTest, GraphemeBreakTest, WordBreakTest and the text-rendering-tests corpus run in BLD CI against the layout engine and shaping stack, making GAP-0249's 'verified against the Unicode conformance test suites' a permanent gate.	TXT-037
TXT-@unicode-segmentation-bidi	V2	build	L	Implement UAX #29 segmentation, UAX #9 bidi and UAX #14 line breaking in layout	GAP-0249,INV-0775	Grapheme and word segmentation, bidirectional resolution and reordering, and line breaking in the toolkit layout engine; required for the V2 three-language shell (including an RTL script) and the §41 localization requirement of bidi.	TXT-038
TXT-@variable-fonts-opentype-features	V2	build	M	Support variable font axes and OpenType feature selection end to end	GAP-0249	Variation axes and feature tags flow from FontMatcher requests through shaping, the atlas key and rasterisation; the V2 polished shell relies on weight axes for typography and the toolkit must expose features to applications.	TXT-039
TXT-@vertical-cjk-layout	V2	build	M	Support vertical CJK text layout and orientation features in the toolkit	GAP-0249	Vertical writing mode with vert/vrt2 features and upright/rotated Latin runs in the layout engine, needed for CJK text fidelity before the V4 CJK gate and the 10-language target.	TXT-040
UIP-@a11y-metadata-emission	V0.5	build	M	Emit role, name and state for every widget and expose via os inspect		V0.5 exit criterion 'every UI widget emits accessibility metadata inspectable via os inspect; tree dump test on each of the four apps'; critique pulls emission to V0.5 with the ACC tree-model adr as dependency.	UIP-001
UIP-@adaptive-form-factors	V2	build	M	Support adaptive layouts for desktop, laptop and external display in toolkit	INV-0776	INV-0776; V2 laptop day demo plugs an external HDR display at a different scale and the shell UX script includes external display and scaling change.	UIP-043
UIP-@animation-framework	V1	build	M	Build animation API with frame-scheduled transitions and reduced-motion	INV-0769	INV-0769 animation with frame-scheduled updates as a toolkit API (implicit and explicit animations) on top of frame-scheduled-redraw.	UIP-027
UIP-@appearance-model	V2	build	M	Expose light/dark, accent, icon, cursor, wallpaper and font scale as typed settings	GAP-0281	GAP-0281; V2 desktop UX script covers settings and scaling change. LNX projects the same typed settings through the settings portal and GTK/Qt hints.	UIP-044
UIP-@bench-ui-frame-time	V0.5	benchmark	S	Build scripted UI frame-time benchmark and publish p99 against frame interval		V0.5 exit criterion 'frame-time p99 below the frame interval in a scripted UI benchmark'; harness plus published measurement, re-run at every later rung for the regression gates.	UIP-002
UIP-@clipboard-capability-v0	V0.5	build	M	Build clipboard service as Capability with typed lazy MemoryObject transfer	INV-0773,INV-0208	INV-0773 and INV-0208; V0.5 exit criterion 'an application without the clipboard capability cannot read clipboard contents; a test confirms the denial', and the Wayland demo needs copy-paste between native and Linux apps.	UIP-003
UIP-@clipboard-v1-paste-gesture	V1	build	M	Gate clipboard reads on paste gesture and add ClipboardRead for managers	GAP-0233,INV-0773	GAP-0233 and INV-0773: paste-gesture-gated reads, explicit Capability<ClipboardRead> for the privileged shell clipboard manager, and the V1 L2 integration check 'clipboard both directions' for Linux windows.	UIP-028
UIP-@compat-bridge-protocol-hooks	V1	build	M	Expose decoration, clipboard, drop and scale hooks for compatibility bridges		V1 L2 integration check for every GUI application (clipboard both directions, correct scaling, native chrome); LNX owns the Wayland/XWayland bridge, UIP owns the protocol hooks it plugs into.	UIP-029
UIP-@decide-clipboard-policy	V0.5	adr	S	Decide clipboard authority policy: paste gesture or Capability, no ambient read	GAP-0274,GAP-0233,INV-0208	GAP-0274 and GAP-0233 are the same decision (reads gated by paste gesture or explicit Capability<ClipboardRead>, writes allowed, history is a privileged shell feature, typed negotiation with lazy MemoryObject transfer); INV-0208 is the invariant it enforces. Pulled to V0.5 because clipboard-capability-v0 depends on it.	UIP-004
UIP-@decide-global-shortcuts	V1	adr	S	Decide global shortcut model: named actions bound in Settings, no key grabs	GAP-0286	GAP-0286 pulled from V2 to V1 because shortcut-focus-model (INV-0787, V1) depends on it.	UIP-030
UIP-@decide-input-routing-model	V0.5	adr	S	Decide input routing and focus arbitration model for focused surfaces	INV-0770,INV-1180	One decision: how pointer, keyboard, touch, pen and gamepad events reach only the focused surface and how focus is arbitrated between compositor, shell and applications without grabs. Precedes input-routing-service.	UIP-005
UIP-@decide-protocol-model	V0.5	adr	S	Decide UI protocol model: retained scene tree, client Buffers, or hybrid	INV-0778,GAP-0516	INV-0778 ADR; V0.5 exit requires an accepted ADR for UI protocol transport. Depends on spike-protocol-shape.	UIP-006
UIP-@decide-toolkit-architecture	V0.5	adr	M	Decide new Rust toolkit versus adapting an existing toolkit and renderer	INV-0779,GAP-0517	INV-0779 and GAP-0517: toolkit build-vs-adopt with an evaluation matrix covering accessibility tree output and declarative fit, decided before the four demo apps start.	UIP-007
UIP-@decide-window-decorations	V0.5	adr	S	Decide server-side versus client-side decorations for native and compat windows	INV-0786	INV-0786 ADR; needed before protocol-core-idl fixes the window surface roles and before the Wayland bridge shows compat windows at V0.5.	UIP-008
UIP-@docs-input-ownership	V0.5	docs	S	Document input-stack ownership split between HW and UIP	EXTRA-042	EXTRA-042: device enablement (libinput/evdev/HID, layouts, gestures) in HW; routing and focus in UIP, recorded in both workstream files and the protocol spec.	UIP-009
UIP-@docs-protocol-toolkit-guides	V1	docs	M	Write UI protocol reference and toolkit SDK guide from IDL at V1		V1 scope 'SDK v1 published'; DOC provides IDL-to-docs generation at V1, UIP writes the protocol reference and toolkit guide content that V3 documentation coverage relies on.	UIP-031
UIP-@drag-drop-capability-transfer	V1	build	L	Implement drag and drop where a drop transfers a Capability to the target	INV-0772	INV-0772; V1 daily-driving and the capability demo (chooser grants exactly one file) rely on drops granting object capabilities, not paths.	UIP-032
UIP-@frame-scheduled-redraw	V0.5	build	M	Drive toolkit redraw from compositor frame callbacks at display refresh	INV-0769	INV-0769 frame-scheduled updates; V0.5 exit requires a native application to animate at the display refresh rate with frame-time p99 below the frame interval.	UIP-010
UIP-@fuzz-protocol-endpoints	V3	build	S	Fuzz UI protocol decoders and compositor-facing endpoints continuously		V3 exit 'continuous fuzzing' and the UI threat review: the protocol decoder is the largest untrusted-input surface between applications and the compositor.	UIP-052
UIP-@global-shortcut-service	V2	build	M	Implement named-action global shortcuts bound by the user in Settings	GAP-0286	GAP-0286 implementation after decide-global-shortcuts; push-to-talk, screenshot and media keys are needed by V2 screen-sharing, video conferencing (L3) and gaming.	UIP-045
UIP-@high-contrast-reduced-motion	V3	build	M	Add high-contrast themes and reduced-motion mode across all toolkit widgets		V4 scope 'high contrast across shell and native apps' and the a11y script; built at V3 so V4 conformance can be verified rather than started.	UIP-053
UIP-@high-dpi-mixed-scaling	V1	build	M	Support per-surface high-DPI and mixed-DPI scale across displays in toolkit	INV-0777	INV-0777; V1 L2 integration check scores 'correct scaling' and the Intel laptop internal plus external display differ in DPI.	UIP-033
UIP-@input-latency-instrumentation	V0.5	build	S	Instrument input pipeline stages with trace timestamps for latency measurement		V0.5 benchmark gate 'input-to-photon latency measured with a photodiode rig' needs the routing and toolkit stages timestamped so the LAB rig result can be decomposed; OBS tracing format is reused.	UIP-011
UIP-@input-routing-service	V0.5	build	L	Route pointer, keyboard and touch input only to focused surfaces	INV-0770,INV-1180	INV-0770 and INV-1180; V0.5 exit requires a native application to receive keyboard and mouse input through the protocol and no unfocused surface may observe it (tested).	UIP-012
UIP-@later-tablet-mode-osk	LATER	build	L	Park on-screen keyboard, tablet mode and convertible form-factor UI	GAP-0287,INV-0776	GAP-0287 excludes these from 1.0 and INV-0776 names 'future tablet'; parked here so adaptive-form-factors is not stretched into them before 1.0.	UIP-058
UIP-@layer4-toolkit-stability	V1	docs	S	Declare Layer 4 UI toolkit evolution under semantic versioning	INV-1287	Layer 4 is the UI toolkit and app frameworks; UIP owns it. SDK remains Layer 3 only.	UIP-034
UIP-@locale-formatting-apis	V2	build	M	Provide locale-aware date, number, currency and collation APIs to native apps	GAP-0259	GAP-0259 typed formatting and collation APIs consumed by the toolkit and native apps; the translated-language set and percent gate are TXT's V4 localisation gate.	UIP-046
UIP-@multi-display-ui-handling	V2	build	M	Handle per-display scale and refresh changes and hot-plug without window loss	INV-0777,INV-0776	V2 exit 'two displays with different scale factors and refresh rates, hot-plug 100 times without window loss'; GFX owns the compositor side, UIP the surface migration and toolkit relayout.	UIP-047
UIP-@protocol-conformance-suite	V3	build	M	Publish UI protocol conformance suite for third-party toolkits and bridges		V3 gate 'public repo with third-party packages' means non-core toolkits talk the protocol; the suite is also the precondition for the V4 L2 version lock.	UIP-054
UIP-@protocol-core-idl	V0.5	build	L	Define UI protocol v0 IDL: surfaces, frames and Buffers over Channel	INV-0762,INV-0108	INV-0762 and INV-0108: the native protocol between applications and the compositor is a user-space service above Channel and MemoryObject; V0.5 exit requires a native app to open a window through it.	UIP-013
UIP-@protocol-non-goal-gate	V0.5	build	S	Add CI lint rejecting X11, Wayland and primary-selection concepts in native IDL	INV-0759,INV-0760,INV-1122,GAP-0277	Standing non-goals enforced once: the native UI protocol IDL and toolkit API may not reference X11 or Wayland objects, and primary selection is emulated only inside the Linux personality bridge (critique contradiction 9, decided once here).	UIP-014
UIP-@protocol-v1-freeze-candidate	V1	build	M	Publish UI protocol v1 as L2 freeze candidate with client compatibility suite	INV-0783	V1 exit 'SDK v1 with L2 evolution rules frozen'; critique: L1 not frozen before V4, L2 rules frozen at V1. Suite proves v0/v0.1 clients run on v1.	UIP-035
UIP-@protocol-v2-lock	V4	build	M	Lock UI protocol L2 version for 1.x and remove deprecated messages	INV-0783	V4 exit 'versioned Layer 2 interfaces locked for 1.x'; compatibility suite proves V1-era clients run on the locked version.	UIP-055
UIP-@protocol-versioning-v0-bump	V0.5	build	M	Version UI protocol under §12 rules and bump v0 to v0.1 with old clients running	INV-0783	INV-0783; V0.5 exit criterion 'interface versioning exercised end to end: UI protocol v0 bumped to v0.1 with an added optional method, old clients still run, regression test retained permanently'.	UIP-015
UIP-@rtl-layout-mirroring	V2	build	M	Implement right-to-left layout mirroring as a toolkit property	GAP-0259	GAP-0259: RTL mirroring is architectural and must land with the V2 localization framework, not as a translation later.	UIP-048
UIP-@semantic-actions-protocol	V1	build	M	Add semantic actions (activate, expand, scroll-to) to the a11y tree in protocol		§41 requirement 'semantic actions'; V2 exit 'screen reader prototype reads and activates every widget' and SEM's Terminal.run/Editor.open proof need actionable nodes on the tree emitted at V0.5.	UIP-036
UIP-@shell-surface-roles	V0.5	build	M	Add privileged shell surface roles to protocol v0 for panel and launcher		V0.5 demo 'cold boot to native desktop showing the four native applications' needs a minimal launcher; APP builds the shell, UIP provides the layer-surface roles gated by a shell Capability.	UIP-016
UIP-@shortcut-focus-model	V1	build	M	Implement shortcut and focus model forbidding global interception without Capability	INV-0787	INV-0787; test that a Component cannot register a global key grab and that focus follows the routing model.	UIP-037
UIP-@spike-protocol-shape	V0.5	spike	L	Prototype UI protocol as scene graph, client buffers and hybrid; measure	GAP-0516	GAP-0516: the protocol shape is nearly as permanent as the kernel ABI and gates the V0.5 transport ADR; measured latency, memory and toolkit ergonomics over Channel plus MemoryObject buffers must exist before the V0.5 adr. Started in V0 so the largest V0.5 body of new userspace code is not blocked on its own spike.	UIP-017
UIP-@study-declarative-models	V0.5	spike	M	Study Flutter, SwiftUI, Compose, Slint and Xilem declarative models	INV-0784	INV-0784 research study; per the critique non-V0 studies sit at V0.5. Report feeds decide-toolkit-architecture and toolkit-core.	UIP-018
UIP-@theming-system	V1	build	M	Build theming and styling system with tokens and runtime theme switch	INV-0785	INV-0785 theming and styling for native applications, the base the V2 appearance model builds on.	UIP-038
UIP-@threat-review-ui-protocol	V0.5	docs	S	Write UI protocol threat review: focus stealing, input injection, exfiltration		Critique ordering fix: threat analysis precedes the design it constrains. Feeds decide-input-routing-model, decide-clipboard-policy and ui-capability-definition, citing the SEC V0 threat model; clickjacking, focus stealing, synthetic input and screen-content leaks are the protocol's own threats.	UIP-019
UIP-@toolkit-core	V0.5	build	L	Build toolkit core: declarative element tree with retained render tree	INV-0763,INV-0764,INV-1181,INV-1287	INV-0763, INV-0764, INV-1181: declarative UI with retained-mode rendering sufficient for the four V0.5 demo applications.	UIP-020
UIP-@toolkit-focus-traversal	V1	build	M	Build keyboard focus traversal, focus ring and access keys across all widgets		V4 gate 'keyboard-only operation of the entire shell verified' and the V2 screen-reader prototype both need every toolkit widget reachable and activatable by keyboard; ACC owns the AT client, UIP the widget traversal.	UIP-039
UIP-@toolkit-gpu-renderer	V0.5	build	L	Build GPU renderer drawing toolkit render tree into MemoryObject Buffers	INV-0768	INV-0768 GPU rendering; V0.5 exit requires GPU-accelerated composition of application windows rendered into Buffers owned by the application.	UIP-021
UIP-@toolkit-layout-engine	V0.5	build	M	Build responsive layout engine with constraints and reflow on resize	INV-0767	INV-0767 responsive layout; the four apps must reflow on window resize in their scripted scenarios.	UIP-022
UIP-@toolkit-text-widgets	V0.5	build	M	Integrate TXT shaping into toolkit text display and editing widgets		V0.5 scope 'basic text' in the UI protocol and toolkit; TXT owns shaping and the glyph atlas service, UIP owns the text widget consuming them. Editor and Terminal cannot pass acceptance without it.	UIP-023
UIP-@toolkit-widgets-v0	V0.5	build	L	Build widget set sufficient for Terminal, File Browser, Editor and Viewer	INV-1181	INV-1181: buttons, lists, text fields, scroll views, menus, dialogs, splitters and image views needed by the four APP demo applications.	UIP-024
UIP-@touch-gestures	V2	build	M	Ship basic touchscreen and touchpad gestures in toolkit and routing	GAP-0287	GAP-0287 scope-in half: tap, scroll, pinch and swipe on the V2 target laptops' touchpads and touchscreens; HW owns libinput gesture recognition, UIP routing and widget handling.	UIP-049
UIP-@touch-pen-gamepad-events	V1	build	M	Add touch, pen and gamepad event types to the UI protocol	INV-0770	INV-0770 lists touch, pen and gamepad; the protocol surface must exist before the V1 L2 freeze-candidate review, and V2 gaming and target laptops consume it.	UIP-040
UIP-@ui-capability-definition	V0.5	build	M	Define Capability<UI> granted at launch: window creation without screen contents	INV-0213	INV-0213; V0.5 exit requires the Image Viewer to start with UI and GPU capabilities only, and a test that a UI-only Component cannot read screen contents.	UIP-025
UIP-@ui-stability-statement	1.0	docs	S	Publish UI protocol and toolkit API stability statement for 1.x	GAP-0287	1.0 exit 'ABI stability statement' and 'explicit non-promises listed': states the locked protocol version, toolkit semver policy, and that on-screen keyboard, tablet mode and convertible UI are not in 1.0 (GAP-0287 scope-out half).	UIP-057
UIP-@ui-test-driver	V1	build	M	Build UI test driver that scripts widgets through the a11y tree and actions		§41 'automation interfaces' at toolkit level; the V0.5 app acceptance scenarios, the V2 40-scenario desktop UX script and the V4 50-task a11y script all need a driver that is not GUI pixel automation.	UIP-041
UIP-@unified-dnd-clipboard-types	V2	build	L	Unify drag-and-drop and clipboard content types across native, Wayland and OLE	GAP-0276	GAP-0276; V2 exit requires Windows applications to use the native clipboard and file chooser, and drops grant a Capability to the dropped object in every personality.	UIP-050
UIP-@verify-v05-ui-gates	V0.5	build	S	Automate V0.5 UI gates: window, input, animation, clipboard denial, a11y dump		V0.5 exit criteria owned by UIP wired into CI on QEMU and the reference desktop so the gates are verified by tasks, not prose.	UIP-026
UIP-@verify-v1-ui-gates	V1	build	S	Automate V1 UI gates: L2 integration scoring and frame-time regression		V1 compatibility gate integration check (clipboard, scaling) and benchmark gate 'no regression greater than 10%' for bench-ui-frame-time on both V1 machines.	UIP-042
UIP-@verify-v2-ui-gates	V2	build	M	Automate V2 desktop UX script and appearance consistency on three machines		V2 exit '40-scenario desktop UX script on all three target machines with zero P0/P1 defects' driven through ui-test-driver; APP owns the shell scenarios, UIP the toolkit-level harness and theming consistency checks.	UIP-051
UIP-@widget-a11y-conformance	V4	build	M	Verify every shipped widget passes a11y metadata and keyboard conformance		V4 exit '50-task assistive-technology script completes 100%' and 'keyboard-only operation verified'; ACC runs the script, UIP fixes the widget-level defects it surfaces.	UIP-056
VIRT-@bench-guest-gpu	V3	benchmark	M	Publish guest GPU frame-time against host and Proton		§54/§57: no performance claim without a benchmark. V2 gaming gates already publish FPS vs Linux+Proton; the VM fallback needs the same published comparison on the path spike-guest-gpu selects. Harness reused by V4 passthrough. Publish-only at V3; no numeric target in the task.	VIRT-010
VIRT-@decide-fallback-product	V2	adr	M	Decide the fallback virtualization product and 1.0 scope	GAP-0443,GAP-0510	GAP-0443: personalities never cover 100% of software, and the 1.0 non-goal of kernel anti-cheat leaves the VM fallback as the only honest answer (§56.2, §69). Options must include a native KVM Component manager, a libvirt/virt-manager personality app, qemu launched with Capability-wrapped fds, and no host VM product. KRN-@adr-kvm-native-exposure owns kernel Capability<VirtualMachine>; WIN GAP-0510 owns whether the personality promise includes a VM fallback.	VIRT-002
VIRT-@decide-guest-window-depth	V2	adr	M	Decide guest-window integration depth and agent protocol	GAP-0445	GAP-0445 is listed at V4 but its rationale says seamless mode fixes the guest-agent protocol that guest tools must ship against; critique ordering puts decisions no later than dependents. Options: one virtio-gpu Surface per VM, per-application guest windows as native Surfaces with clipboard/drag/drop/chooser/notification bridging (§49), or single-display default with opt-in seamless. Pulled to V2 so linux-guest-tools and windows-guest-tools do not freeze a protocol by accident. GFX-@vm-guest-surfaces remains the compositor remote-Surface work at V3.	VIRT-003
VIRT-@guest-gpu-passthrough	V4	build	L	Implement SR-IOV and GPU passthrough for VM guests		Remaining GAP-0446 path after virtio-gpu: SR-IOV and full passthrough on the V4 multi-GPU/NVIDIA Tier 1 set, which is the 1.0 answer for GPU-bound software the Windows personality cannot run. Size L: IOMMU, VFIO and host GPU sharing with GFX/HW. Host driver stack stays Linux DRM; this is not a native GPU rewrite (§57).	VIRT-017
VIRT-@guest-gpu-virtio	V3	build	M	Implement virtio-gpu acceleration for Linux and Windows guests		Critique missing-workstream line names guest GPU as VIRT scope; V3 experimental gamers need a 3D path before VFIO passthrough. Builds the virtio-gpu Venus/virgl option spike-guest-gpu recommends. Not a native GPU stack (§56.1, §57).	VIRT-011
VIRT-@guest-ovmf-tpm	V2	build	M	Provide OVMF firmware and TPM emulation for Windows guests		1.0 VM fallback must run Windows 11 guests the personalities cannot, which need UEFI and TPM 2.0. Workstreams.md 1.0 feature scope of the GAP-0443 product. BLD GAP-0111 OVMF/TPM is the CI matrix for hosting JakeOS, not guest firmware inside the VM manager.	VIRT-004
VIRT-@guest-window-integration	V3	build	L	Bridge guest windows, clipboard, drag/drop and notifications	EXTRA-054	Remaining EXTRA-054 seamless path after V2 guest tools. Implements the GAP-0445 choice so guests meet §49 (taskbar, clipboard, chooser, notifications) instead of an obvious VM. V3 because GFX-@vm-guest-surfaces (INV-0746) lands then. Crosses UIP clipboard/drag/drop and GFX Surfaces; size L.	VIRT-012
VIRT-@host-access-grants	V2	build	M	Grant VM host access through inspectable Capabilities	GAP-0444	GAP-0444 invariant collapsed into an enforcing build: folders, devices, network and clipboard reach a guest only as granted Capabilities, each visible in os inspect with revoke taking effect on the next Operation. Collapses the ambient-authority constraint rather than a standalone rule task. USB/PCI passthrough uses these grants; GPU passthrough is a later task.	VIRT-005
VIRT-@linux-guest-tools	V2	build	M	Ship Linux guest tools for folders, clipboard and display	EXTRA-054,GAP-0448	EXTRA-054/GAP-0448: a fallback VM is unusable without shared folders, clipboard, time sync, display resize and a guest agent. Linux guests first, using the protocol chosen by decide-guest-window-depth. Per-window Surfaces stay in guest-window-integration. IPC-@vm-transport-prototype is native-guest-to-host Channels, not this agent.	VIRT-006
VIRT-@offer-vm-triage	V3	build	M	Offer the VM fallback from compatibility triage	EXTRA-056,GAP-0450,GAP-0510	EXTRA-056 and workstreams.md 'offer the VM' flow: when an ELF or PE fails under a Personality, the OS offers to run it in a granted VM. REL GAP-0450 owns the explanation text and public compatibility database; this task is the VM-offer action and handoff into the manager. Needed for V3 enthusiasts facing anti-cheat and other personality misses (§49).	VIRT-013
VIRT-@physical-win-guest	V4	build	L	Boot an existing Windows dual-boot partition as a VM guest		Implements spike-physical-win-guest if the report recommends a supported path; otherwise dropped with reason infeasible. 1.0 migration bridge from the GAP-0447 rationale and V3 dual-boot installer. INS owns partition layout; STO owns NTFS; VIRT owns attaching the volume as a VirtualMachine disk with TPM/BitLocker caveats recorded.	VIRT-018
VIRT-@publish-guest-images	V1	build	M	Publish JakeOS guest images for common hypervisors	EXTRA-055,GAP-0449	EXTRA-055 and workstreams.md give VIRT the JakeOS-as-guest image product so V1 developers can onboard without bare metal. Ships signed qcow2/vmdk/vhd/UTM artifacts for QEMU/KVM, VirtualBox, VMware, Hyper-V and UTM. INS GAP-0449 owns virtio, guest agent and dynamic resolution inside those guests; BLD/REL own the image builder and channel.	VIRT-001
VIRT-@spike-guest-gpu	V2	spike	M	Evaluate guest GPU paths for a VM gaming fallback	GAP-0446	GAP-0446 research: virtio-gpu Venus/virgl, SR-IOV and full passthrough with multi-GPU, plus viability for titles that keep a Windows partition. Jsonl says V4; pulled to V2 so guest-gpu-virtio (V3) and guest-gpu-passthrough (V4) have a report. No FPS number in prose; bench-guest-gpu publishes the comparison.	VIRT-007
VIRT-@spike-physical-win-guest	V3	spike	M	Evaluate booting a physical Windows partition as a VM	GAP-0447	GAP-0447: activation, TPM and BitLocker implications of attaching the dual-boot Windows partition as a guest. Jsonl says V4; pulled to V3 so it runs once the V3 installer dual-boot path exists and can inform physical-win-guest. Options the report must rule in or out: unsupported, hibernate-and-attach, and both-ways dual boot.	VIRT-014
VIRT-@verify-vm-fallback	1.0	build	S	Verify the VM fallback on Tier 1 without shipping Windows images	GAP-0448	1.0 completeness check for the VIRT product: manager, guest tools, triage offer and GPU path run on every Tier 1 machine; release artifacts contain no Windows ISO or key (GAP-0448). Anchors the workstream to the 1.0 compatibility-guide and anti-cheat-non-promise exits.	VIRT-020
VIRT-@vm-disk-snapshots	V4	build	M	Snapshot and clone VM disks via the content-addressed store		1.0 feature scope of the GAP-0443 product and workstreams.md VM manager: a broken guest must be restorable the same way a SystemGeneration is. STO owns CoW/snapshots; VIRT owns VM disk objects that snapshot, clone and roll back without a second storage model. Needed before 1.0, after the V2 manager exists.	VIRT-019
VIRT-@vm-fallback-guide	V3	docs	S	Publish the VM fallback chapter of the compatibility guide	GAP-0448	V3 documentation exit and 1.0 compatibility guide need an honest VM-fallback chapter: how to offer a VM, which guests are supported, and the GAP-0448 ban on redistributing Windows images or keys. DOC owns IDL→docs; VIRT owns this product chapter.	VIRT-015
VIRT-@vm-manager-component	V2	build	L	Implement the KVM VM manager as a capability-scoped Component	EXTRA-053,GAP-0444	EXTRA-053 is the V2 product: a KVM-based manager with typed VirtualMachine objects. GAP-0444 requires each VM to be a Component in a ResourceDomain (§10, §23) so virtualization does not reopen ambient authority (§9.1). Userspace only; depends on KRN-@kvm-virtual-machine-object. Out of scope: kernel KVM retention, nested-virt CI, IPC VM transport.	VIRT-008
VIRT-@vm-manager-ui	V3	build	M	Build the native VM manager UI with capability review		GAP-0443 product includes a native UI; V3 public-alpha strangers cannot be asked to drive VMs from a CLI. Create/start/stop, disk and firmware pickers, and review/deny of host-access Capability requests. APP owns shell/store/consent chrome; this UI is the VIRT product surface. V2 manager may be CLI-only.	VIRT-016
VIRT-@windows-guest-tools	V2	build	M	Ship Windows guest tools without redistributing Windows images	EXTRA-054,GAP-0448	GAP-0448 Windows half plus the licensing boundary: guest agent, virtio-win, clipboard, folders, time and display resize for user-supplied Windows ISOs. CI fails if a Windows image or license key is in tree or release artifacts. Same protocol as linux-guest-tools so the V2 agent is not Linux-only.	VIRT-009
WASM-@aot-wasm-artefacts	V1	build	M	AOT-compile Wasm Components into Package artefacts		§34 and PKG precompiled-artefact storage (INV-0633). WASM produces content-addressed AOT images so V1 plugin instantiation can use verified-once mapped pages. PKG stores; WASM compiles.	WASM-005
WASM-@automation-wasm-modules	V2	build	M	Host Wasm automation modules over typed Interface	INV-0269	§13/§45 first-class automation modules at V2 with the semantic-automation gate. SEM owns the rules ADR and registry; WASM hosts modules that hold only delegated Capability. Not an AI broker.	WASM-015
WASM-@bench-wasm-component	V1	benchmark	M	Measure Wasm instantiation and Channel round trip		V1 publish-only gate for B-047 (bench:wasm-component). Critique forbids benchmark gates without a harness. No numeric claim; targets live in the register.	WASM-006
WASM-@debug-wasm-guest	V3	build	M	Debug Wasm Components with source-level breakpoints		V3 TypeScript/Wasm SDK bindings (SDK) need a guest debug path. Native debugger is V1; this adds DWARF/name-section breaks inside a Wasm Component without exposing POSIX ptrace as a native API.	WASM-019
WASM-@decide-runtime	V1	adr	S	Decide the userspace Wasm runtime and host placement	INV-0275,GAP-0024	V1 gate: runtime ADR plus prototype. Chooses Wasmtime, Wasmer, WAMR or custom, and in-Component versus shared service. License forces userspace-only; in-kernel embed is rejected on GPLv2 incompatibility.	WASM-007
WASM-@decide-wasi-imports	V1	adr	S	Decide WASI imports bound to native Capability		V1 Channel prototype and capabilities-as-WASI-resources mapping need a Decision listing which WASI worlds bind to Capability (clocks, random, UserSelected, NetworkConnection) and which ambient Preview1 imports are forbidden.	WASM-008
WASM-@decide-wasm-role	V0	adr	S	Decide Wasm role versus native machine-code Components	INV-0264,INV-1119	V0 allows a Wasm ADR and V1 requires a Wasm-role Decision. Collapses the no-duplicate-WIT/WASI invariant and the do-not-force-every-app nongoal. Options must keep native machine code first-class and reject Wasm as the Native ABI.	WASM-001
WASM-@downloaded-components	V2	build	M	Instantiate downloaded Wasm Components from the store	INV-0270	§13 downloaded Components once the V2 store client and signed repository exist. Unsigned or undeclared-Capability modules are refused; grants match Package requested Capability. REL/APP own store UX; WASM instantiates.	WASM-016
WASM-@editor-plugin-sandbox	V1	build	M	Load a sandboxed Wasm plugin with declared Capability rights	INV-0266,INV-0267	V1 demo: Wasm plugin in the editor holding only declared Capability. Collapses plugins and sandboxed extensions. APP owns editor chrome; WASM owns the plugin host and denial tests.	WASM-009
WASM-@eval-runtimes	V0.5	spike	M	Evaluate userspace Wasm runtimes for host selection	GAP-0523	Spike must precede the V1 runtime Decision. Measures instantiation latency, footprint and Capability binding on Wasmtime, WAMR, Wasmer and a custom option. Not V0: hard cap and no integration yet.	WASM-003
WASM-@fuzz-wasm-host	V1	build	M	Fuzz the Wasm host ABI and Capability import table		The Wasm host is a trust boundary the moment the V1 prototype exists. Harness mutates WIT canonical ABI and import tables; panics and Capability forgeries fail closed. Feeds the V3 continuous-fuzzing gate.	WASM-010
WASM-@guest-memory-objects	V1	build	M	Transfer MemoryObjects into Wasm guest resources		§13 participation in the object ecosystem plus §16 ownership transfer. Large Channel payloads must move as MemoryObject resources rather than copies through linear memory. MEM owns MemoryObject; WASM maps the guest resource.	WASM-011
WASM-@host-portable-service	V2	build	M	Run portable services as supervised Wasm Components	INV-0268	§13 first-class portable services. A long-running Wasm Component is SVC-supervised with crash-rebind of Channel clients, matching the V0.5 compositor pattern. SVC owns supervision; WASM owns the service Component kind.	WASM-017
WASM-@host-userspace-runtime	V1	build	L	Host Wasm Components in userspace beside machine code	INV-0265	V1 scope: portable WebAssembly Components as a Component kind next to machine code. Instantiates from Package, charges ResourceDomain, maps traps to typed disconnect, and CI-rejects linking the runtime into the kernel.	WASM-012
WASM-@lock-host-interfaces	V4	build	M	Lock Wasm host Interface versions with a conformance suite		V4 Layer 2 versions locked. Wasm host imports are Layer 2, not Layer 1, so this is not an L1 freeze. Conformance suite proves binaries against the lock candidate still instantiate on later V4 builds.	WASM-022
WASM-@map-caps-channels	V1	build	M	Map WASI resources and WIT worlds onto Capability	INV-0274	V1 exit: a Wasm Component exchanges typed messages over Channel with a machine-code Component. Implements capabilities as WASI resources and WIT interfaces as Channel after IPC's IDL/WIT Decision.	WASM-013
WASM-@portable-cross-arch	V2	build	S	Ship architecture-independent Wasm Component Packages	INV-0271	§13 cross-architecture workloads as a portable format on every V2 x86-64 machine without per-arch native binaries. ARM64 native remains LATER; this does not port the kernel.	WASM-018
WASM-@publish-wasm-metrics	1.0	benchmark	S	Publish Wasm instantiation metrics against Linux Wasmtime		1.0 requires every §54 metric published versus Linux/Windows/macOS with no unmeasured claim. Re-runs B-047 on Tier 1 against the register baselines. Harness landed at V1.	WASM-024
WASM-@reproduce-wasm-aot	V4	build	S	Reproduce Wasm AOT artefacts bit-for-bit		V4 reproducible-builds gate applied to Wasm AOT images in Package. Two independent builders emit identical content-addressed artefacts for the same WIT world and module.	WASM-023
WASM-@specify-wasm-artefact	V0.5	docs	S	Specify Wasm Component artefact layout in Package		V0.5 Package format and the critique to reserve kind fields before the first immutable install. WASM names the Component-kind artefact (module, WIT world, requested Capability); PKG owns the manifest schema.	WASM-004
WASM-@study-component-model	V0	spike	M	Study Component Model and WASI as native-model inputs	INV-0263,INV-1141,INV-1142	V0 L1-informing spike in the FIDL class: WIT, resources, interface versioning and WASI capability interfaces feed the V0 IDL and Component Decisions. V0 scope-out bars Wasm integration beyond an ADR, not this study.	WASM-002
WASM-@versioned-wit-worlds	V1	build	M	Version WIT worlds across native Channel endpoints		V1 freezes Layer 2 evolution rules. Wasm Components must honor the same forward/backward Channel compatibility tests as machine-code endpoints so WIT is not a second versioning story. IPC owns the rules; WASM exercises them on the host.	WASM-014
WASM-@wasi-subset-conformance	V3	build	M	Publish WASI subset conformance for third-party Components		V3 public repository and third-party packages. A documented WASI/WIT subset with a runnable suite so external Wasm Components instantiate under the host import Decision.	WASM-020
WASM-@wasm-author-guide	V3	docs	S	Document Wasm Component authoring against native Interface		V3 documentation gate for strangers shipping packages. Layer 2/3 authoring guide for WIT worlds, Capability requests and Package artefacts. DOC owns L1 ABI pages; WASM owns this host guide.	WASM-021
WIN-@adopt-libraries	V3	build	L	Adopt existing Steam, Wine, Proton and Bottles libraries in place	GAP-0421	Detect Steam libraries, Wine prefixes, Proton compatdata and Bottles/Lutris configs on attached volumes and adopt them without re-download.	WIN-057
WIN-@anticheat-policy	V1	adr	S	Decide the kernel-level anti-cheat policy	INV-1073,GAP-0452	Critique: V1 anti-cheat adr. Options: refuse kernel-level anti-cheat; offer VIRT fallback; vendor engagement. Bypass is an explicit nongoal. Vendor contracts are anticheat-vendors at V3.	WIN-002
WIN-@anticheat-realities	V1	spike	M	Study kernel-level anti-cheat feasibility under the Capability model	INV-1072,GAP-0509	Critique pulls the anti-cheat study to V1 so the policy adr is not a V2 cliff. Per-vendor (EAC, BattlEye, kernel-mode) compatibility and which systems cannot work under capabilities.	WIN-003
WIN-@anticheat-vendors	V3	adr	S	Decide anti-cheat vendor engagement and required legal agreements	GAP-0027	EAC/BattlEye agreements and whether the project entity can sign them (GOV GAP-0040 is the entity). Options: no vendor deals in 1.0; userspace-only titles; pursue contracts. Does not relax anticheat-policy.	WIN-058
WIN-@audit-findings	V4	build	M	Close High and Critical Windows personality findings from the audit		V4 exit: external security audit of personalities; all High/Critical fixed and re-verified. WIN owns Windows personality findings.	WIN-073
WIN-@blocked-titles	V2	docs	S	Publish titles blocked by kernel-level anti-cheat as a nongoal	GAP-0452	Public list of games blocked by kernel-level anti-cheat; bypass remains a nongoal. V2 users judging the milestone by those titles need the honest page.	WIN-018
WIN-@casefold-view	V2	adr	S	Decide the case-insensitive view for Windows personality storage	GAP-0432	Case-insensitive, case-preserving semantics must not leak into native or Linux views. Options: Wine lookup; per-prefix overlay; filesystem casefold in the personality view only (STO personality-view-api).	WIN-019
WIN-@chooser-bridge	V2	build	M	Route Windows open and save dialogs through the native file chooser	INV-0927	Pulled from V3: V2 exit names the native file chooser. GetOpenFileName/IFileDialog return UserSelected capabilities, not ambient paths.	WIN-020
WIN-@clean-room-lint	V1	build	S	Lint the tree against the Windows personality clean-room policy	GAP-0025	Invariant collapsed to CI: fail the build on disassembly artefacts, leaked-source contributor markers, and bundled Microsoft fonts or unsigned redistributables.	WIN-004
WIN-@clean-room-policy	V1	adr	S	Decide a clean-room policy for the Windows personality	GAP-0025	Must precede Wine bring-up. Options: Wine's rules as-is; stricter contributor affidavits; allow per-prefix redistributables that EXTRA-029 needs versus a ban on all Microsoft binaries. Resolves the GAP-0025 versus EXTRA-029 tension.	WIN-005
WIN-@clipboard-bridge	V2	build	M	Bridge the Windows clipboard onto the native clipboard Capability	INV-0924	V2 exit: Windows applications use the native clipboard. UIP owns clipboard policy and unified types; WIN implements the Wine/OLE side.	WIN-021
WIN-@com-runtime	V2	build	M	Provide COM and OLE for W1 productivity applications		W1 corpus includes 15 productivity applications that require COM/OLE (Office-class, installers, shell links). Wine COM enabled inside the prefix, not as a native API.	WIN-022
WIN-@compat-guide	1.0	docs	M	Write the Windows personality chapters of the compatibility guide		1.0 documentation gate: compatibility guide complete. DOC owns the book; WIN authors Windows personality chapters, W3 how-to and the unsupported matrix.	WIN-081
WIN-@desktop-input	V2	build	M	Deliver native keyboard, mouse and pointer input to Windows applications	INV-0928	§49 native input through the personality. Gamepad/XInput is xinput-dinput; this task is HID keyboard/mouse/pointer and focus.	WIN-023
WIN-@desktop-integration	V2	build	M	Integrate Windows applications into the native desktop chrome	INV-1224	§62 Windows applications on the native desktop. APP owns taskbar/launcher (INV-0921/0922); WIN supplies window identity, PE icons and no-separate-desktop chrome.	WIN-024
WIN-@dpapi-bridge	V2	build	M	Map Credential Manager and DPAPI onto the native secrets service		W1 games and productivity store credentials via DPAPI. LNX GAP-0224 names the shim; WIN implements the Wine Credential Manager/DPAPI path with per-application scoping.	WIN-025
WIN-@drm-policy	V3	docs	S	Publish a no-circumvention DRM and anti-tamper policy	GAP-0026	Compatibility work never circumvents DRM or anti-tamper; documents DMCA 1201 and EU equivalent exposure before public alpha gaming claims.	WIN-059
WIN-@dxvk-d3d	V2	build	M	Integrate DXVK for Direct3D 9, 10 and 11 translation	INV-0098,INV-0897,INV-0904,INV-1070	§48/§56.2 D3D9/10/11 via DXVK onto native graphics abstractions (GFX RenderQueue). VKD3D is a separate task.	WIN-026
WIN-@exe-launch	V2	build	M	Launch a .exe by double-click as a normal application window	INV-0917,INV-0916	V2 exit and demo: double-click .exe, native chrome, no intermediate UI, no wizard. APP owns which formats are openable (INV-0930) and taskbar/launcher entries.	WIN-027
WIN-@filesystem-layer	V2	build	L	Translate Windows filesystem semantics onto native storage	INV-0099,INV-0896,INV-0902,GAP-0432	§48 FS path: case-insensitivity, drive letters, share/lock, path length, confined to the personality view. Implements casefold-view; STO owns the view API.	WIN-028
WIN-@gaming-poc	V2	build	M	Run ten Gold W1 titles with HDR or VRR and gamepad input	INV-1225,INV-1111,INV-0906	V2 gaming proof-of-concept and demo. Named titles; FPS published by BEN B-027 against Linux+Proton on the same hardware, no superiority claim.	WIN-029
WIN-@gpu-corpus-ci	V2	build	M	Run Wine tests and the W1 smoke Corpus on GPU lab machines	GAP-0117,INV-0912	Wine conformance plus curated Windows app/game smoke corpus on GPU-equipped lab machines nightly. V1 wine-test-ci is CPU/QEMU only.	WIN-030
WIN-@gpu-present	V2	build	L	Wire Vulkan present, explicit sync and fullscreen scanout	INV-1078,INV-0926	§56.2 GPU integration: Vulkan device access, explicit synchronisation, present timing, fullscreen/direct scanout. Consumes GFX immediate-presentation and personality GPU path.	WIN-031
WIN-@hdr-passthrough	V2	build	M	Pass HDR metadata from DXVK and VKD3D to the native Surface	INV-1076,INV-0913	V2 gate: at least 10 Gold W1 titles exercise HDR or VRR. Consumes GFX-@hdr-surfaces-for-personalities.	WIN-032
WIN-@imm32-bridge	V3	build	M	Bridge Wine IMM32 and TSF onto the native input-method host		V4 CJK gate requires IME in compatibility windows. LNX GAP-0255 names the Wine IMM32/TSF path; WIN implements it so one IME types into every window.	WIN-060
WIN-@installer-apps	V3	build	M	Register prefix installers as launcher-visible installed applications	INV-0931	Implements installer-model: setup.exe that writes a prefix becomes a launcher entry and a system-history event. APP consumes the entries.	WIN-061
WIN-@installer-model	V2	adr	S	Decide how prefix installers become installed applications	INV-0931	Question: setup.exe writing into a prefix versus launcher and system history. Options: treat the prefix as the app; scan Start Menu links after install; require a native manifest wrapper. Needed before V3 installer-apps.	WIN-033
WIN-@integration-hold	1.0	build	S	Hold launcher, clipboard, audio, chooser and input integration		1.0 gate: integration requirements hold for every passing Windows entry (launcher, taskbar, notifications, clipboard, audio, file chooser, input, scaling, accessibility where the toolkit exposes it).	WIN-082
WIN-@lockdown-integrity	V3	spike	M	Research measured-boot integrity as an anti-cheat vendor signal	GAP-0242	Whether measured boot and kernel lockdown can substitute for anti-cheat kernel drivers. Honest input to gaming claims; lockdown makes those drivers impossible.	WIN-062
WIN-@minidump-bridge	V3	build	S	Capture Windows application crashes as native crash records		V3 crash-reporting gate. OBS owns capture format; WIN maps Wine/Windows crashes (including minidump-shaped payloads) onto that format with prefix identity.	WIN-063
WIN-@nt-objects	V2	build	M	Map NT objects and handles onto native Objects and Capabilities	INV-0095,INV-0097,INV-0898	§3 NT objects and Windows handles; §48 Objects path. Implements nt-semantics; native software never sees NT handles (§3 firewall).	WIN-034
WIN-@nt-semantics	V2	adr	M	Decide NT object-manager, async I/O, descriptor and section fidelity	INV-0901	§48 ADR: which NT semantics are emulated and to what fidelity. ABI-@spike-nt-object-manager is input. Options: Wine's current NT layer; a documented subset; a native Object mapping per type.	WIN-035
WIN-@object-mapping	V2	adr	M	Decide how Wine and Proton map onto native Objects	INV-0895,INV-1331	V2 exit requires this architecture ADR. Options: Wine stays on Linux-personality syscalls with native UX chrome; unixlib replaced by Native ABI bindings; hybrid graphics/input native. Depends on wine-hosting.	WIN-036
WIN-@ole-drop	V2	build	M	Bridge OLE drag-and-drop onto native Capability-granting drops		V2 gate uses native clipboard and file chooser; UIP-@unified-dnd-clipboard-types (GAP-0276) needs the Wine OLE side so a native drop grants a Capability, not a path.	WIN-037
WIN-@pe-failure-reason	V3	build	S	Emit typed failure reasons when a PE binary cannot run		REL GAP-0450 triage flow needs a personality-authored reason (anti-cheat, architecture, missing runtime) so a failed double-click is not silent. WIN owns the reason; REL owns the UX.	WIN-064
WIN-@pe-loader	V2	build	M	Load PE executables and DLLs inside the Windows personality	INV-0899	§48 PE loading (EXE and DLL) for W1. Userspace only per userspace-emulation; fuzzed by pe-loader-fuzz.	WIN-038
WIN-@pe-loader-fuzz	V2	build	S	Fuzz the PE loader without panic on malformed images		V4 external audit of personalities needs a seasoned PE-parse fuzz target before V3 continuous fuzzing. Userspace loader only.	WIN-039
WIN-@personality-scope	V0	adr	S	Accept the Windows personality scoping decision	EXTRA-039,INV-0012,INV-0918,INV-0919,INV-0920,INV-1068	Hard cap: the only V0 Windows deliverable. Records Wine/Proton as the starting point, not a clone; forbids obvious VM, separate desktop and ordinary-case wizard; tracks gaming as a major staffed objective (§3, §48, §49, §56.2).	WIN-001
WIN-@personality-threats	V3	docs	S	Write the Windows personality threat addendum for the external audit		V4 external security audit of personalities. SEC owns the V0 threat model; WIN documents prefix isolation, PE parsing, GPU/CPU side channels and the §3 firewall for the auditor.	WIN-065
WIN-@prefix-isolation	V2	build	L	Isolate each Windows application in its own Component and prefix	INV-0908,INV-0909,GAP-0232	Per-application Wine prefix plus immutable Wine Packages and mutable prefix state; compatibility-default Capability set so one compromised game cannot read another app's files or credentials. PKG-@wine-prefix-packaging is the store layout.	WIN-040
WIN-@prefix-lifecycle	V3	build	M	Bound Windows services, tasks and autostart to Component lifecycle	EXTRA-030	Windows background services, scheduled tasks and autostart entries live inside a prefix and die with the owning Component; no user-wide svchost.	WIN-066
WIN-@process-semantics	V2	build	M	Provide Windows process, thread, inheritance and job semantics	INV-0096,INV-0905	§3/§48 CreateProcess, threads, handle inheritance, job objects. CMP-@decide-personality-process-mapping decides Component mapping; TSK owns Task mapping.	WIN-041
WIN-@proton-compat-db	V3	build	M	Ship a Proton-style per-application compatibility database	INV-0910	§48 per-game/per-app compatibility configuration database consumed by launch and surfaced in UI; feeds REL's public corpus.	WIN-067
WIN-@ratings-export	V4	build	S	Export Corpus ratings in machine-readable form for third parties		V4 gate: compatibility corpora and results published in machine-readable form; pass rates reproducible with published scenario scripts.	WIN-074
WIN-@redistributables	V2	build	M	Package Windows runtime redistributables as prefix dependencies	EXTRA-029	VC++ runtimes, .NET, WebView2, legacy DirectX as per-prefix Packages, not runtime downloads. Contents limited by clean-room-policy (wine-mono/gecko versus Microsoft bits).	WIN-042
WIN-@registry-emulation	V2	build	M	Emulate the registry in per-application prefix storage	INV-0100,INV-0903	§3 registry semantics; §48 per-application mutable prefix storage. Shared user-wide registry is forbidden by GAP-0232.	WIN-043
WIN-@reproducible-wine	V4	build	M	Reproduce Wine, DXVK and VKD3D-Proton builds bit-for-bit		V4 reproducible-builds gate includes personality runtimes. BLD owns the verifier; WIN makes Wine/DXVK/VKD3D Packages reproduce on two builders.	WIN-075
WIN-@runtime-pinning-ui	V2	build	S	Surface Wine and Proton version pinning in native UI	EXTRA-031	PKG-@personality-runtime-pinning owns multi-version Packages; WIN surfaces per-application Wine/Proton pin in native UI for W1 titles.	WIN-044
WIN-@scaling-dpi	V2	build	M	Apply native per-display scaling to Windows personality Surfaces	INV-0926	V2 W1 integration check scores scaling. Win32 DPI awareness mapped onto native per-display and fractional scale; GFX owns the Display, WIN owns the personality.	WIN-045
WIN-@steam-proton-launch	V2	build	M	Launch Steam Proton titles through the Windows personality		V2 gaming PoC: Steam client stays LNX (EXTRA-027); WIN launches the Proton prefix for W1 Steam titles so they are Windows personality Components, not an obvious extra desktop.	WIN-046
WIN-@surface-freeze	V4	docs	S	Record the Windows personality feature freeze for 1.x		V4 feature freeze after RC1. Documents the Win32/NT subset, Wine/Proton versions and nongoals that 1.0 will support; not an L1 freeze.	WIN-076
WIN-@title-harness	V1	build	M	Build the per-title Windows scenario harness	EXTRA-069	Critique: per-title scenario harness at V1 so V2 W1 runs are mechanical. Emits rating, integration checks and artefacts BEN's B-027 harness consumes.	WIN-006
WIN-@title-reports	V3	docs	M	Publish per-title W2 reports with the public rating scale	INV-1246	V3 gate: a public per-title report with the rating scale. REL GAP-0366/0451 own the community database; WIN authors the W2 results.	WIN-068
WIN-@toast-bridge	V2	build	M	Map Windows toast and balloon notifications onto the native service	INV-0923	Pulled from V3: V2 W1 integration check scores notifications. LNX GAP-0273 is the Linux half; WIN implements the Wine toast path with per-app grants.	WIN-047
WIN-@unsupported-matrix	1.0	docs	S	Publish the unsupported-title statement for anti-cheat and DRM		1.0 compatibility gate: published statement of what is not supported (kernel-level anti-cheat, vendor DRM, Broken titles with reasons).	WIN-083
WIN-@upstream-wine-policy	V1	docs	S	Publish an upstream-first policy for Wine, Proton, DXVK and VKD3D	GAP-0028	No long-lived Wine fork; patches go upstream first; LGPL corresponding-source for every modified Wine build shipped. Needed before V1 CI packages Wine.	WIN-007
WIN-@userspace-emulation	V1	adr	S	Decide that Win32 emulation stays in userspace	GAP-0084	Answers whether NT-object or PE-loading emulation in the GPLv2 kernel conflicts with LGPL Wine. Options: all Win32/NT/PE in userspace; PE loader in-kernel; NT objects in-kernel. Constrains architecture before bring-up.	WIN-008
WIN-@verify-1-0	1.0	build	S	Verify 1.0 W3 thresholds and the working-day Windows game demo		1.0 demos: coverage proof (W3 dashboard) and a full working day including a Windows game with HDR and VRR.	WIN-084
WIN-@verify-v2-ux	V2	build	S	Verify the V2 double-click .exe demo on a target machine		V2 demo: double-click a Windows .exe from the file browser; native chrome, native file chooser, task switcher; no separate desktop or wizard.	WIN-048
WIN-@verify-v3	V3	build	S	Verify V3 W2 thresholds and the Windows game-on-laptop demo		V3 demo: Windows game and Linux IDE on the AMD laptop, on battery, with Bluetooth headset. Wires w2-gate evidence to the milestone demo.	WIN-069
WIN-@verify-v4	V4	build	S	Verify V4 W3 thresholds and Gold-hold on the beta fleet		V4 compatibility gates wired to verifying tasks: W3 thresholds, W2 Gold-hold, machine-readable export.	WIN-077
WIN-@vkd3d-d3d12	V2	build	M	Integrate VKD3D-Proton for Direct3D 12 translation	INV-1071,INV-0904	§56.2 D3D12 via VKD3D-Proton. Split from DXVK so D3D12 regressions do not block D3D11 W1 titles.	WIN-049
WIN-@vrr-passthrough	V2	build	M	Schedule Windows personality frames onto compositor VRR	INV-1077,INV-0913	V2 gaming PoC and W1 Gold HDR/VRR exercise. Frame scheduling stays in GFX; WIN presents on the VRR path.	WIN-050
WIN-@w1-corpus	V1	docs	M	Define the W1 Corpus and rating scale	EXTRA-069	Critique: define W1 before the V2 gate. 50 titles (35 games without kernel-level anti-cheat, 15 productivity) with Platinum/Gold/Silver/Bronze/Broken scenarios in registers/corpora.md.	WIN-009
WIN-@w1-gate	V2	build	L	Run the W1 Corpus to the V2 Gold and Silver thresholds	INV-0906,INV-1111	V2 compatibility gate: 50 titles, ≥50% Gold, ≥70% Silver, integration checks (taskbar, launcher, notifications, clipboard, audio, file chooser, gamepad). BEN publishes B-027; WIN records ratings.	WIN-051
WIN-@w2-corpus	V3	docs	M	Define the W2 Corpus of 150 titles and scenario scripts		V3 compatibility gate: windows-W2.md, 150 titles (110 games without kernel anti-cheat, 40 applications).	WIN-070
WIN-@w2-gate	V3	build	L	Run the W2 Corpus to the V3 Gold and Silver thresholds	INV-1246	V3 gate: ≥60% Gold, ≥80% Silver; meaningful Windows compatibility. BEN re-measures B-027 on W2 Gold titles.	WIN-071
WIN-@w2-gold-hold	V4	build	S	Hold zero Gold-to-lower regressions on W2 entries versus V3		V4 compatibility gate: zero Gold-to-lower regressions on W2 entries versus V3.	WIN-078
WIN-@w2-passthrough	V3	build	M	Extend input, audio, HDR and VRR passthrough across the W2 Corpus	INV-0913	V2 built the paths for the PoC; V3 W2 Gold titles must exercise them. INV-0913 completeness at public-alpha quality.	WIN-072
WIN-@w3-corpus	V4	docs	M	Define the W3 Corpus of 300 titles and scenario scripts		V4 compatibility gate: windows-W3.md, 300 titles (220 games without kernel anti-cheat, 80 applications).	WIN-079
WIN-@w3-gate	V4	build	L	Run the W3 Corpus to the V4 Gold and Silver thresholds		V4 gate: ≥70% Gold, ≥85% Silver, per-title public reports, third-party-reproducible scenario scripts.	WIN-080
WIN-@w3-hold	1.0	build	M	Hold W3 Gold and Silver thresholds with zero V4 Gold regressions		1.0 compatibility gate: W3 ≥70% Gold and ≥85% Silver on Tier 1; zero Gold-to-lower versus V4. BEN republishes B-027.	WIN-085
WIN-@wasapi-xaudio	V2	build	M	Map WASAPI and XAudio2 onto native low-latency audio Objects	INV-1075,INV-0913	§56.2 gaming audio. AUD owns INV-0925 and native objects; WIN maps WASAPI/XAudio2. No latency number in prose; AUD/BEN publish B-028.	WIN-052
WIN-@win32-32bit	V1	adr	S	Decide 32-bit Win32 support and WoW64 requirements	GAP-0507,INV-0914	Critique: V1 32-bit adr. Win32/WoW64 only; kernel ia32 retention is LNX EXTRA-028. Options: 32-bit Win32 in 1.0; 64-bit-only; 32-bit via VIRT fallback.	WIN-010
WIN-@win32-api-survey	V1	spike	S	Survey Win32 APIs required by the W1 productivity set		Critique W1 definition: 15 productivity applications. Report lists APIs, COM, installers and runtimes the V2 win32-surface and redistributables tasks must enable.	WIN-011
WIN-@win32-surface	V2	build	L	Expose the Win32 API surface required by the W1 Corpus	INV-0094,INV-0900	§3/§48 Win32 for Windows applications. Enable Wine's Win32 for W1; not a clean-room reimplementation (INV-0894).	WIN-053
WIN-@wine-ci-packages	V1	build	M	Package Wine and Proton runtimes as immutable Packages for CI		Critique V1 Wine-on-LNX bring-up needs content-addressed Wine/Proton Packages. PKG owns INV-0541 and wine-prefix-packaging; WIN produces the runtime Packages CI installs.	WIN-012
WIN-@wine-hosting	V1	adr	M	Decide whether Wine hosts on the Linux personality or the Native ABI	GAP-0508,INV-0907	Critique: V1 non-gated architecture adr. Options: Wine over the Linux personality; Wine ported onto the Native ABI; hybrid (graphics and input native, remainder on Linux). Depends on wine-hosting-overhead.	WIN-013
WIN-@wine-hosting-overhead	V1	spike	M	Measure Wine-on-Linux-personality translation overhead	GAP-0508	Feeds the hosting adr. Runs a fixed game set under Wine on the Linux personality and estimates native-ABI port cost; publish-only, no superiority claim (B-027 is BEN).	WIN-014
WIN-@wine-on-lnx	V1	build	L	Bring Wine up on the Linux personality	EXTRA-069,INV-0894	Critique: V1 non-gated Wine-on-LNX bring-up. A PE binary starts under Wine hosted by the Linux personality; no V1 pass-rate gate.	WIN-015
WIN-@wine-proton-core	V2	build	L	Integrate Wine and Proton as the Windows personality core	INV-0005,INV-0106,INV-0894,INV-1069,INV-1331	V2 scope: Win32/NT via Wine/Proton-derived layer as a product, not a V1 feasibility spike. Native software still sees no Win32 (§3).	WIN-054
WIN-@wine-suite-report	V1	docs	S	Publish the V1 Wine test-suite feasibility report		V1 compatibility gate: a feasibility report on running Wine's test suite under the Linux personality, with no pass-rate gate.	WIN-016
WIN-@wine-test-suite-ci	V1	build	M	Run the Wine test suite in CI as a non-gated V1 bring-up signal	INV-0912,EXTRA-069	Critique: Wine bring-up and Wine tests are non-gated at V1; W1 gates start at V2. WIN owns the suite; BLD hosts runners.	WIN-017
WIN-@wow64-runtime	V2	build	M	Enable 32-bit Win32 binaries under the Windows personality	GAP-0507,INV-0914	Implements win32-32bit. Many W1 games are 32-bit; depends on LNX ia32 retention. Dropped if the adr chooses 64-bit-only.	WIN-055
WIN-@xinput-dinput	V2	build	M	Map XInput, DirectInput, raw input and force feedback	INV-1074,INV-0913	V2 gaming PoC requires gamepad input. HW owns devices; WIN maps XInput/DirectInput/raw/FF onto native input objects.	WIN-056
ABI-@spike-error-model	V0	spike	S	Prototype typed kernel-boundary errors without errno		V0-G20 cites this spike so S-004 has an Explores task before freeze.	ABI-020
ABI-@spike-version-negotiation	V0	spike	S	Prototype Layer 1 version and feature handshake		V0-G20 cites this spike so S-011 has an Explores task before freeze.	ABI-021
ABI-@freeze-l1-surfaces	V4	build	M	Freeze Layer 1 entry, error and version-negotiation surfaces		V4-G01 freeze of S-002, S-004 and S-011.	ABI-051
OBS-@spike-inspect-trace-shape	V0.5	spike	S	Prototype inspect and trace Layer 2 Interface shape		V0.5-G20 cites this spike so S-035 has an Explores task.	OBS-023
OBS-@trace-abi-conformance-suite	V4	build	M	Ship Layer 1 tracing-event conformance for the freeze		V4-G01 freeze of S-010.	OBS-054
MED-@spike-media-interface-shape	V1	spike	M	Prototype decoder, encoder, Camera and Frame Interfaces		V1-G20 cites this spike so S-036 has an Explores task.	MED-010
ENV-@spike-environment-yaml-shape	V1	spike	S	Prototype environment.yaml versus Package-manifest profiles		V1-G20 cites this spike so S-021 has an Explores task.	ENV-021
STO-@spike-storage-interface-shape	V0.5	spike	M	Prototype File, Directory and UserSelected Interfaces		V0.5-G20 cites this spike so S-027 has an Explores task.	STO-027
SDK-@spike-sdk-crate-api	V0.5	spike	M	Prototype the SDK v1 crate surface used by daily-driving apps		V0.5-G20 cites this spike so S-031 has an Explores task.	SDK-031
SDK-@decide-sdk-v1-surface	V1	adr	S	Decide the SDK v1 crate API freeze candidate		V1 freeze candidate S-031 requires an adr before SDK-@freeze-sdk-v1-crate-api.	SDK-055
SDK-@freeze-sdk-v1-crate-api	V1	build	S	Freeze the SDK v1 crate API candidate		V1-G03 and V1-G20 cite this freeze of S-031.	SDK-057
IPC-@freeze-l2-evolution-rules	V1	build	S	Freeze Layer 2 Interface-evolution rules for SDK v1		V1-G20 freeze of S-014.	IPC-046
ACC-@freeze-a11y-tree-model	V4	build	S	Freeze the accessibility tree model		V4-G02 freeze of S-017.	ACC-035
BLD-@demo-self-host-cycle	V1	build	M	Demonstrate clone, edit, build, install, reboot and rollback on the OS		V1-D01 verifying task.	BLD-040
LNX-@adr-sandbox-primitives	V1	adr	S	Decide retention and exposure of seccomp, user namespaces, overlayfs and FUSE		V1-G08 cites this adr before LNX-@verify-sandbox-primitives.	LNX-021
BOOT-@tpm-event-log-generation	V3	build	M	Record SystemGeneration identity in the TPM event log		V3-G07 measured-boot generation identity.	BOOT-045
GOV-@exit-review-v0	V0	docs	S	Record the V0 exit review		V0-G20 process roll-up.	GOV-008
GOV-@exit-review-v0-5	V0.5	docs	S	Record the V0.5 exit review		V0.5-G20 process roll-up.	GOV-018
GOV-@exit-review-v1	V1	docs	S	Record the V1 exit review		V1-G20 process roll-up.	GOV-038
GOV-@exit-review-v2	V2	docs	S	Record the V2 exit review		V2-G20 process roll-up.	GOV-048
GOV-@exit-review-v3	V3	docs	S	Record the V3 exit review		V3-G20 process roll-up.	GOV-069
GOV-@exit-review-v4	V4	docs	S	Record the V4 exit review		V4-G20 process roll-up.	GOV-077
GOV-@exit-review-1-0	1.0	docs	S	Record the 1.0 exit review		1.0-G20 process roll-up.	GOV-084
